ーちゃんばあちゃん,1345,1345,8000,名詞,一般,*,*,*,*,ーちゃんばあちゃん,チャンバアチャン,チャンバアチャン,5/6,*,ち[ヤんばあち]ヤん
にしやまのりこ,1349,1349,8000,名詞,固有名詞,人名,一般,*,*,にしやまのりこ,ニシヤマノリコ,ニシヤマノリコ,6/7,*,に[しやま[の]りこ
にしやまぐて,1353,1353,8000,名詞,固有名詞,地域,一般,*,*,にしやまぐて,ニシヤマグテ,ニシヤマグテ,0/6,*,に[しやまぐて
にしもない,1353,1353,8000,名詞,固有名詞,地域,一般,*,*,にしもない,ニシモナイ,ニシモナイ,3/5,*,に[しも]ない
にしむらかえ,1349,1349,8000,名詞,固有名詞,人名,一般,*,*,にしむらかえ,ニシムラカエ,ニシムラカエ,4/6,*,に[しむら]かえ
にしむらあつこ,1349,1349,8000,名詞,固有名詞,人名,一般,*,*,にしむらあつこ,ニシムラアツコ,ニシムラアツコ,5/7,*,に[しむらあ]つこ
にしはま,1350,1350,8000,名詞,固有名詞,人名,姓,*,*,にしはま,ニシハマ,ニシハマ,0/4,*,に[しはま
にざえもん,1351,1351,8000,名詞,固有名詞,人名,名,*,*,にざえもん,ニザエモン,ニザエモン,3/5,*,に[ざえ]もん
にご,1349,1349,10000,名詞,固有名詞,人名,一般,*,*,にご,ニゴ,ニゴ,1/2,*,に]ご
にこりさん,1345,1345,8000,名詞,一般,*,*,*,*,にこりさん,ニコリサン,ニコリサン,0/5,*,に[こりさん
にこやかさ,1345,1345,8000,名詞,一般,*,*,*,*,にこやかさ,ニコヤカサ,ニコヤカサ,0/5,*,に[こやかさ
にがいふち,1345,1345,8000,名詞,一般,*,*,*,*,にがいふち,ニガイフチ,ニガイフチ,0/5,*,に[がいふち
にうめん,1345,1345,8000,名詞,一般,*,*,*,*,にうめん,ニウメン,ニウメン,0/4,*,に[うめん
にあさん,1349,1349,8000,名詞,固有名詞,人名,一般,*,*,にあさん,ニアサン,ニアサン,2/4,*,に[あ]さん
なーちゃん,1349,1349,8000,名詞,固有名詞,人名,一般,*,*,なーちゃん,ナアチャン,ナアチャン,2/4,*,な[あち]ヤん
なんぶ,1348,1348,8000,名詞,固有名詞,一般,*,*,*,なんぶ,ナンブ,ナンブ,0/3,*,な[んぶ
なるみさん,1351,1351,8000,名詞,固有名詞,人名,名,*,*,なるみさん,ナルミサン,ナルミサン,3/5,*,な[るみ]さん
なるちゃん,1345,1345,8000,名詞,一般,*,*,*,*,なるちゃん,ナルチャン,ナルチャン,2/4,*,な[るち]ヤん
ならしげ,1351,1351,8000,名詞,固有名詞,人名,名,*,*,ならしげ,ナラシゲ,ナラシゲ,2/4,*,な[ら]しげ
なみちどり,1349,1349,8000,名詞,固有名詞,人名,一般,*,*,なみちどり,ナミチドリ,ナミチドリ,3/5,*,な[みち]どり
なみこちゃん,1351,1351,8000,名詞,固有名詞,人名,名,*,*,なみこちゃん,ナミコチャン,ナミコチャン,3/5,*,な[みこち]ヤん
なみこ,1351,1351,8500,名詞,固有名詞,人名,名,*,*,なみこ,ナミコ,ナミコ,1/3,*,な]みこ
なまはく,1345,1345,8000,名詞,一般,*,*,*,*,なまはく,ナマハク,ナマハク,0/4,*,な[まはく
なは,1353,1353,10000,名詞,固有名詞,地域,一般,*,*,なは,ナハ,ナハ,1/2,*,な]は
なのはさん,1345,1345,8000,名詞,一般,*,*,*,*,なのはさん,ナノハサン,ナノハサン,3/5,*,な[のは]さん
なのは,1351,1351,8500,名詞,固有名詞,人名,名,*,*,なのは,ナノハ,ナノハ,0/3,*,な[のは
ななやん,1351,1351,8000,名詞,固有名詞,人名,名,*,*,ななやん,ナナヤン,ナナヤン,2/4,*,な[な]やん
ななこさん,1351,1351,8000,名詞,固有名詞,人名,名,*,*,ななこさん,ナナコサン,ナナコサン,3/5,*,な[なこ]さん
なな,1345,1345,10000,名詞,一般,*,*,*,*,なな,ナナ,ナナ,1/2,*,な]な
なで,1353,1353,10000,名詞,固有名詞,地域,一般,*,*,なで,ナデ,ナデ,1/2,*,な]で
なつきさん,1351,1351,8000,名詞,固有名詞,人名,名,*,*,なつきさん,ナツキサン,ナツキサン,3/5,*,な[つき]さん
なっと,1345,1345,8000,名詞,一般,*,*,*,*,なっと,ナット,ナット,1/3,*,な]っと
なっちゃんさん,1345,1345,8000,名詞,一般,*,*,*,*,なっちゃんさん,ナッチャンサン,ナッチャンサン,4/6,*,な[っちヤん]さん
なしくて,1353,1353,8000,名詞,固有名詞,地域,一般,*,*,なしくて,ナシクテ,ナシクテ,0/4,*,な[しくて
なぎさちゃん,1351,1351,8000,名詞,固有名詞,人名,名,*,*,なぎさちゃん,ナギサチャン,ナギサチャン,3/5,*,な[ぎさち]ヤん
なきじんぐすく,1345,1345,8000,名詞,一般,*,*,*,*,なきじんぐすく,ナキジングスク,ナキジングスク,5/7,*,な[きじんぐ]すく
ながみや,1349,1349,8000,名詞,固有名詞,人名,一般,*,*,ながみや,ナガミヤ,ナガミヤ,2/4,*,な[が]みや
ながともけいすけ,1349,1349,8000,名詞,固有名詞,人名,一般,*,*,ながともけいすけ,ナガトモケイスケ,ナガトモケイスケ,6/8,*,な[がともけい]すけ
ながせゆみ,1349,1349,8000,名詞,固有名詞,人名,一般,*,*,ながせゆみ,ナガセユミ,ナガセユミ,3/5,*,な[がせ]ゆみ
ながせ,1350,1350,8500,名詞,固有名詞,人名,姓,*,*,ながせ,ナガセ,ナガセ,1/3,*,な]がせ
なかやんさん,1349,1349,8000,名詞,固有名詞,人名,一般,*,*,なかやんさん,ナカヤンサン,ナカヤンサン,4/6,*,な[かやん]さん
なかむらふく,1349,1349,8000,名詞,固有名詞,人名,一般,*,*,なかむらふく,ナカムラフク,ナカムラフク,0/6,*,な[かむらふく
なかむらなかぞう,1349,1349,8000,名詞,固有名詞,人名,一般,*,*,なかむらなかぞう,ナカムラナカゾウ,ナカムラナカゾウ,6/8,*,な[かむらなか]ぞう
なかむらしどう,1349,1349,8000,名詞,固有名詞,人名,一般,*,*,なかむらしどう,ナカムラシドウ,ナカムラシドウ,5/7,*,な[かむらし]どう
なかむらけん,1349,1349,8000,名詞,固有名詞,人名,一般,*,*,なかむらけん,ナカムラケン,ナカムラケン,4/6,*,な[かむら]けん
なかむらかんくろう,1349,1349,8000,名詞,固有名詞,人名,一般,*,*,なかむらかんくろう,ナカムラカンクロウ,ナカムラカンクロウ,7/9,*,な[かむらかんく]ろう
なかのまさたか,1349,1349,8000,名詞,固有名詞,人名,一般,*,*,なかのまさたか,ナカノマサタカ,ナカノマサタカ,5/7,*,な[かのまさ]たか
なかにいだ,1353,1353,8000,名詞,固有名詞,地域,一般,*,*,なかにいだ,ナカニイダ,ナカニイダ,3/5,*,な[かに]いだ
なかだいたつや,1349,1349,8000,名詞,固有名詞,人名,一般,*,*,なかだいたつや,ナカダイタツヤ,ナカダイタツヤ,5/7,*,な[かだいた]つや
なかだい,1350,1350,8500,名詞,固有名詞,人名,姓,*,*,なかだい,ナカダイ,ナカダイ,0/4,*,な[かだい
なかじまよしかず,1349,1349,8000,名詞,固有名詞,人名,一般,*,*,なかじまよしかず,ナカジマヨシカズ,ナカジマヨシカズ,6/8,*,な[かじまよし]かず
なかじまみか,1349,1349,8000,名詞,固有名詞,人名,一般,*,*,なかじまみか,ナカジマミカ,ナカジマミカ,0/6,*,な[かじまみか
なかじまあつし,1349,1349,8000,名詞,固有名詞,人名,一般,*,*,なかじまあつし,ナカジマアツシ,ナカジマアツシ,5/7,*,な[かじまあ]つし
なかじ,1349,1349,8500,名詞,固有名詞,人名,一般,*,*,なかじ,ナカジ,ナカジ,1/3,*,な]かじ
なかざわゆうこ,1349,1349,8000,名詞,固有名詞,人名,一般,*,*,なかざわゆうこ,ナカザワユウコ,ナカザワユウコ,5/7,*,な[かざわゆ]うこ
なかざわ,1350,1350,8500,名詞,固有名詞,人名,姓,*,*,なかざわ,ナカザワ,ナカザワ,0/4,*,な[かざわ
なかがわちひろ,1349,1349,8000,名詞,固有名詞,人名,一般,*,*,なかがわちひろ,ナカガワチヒロ,ナカガワチヒロ,5/7,*,な[かがわち]ひろ
なかがみみさき,1349,1349,8000,名詞,固有名詞,人名,一般,*,*,なかがみみさき,ナカガミミサキ,ナカガミミサキ,5/7,*,な[かがみみ]さき
なかえよしお,1349,1349,8000,名詞,固有名詞,人名,一般,*,*,なかえよしお,ナカエヨシオ,ナカエヨシオ,0/6,*,な[かえよしお
なかい,1350,1350,8000,名詞,固有名詞,人名,姓,*,*,なかい,ナカイ,ナカイ,0/3,*,な[かい
なおまさ,1351,1351,8000,名詞,固有名詞,人名,名,*,*,なおまさ,ナオマサ,ナオマサ,0/4,*,な[おまさ
なおはる,1351,1351,8000,名詞,固有名詞,人名,名,*,*,なおはる,ナオハル,ナオハル,2/4,*,な[お]はる
なおと,1351,1351,8000,名詞,固有名詞,人名,名,*,*,なおと,ナオト,ナオト,0/3,*,な[おと
なおきさん,1351,1351,8000,名詞,固有名詞,人名,名,*,*,なおきさん,ナオキサン,ナオキサン,3/5,*,な[おき]さん
なあちゃん,1349,1349,8000,名詞,固有名詞,人名,一般,*,*,なあちゃん,ナアチャン,ナアチャン,2/4,*,な[あち]ヤん
なあこ,1345,1345,8000,名詞,一般,*,*,*,*,なあこ,ナーコ,ナーコ,1/3,*,な]ーこ
なあおやっさん,1345,1345,8000,名詞,一般,*,*,*,*,なあおやっさん,ナアオヤッサン,ナアオヤッサン,3/7,*,な[あおや]っさん
どんぴこ,1345,1345,8000,名詞,一般,*,*,*,*,どんぴこ,ドンピコ,ドンピコ,0/4,*,ど[んぴこ
どんけつ,1345,1345,8000,名詞,一般,*,*,*,*,どんけつ,ドンケツ,ドンケツ,0/4,*,ど[んけつ
どん,1358,1358,10000,名詞,接尾,一般,*,*,*,どん,ドン,ドン,1/2,*,ど]ん
どろんどろん,1345,1345,8000,名詞,一般,*,*,*,*,どろんどろん,ドロンドロン,ドロンドロン,4/6,*,ど[ろんど]ろん
どるく,1349,1349,8000,名詞,固有名詞,地域,国,*,*,どるく,ドルク,ドルク,1/3,*,ど]るく
どり,1345,1345,10000,名詞,一般,*,*,*,*,どり,ドリ,ドリ,1/2,*,ど]り
どらぐら,1348,1348,8000,名詞,固有名詞,一般,*,*,*,どらぐら,ドラグラ,ドラグラ,0/4,*,ど[らぐら
どよもし,1345,1345,8000,名詞,一般,*,*,*,*,どよもし,ドヨモシ,ドヨモシ,0/4,*,ど[よもし
どやれお,1351,1351,8000,名詞,固有名詞,人名,名,*,*,どやれお,ドヤレオ,ドヤレオ,0/4,*,ど[やれお
どまぐれ,1345,1345,8000,名詞,一般,*,*,*,*,どまぐれ,ドマグレ,ドマグレ,2/4,*,ど[ま]ぐれ
どぶりどぶり,1345,1345,8000,名詞,一般,*,*,*,*,どぶりどぶり,ドブリドブリ,ドブリドブリ,4/6,*,ど[ぶりど]ぶり
どっさ,1345,1345,8000,名詞,一般,*,*,*,*,どっさ,ドッサ,ドッサ,1/3,*,ど]っさ
どすこ,1345,1345,8000,名詞,一般,*,*,*,*,どすこ,ドスコ,ドスコ,0/3,*,ど[すこ
どすけべ,1345,1345,8000,名詞,一般,*,*,*,*,どすけべ,ドスケベ,ドスケベ,2/4,*,ど[す]けべ
どじょっこ,1345,1345,8000,名詞,一般,*,*,*,*,どじょっこ,ドジョッコ,ドジョッコ,1/4,*,ど[じヨ]っこ
どかか,1345,1345,8000,名詞,一般,*,*,*,*,どかか,ドカカ,ドカカ,0/3,*,ど[かか
どおっ,1345,1345,8000,名詞,一般,*,*,*,*,どおっ,ドオッ,ドオッ,0/3,*,ど[おっ
どうだどうだ,1345,1345,8000,名詞,一般,*,*,*,*,どうだどうだ,ドウダドウダ,ドウダドウダ,0/6,*,ど[うだどうだ
どうさん,1345,1345,8000,名詞,一般,*,*,*,*,どうさん,ドウサン,ドウサン,0/4,*,ど[うさん
どうさ,1345,1345,8500,名詞,一般,*,*,*,*,どうさ,ドウサ,ドウサ,0/3,*,ど[うさ
とーきー,1345,1345,8000,名詞,一般,*,*,*,*,とーきー,トーキー,トーキー,0/4,*,と[ーきー
とーきょー,1353,1353,8000,名詞,固有名詞,地域,一般,*,*,とーきょー,トウキョウ,トウキョウ,0/4,*,と[うきヨう
とんまさ,1345,1345,8000,名詞,一般,*,*,*,*,とんまさ,トンマサ,トンマサ,2/4,*,と[ん]まさ
とんねるずさん,1345,1345,8000,名詞,一般,*,*,*,*,とんねるずさん,トンネルズサン,トンネルズサン,5/7,*,と[んねるず]さん
とんど,1345,1345,8000,名詞,一般,*,*,*,*,とんど,トンド,トンド,0/3,*,と[んど
とんとんさん,1345,1345,8000,名詞,一般,*,*,*,*,とんとんさん,トントンサン,トントンサン,4/6,*,と[んとん]さん
とりごえさん,1350,1350,8000,名詞,固有名詞,人名,姓,*,*,とりごえさん,トリゴエサン,トリゴエサン,0/6,*,と[りごえさん
とよぽんさん,1349,1349,8000,名詞,固有名詞,人名,一般,*,*,とよぽんさん,トヨポンサン,トヨポンサン,4/6,*,と[よぽん]さん
とよひら,1353,1353,8000,名詞,固有名詞,地域,一般,*,*,とよひら,トヨヒラ,トヨヒラ,0/4,*,と[よひら
とよたさん,1350,1350,8000,名詞,固有名詞,人名,姓,*,*,とよたさん,トヨタサン,トヨタサン,3/5,*,と[よた]さん
とよたかずひこ,1349,1349,8000,名詞,固有名詞,人名,一般,*,*,とよたかずひこ,トヨタカズヒコ,トヨタカズヒコ,5/7,*,と[よたかず]ひこ
とよしゅう,1353,1353,8000,名詞,固有名詞,地域,一般,*,*,とよしゅう,トヨシュウ,トヨシュウ,2/4,*,と[よし]ユう
とよざくら,1349,1349,8000,名詞,固有名詞,人名,一般,*,*,とよざくら,トヨザクラ,トヨザクラ,3/5,*,と[よざ]くら
とよさく,1353,1353,8000,名詞,固有名詞,地域,一般,*,*,とよさく,トヨサク,トヨサク,2/4,*,と[よ]さく
ともやす,1351,1351,8000,名詞,固有名詞,人名,名,*,*,ともやす,トモヤス,トモヤス,2/4,*,と[も]やす
とものり,1351,1351,8000,名詞,固有名詞,人名,名,*,*,とものり,トモノリ,トモノリ,2/4,*,と[も]のり
とものぶ,1351,1351,8000,名詞,固有名詞,人名,名,*,*,とものぶ,トモノブ,トモノブ,0/4,*,と[ものぶ
ともこさん,1351,1351,8000,名詞,固有名詞,人名,名,*,*,ともこさん,トモコサン,トモコサン,3/5,*,と[もこ]さん
ともあき,1351,1351,8000,名詞,固有名詞,人名,名,*,*,ともあき,トモアキ,トモアキ,2/4,*,と[も]あき
とむね,1345,1345,8000,名詞,一般,*,*,*,*,とむね,トムネ,トムネ,1/3,*,と]むね
とみやま,1351,1351,8000,名詞,固有名詞,人名,名,*,*,とみやま,トミヤマ,トミヤマ,0/4,*,と[みやま
とみやす,1349,1349,8000,名詞,固有名詞,人名,一般,*,*,とみやす,トミヤス,トミヤス,2/4,*,と[み]やす
とみっちゃん,1351,1351,8000,名詞,固有名詞,人名,名,*,*,とみっちゃん,トミッチャン,トミッチャン,3/5,*,と[みっち]ヤん
とみさんとみさん,1351,1351,8000,名詞,固有名詞,人名,名,*,*,とみさんとみさん,トミサントミサン,トミサントミサン,6/8,*,と[みさんとみ]さん
とぼそさん,1345,1345,8000,名詞,一般,*,*,*,*,とぼそさん,トボソサン,トボソサン,0/5,*,と[ぼそさん
ととさん,1345,1345,8000,名詞,一般,*,*,*,*,ととさん,トトサン,トトサン,0/4,*,と[とさん
とつかさ,1345,1345,8000,名詞,一般,*,*,*,*,とつかさ,トツカサ,トツカサ,2/4,*,と[つ]かさ
とつか,1353,1353,8500,名詞,固有名詞,地域,一般,*,*,とつか,トツカ,トツカ,0/3,*,と[つか
とっぽさ,1345,1345,8000,名詞,一般,*,*,*,*,とっぽさ,トッポサ,トッポサ,0/4,*,と[っぽさ
とっつー,1349,1349,8000,名詞,固有名詞,人名,一般,*,*,とっつー,トッツー,トッツー,1/4,*,と]っつー
とちゃん,1345,1345,8000,名詞,一般,*,*,*,*,とちゃん,トチャン,トチャン,0/3,*,と[ちヤん
としゆきさん,1351,1351,8000,名詞,固有名詞,人名,名,*,*,としゆきさん,トシユキサン,トシユキサン,4/6,*,と[しゆき]さん
としちゃん,1351,1351,8000,名詞,固有名詞,人名,名,*,*,としちゃん,トシチャン,トシチャン,2/4,*,と[しち]ヤん
としこさん,1351,1351,8000,名詞,固有名詞,人名,名,*,*,としこさん,トシコサン,トシコサン,3/5,*,と[しこ]さん
としお,1351,1351,8000,名詞,固有名詞,人名,名,*,*,としお,トシオ,トシオ,0/3,*,と[しお
としえちゃん,1351,1351,8000,名詞,固有名詞,人名,名,*,*,としえちゃん,トシエチャン,トシエチャン,3/5,*,と[しえち]ヤん
としあきさん,1351,1351,8000,名詞,固有名詞,人名,名,*,*,としあきさん,トシアキサン,トシアキサン,4/6,*,と[しあき]さん
とくべえ,1351,1351,8000,名詞,固有名詞,人名,名,*,*,とくべえ,トクベエ,トクベエ,0/4,*,と[くべえ
とくどめ,1350,1350,8000,名詞,固有名詞,人名,姓,*,*,とくどめ,トクドメ,トクドメ,0/4,*,と[くどめ
とくがわつねなり,1349,1349,8000,名詞,固有名詞,人名,一般,*,*,とくがわつねなり,トクガワツネナリ,トクガワツネナリ,0/8,*,と[くがわつねなり
とくいつ,1351,1351,8000,名詞,固有名詞,人名,名,*,*,とくいつ,トクイツ,トクイツ,2/4,*,と[く]いつ
ときやす,1351,1351,8000,名詞,固有名詞,人名,名,*,*,ときやす,トキヤス,トキヤス,0/4,*,と[きやす
ときさん,1351,1351,8000,名詞,固有名詞,人名,名,*,*,ときさん,トキサン,トキサン,2/4,*,と[き]さん
とかちはなこ,1349,1349,8000,名詞,固有名詞,人名,一般,*,*,とかちはなこ,トカチハナコ,トカチハナコ,4/6,*,と[かちは]なこ
とおちゃん,1345,1345,8000,名詞,一般,*,*,*,*,とおちゃん,トオチャン,トオチャン,2/4,*,と[おち]ヤん
とうま,1353,1353,8000,名詞,固有名詞,地域,一般,*,*,とうま,トウマ,トウマ,1/3,*,と]うま
とうそ,1345,1345,8000,名詞,一般,*,*,*,*,とうそ,トウソ,トウソ,1/3,*,と]うそ
とうしゅうさいしゃらく,1349,1349,8000,名詞,固有名詞,人名,一般,*,*,とうしゅうさいしゃらく,トウシュウサイシャラク,トウシュウサイシャラク,2/9,*,と[うし]ユうさいしヤ]らく
とうが,1351,1351,8000,名詞,固有名詞,人名,名,*,*,とうが,トウガ,トウガ,1/3,*,と]うが
でんちゃんさん,1348,1348,8000,名詞,固有名詞,一般,*,*,*,でんちゃんさん,デンチャンサン,デンチャンサン,4/6,*,で[んちヤん]さん
でんだ,1345,1345,8000,名詞,一般,*,*,*,*,でんだ,デンダ,デンダ,0/3,*,で[んだ
でぶおやっ,1345,1345,8000,名詞,一般,*,*,*,*,でぶおやっ,デブオヤッ,デブオヤッ,0/5,*,で[ぶおやっ
でっこ,1345,1345,8000,名詞,一般,*,*,*,*,でっこ,デッコ,デッコ,1/3,*,で]っこ
でちゃん,1345,1345,8000,名詞,一般,*,*,*,*,でちゃん,デチャン,デチャン,1/3,*,で[ち]ヤん
ですがら,1345,1345,8000,名詞,一般,*,*,*,*,ですがら,デスガラ,デスガラ,2/4,*,で[す]がら
でじこ,1349,1349,8000,名詞,固有名詞,人名,一般,*,*,でじこ,デジコ,デジコ,1/3,*,で]じこ
でしょうちゃん,1345,1345,8000,名詞,一般,*,*,*,*,でしょうちゃん,デショウチャン,デショウチャン,4/5,*,で[しヨうち]ヤん
でさ,1345,1345,10000,名詞,一般,*,*,*,*,でさ,デサ,デサ,1/2,*,で]さ
でけろさん,1345,1345,8000,名詞,一般,*,*,*,*,でけろさん,デケロサン,デケロサン,0/5,*,で[けろさん
てんち,1351,1351,8000,名詞,固有名詞,人名,名,*,*,てんち,テンチ,テンチ,1/3,*,て]んち
てんざん,1353,1353,8000,名詞,固有名詞,地域,一般,*,*,てんざん,テンザン,テンザン,0/4,*,て[んざん
てんご,1345,1345,8000,名詞,一般,*,*,*,*,てんご,テンゴ,テンゴ,1/3,*,て]んご
てるひこ,1351,1351,8000,名詞,固有名詞,人名,名,*,*,てるひこ,テルヒコ,テルヒコ,2/4,*,て[る]ひこ
てるのぶ,1351,1351,8000,名詞,固有名詞,人名,名,*,*,てるのぶ,テルノブ,テルノブ,2/4,*,て[る]のぶ
てるちゃん,1345,1345,8000,名詞,一般,*,*,*,*,てるちゃん,テルチャン,テルチャン,2/4,*,て[るち]ヤん
てるお,1351,1351,8000,名詞,固有名詞,人名,名,*,*,てるお,テルオ,テルオ,0/3,*,て[るお
てらいんく,1348,1348,8000,名詞,固有名詞,一般,*,*,*,てらいんく,テラインク,テラインク,3/5,*,て[らい]んく
ての,1345,1345,10000,名詞,一般,*,*,*,*,ての,テノ,テノ,1/2,*,て]の
てつろう,1351,1351,8000,名詞,固有名詞,人名,名,*,*,てつろう,テツロウ,テツロウ,0/4,*,て[つろう
てっちゃん,1349,1349,8000,名詞,固有名詞,人名,一般,*,*,てっちゃん,テッチャン,テッチャン,0/4,*,て[っちヤん
てっこ,1345,1345,8000,名詞,一般,*,*,*,*,てっこ,テッコ,テッコ,1/3,*,て]っこ
てさん,1345,1345,8000,名詞,一般,*,*,*,*,てさん,テサン,テサン,0/3,*,て[さん
てきぱきさ,1345,1345,8000,名詞,一般,*,*,*,*,てきぱきさ,テキパキサ,テキパキサ,0/5,*,て[きぱきさ
てかります,1345,1345,8000,名詞,一般,*,*,*,*,てかります,テカリマス,テカリマス,0/5,*,て[かります
ていらっしゃる,1348,1348,8000,名詞,固有名詞,一般,*,*,*,ていらっしゃる,テイラッシャル,テイラッシャル,0/6,*,て[いらっしヤる
ていゆうか,1349,1349,8000,名詞,固有名詞,人名,一般,*,*,ていゆうか,テイユウカ,テイユウカ,3/5,*,て[いゆ]うか
ていぱーく,1348,1348,8000,名詞,固有名詞,一般,*,*,*,ていぱーく,テイパーク,テイパーク,0/5,*,て[いぱーく
ていさあん,1351,1351,8000,名詞,固有名詞,人名,名,*,*,ていさあん,テイサアン,テイサアン,3/5,*,て[いさ]あん
ていか,1351,1351,8000,名詞,固有名詞,人名,名,*,*,ていか,テイカ,テイカ,1/3,*,て]いか
づらづら,1345,1345,8000,名詞,一般,*,*,*,*,づらづら,ヅラヅラ,ヅラヅラ,2/4,*,づ[ら]づら
つるつるさん,1345,1345,8000,名詞,一般,*,*,*,*,つるつるさん,ツルツルサン,ツルツルサン,0/6,*,つ[るつるさん
つらみ,1345,1345,8000,名詞,一般,*,*,*,*,つらみ,ツラミ,ツラミ,0/3,*,つ[らみ
つよしさん,1351,1351,8000,名詞,固有名詞,人名,名,*,*,つよしさん,ツヨシサン,ツヨシサン,3/5,*,つ[よし]さん
つむりちゃん,1345,1345,8000,名詞,一般,*,*,*,*,つむりちゃん,ツムリチャン,ツムリチャン,3/5,*,つ[むりち]ヤん
つぼいひろき,1349,1349,8000,名詞,固有名詞,人名,一般,*,*,つぼいひろき,ツボイヒロキ,ツボイヒロキ,4/6,*,つ[ぼいひ]ろき
つぼい,1350,1350,8500,名詞,固有名詞,人名,姓,*,*,つぼい,ツボイ,ツボイ,0/3,*,つ[ぼい
つぶろさし,1345,1345,8000,名詞,一般,*,*,*,*,つぶろさし,ツブロサシ,ツブロサシ,0/5,*,つ[ぶろさし
つび,1345,1345,10000,名詞,一般,*,*,*,*,つび,ツビ,ツビ,1/2,*,つ]び
つばちゃん,1351,1351,8000,名詞,固有名詞,人名,名,*,*,つばちゃん,ツバチャン,ツバチャン,2/4,*,つ[ばち]ヤん
つばきはん,1351,1351,8000,名詞,固有名詞,人名,名,*,*,つばきはん,ツバキハン,ツバキハン,3/5,*,つ[ばき]はん
つばきちゃん,1351,1351,8000,名詞,固有名詞,人名,名,*,*,つばきちゃん,ツバキチャン,ツバキチャン,3/5,*,つ[ばきち]ヤん
つのだじろう,1349,1349,8000,名詞,固有名詞,人名,一般,*,*,つのだじろう,ツノダジロウ,ツノダジロウ,1/6,*,つ]のだじ]ろう
つねさん,1351,1351,8000,名詞,固有名詞,人名,名,*,*,つねさん,ツネサン,ツネサン,2/4,*,つ[ね]さん
つね,1351,1351,10000,名詞,固有名詞,人名,名,*,*,つね,ツネ,ツネ,1/2,*,つ]ね
つなし,1345,1345,8000,名詞,一般,*,*,*,*,つなし,ツナシ,ツナシ,0/3,*,つ[なし
つどーむねた,1345,1345,8000,名詞,一般,*,*,*,*,つどーむねた,ツドームネタ,ツドームネタ,1/6,*,つ]どーむ]ねた
つどーむ,1348,1348,8500,名詞,固有名詞,一般,*,*,*,つどーむ,ツドーム,ツドーム,0/4,*,つ[どーむ
つとむさん,1351,1351,8000,名詞,固有名詞,人名,名,*,*,つとむさん,ツトムサン,ツトムサン,3/5,*,つ[とむ]さん
つとこさん,1348,1348,8000,名詞,固有名詞,一般,*,*,*,つとこさん,ツトコサン,ツトコサン,3/5,*,つ[とこ]さん
つづれさせ,1345,1345,8000,名詞,一般,*,*,*,*,つづれさせ,ツヅレサセ,ツヅレサセ,0/5,*,つ[づれさせ
つちやかおり,1349,1349,8000,名詞,固有名詞,人名,一般,*,*,つちやかおり,ツチヤカオリ,ツチヤカオリ,4/6,*,つ[ちやか]おり
つちや,1350,1350,8500,名詞,固有名詞,人名,姓,*,*,つちや,ツチヤ,ツチヤ,0/3,*,つ[ちや
つちい,1350,1350,8000,名詞,固有名詞,人名,姓,*,*,つちい,ツチイ,ツチイ,0/3,*,つ[ちい
つしまるりこ,1349,1349,8000,名詞,固有名詞,人名,一般,*,*,つしまるりこ,ツシマルリコ,ツシマルリコ,1/6,*,つ]しまる]りこ
つげ,1350,1350,10000,名詞,固有名詞,人名,姓,*,*,つげ,ツゲ,ツゲ,1/2,*,つ]げ
つぐみさん,1351,1351,8000,名詞,固有名詞,人名,名,*,*,つぐみさん,ツグミサン,ツグミサン,3/5,*,つ[ぐみ]さん
つくばさん,1353,1353,8000,名詞,固有名詞,地域,一般,*,*,つくばさん,ツクバサン,ツクバサン,3/5,*,つ[くば]さん
つがるふじ,1353,1353,8000,名詞,固有名詞,地域,一般,*,*,つがるふじ,ツガルフジ,ツガルフジ,3/5,*,つ[がる]ふじ
つかちゃん,1350,1350,8000,名詞,固有名詞,人名,姓,*,*,つかちゃん,ツカチャン,ツカチャン,2/4,*,つ[かち]ヤん
つかさつかさ,1349,1349,8000,名詞,固有名詞,人名,一般,*,*,つかさつかさ,ツカサツカサ,ツカサツカサ,0/6,*,つ[かさつかさ
つうつう,1345,1345,8000,名詞,一般,*,*,*,*,つうつう,ツウツウ,ツウツウ,0/4,*,つ[うつう
つぁん,1358,1358,8000,名詞,接尾,一般,*,*,*,つぁん,ツァン,ツァン,1/2,*,つ]アん
っぽさ,1345,1345,8000,名詞,一般,*,*,*,*,っぽさ,ッポサ,ッポサ,0/3,*,っ[ぽさ
っこさぶれ,1345,1345,8000,名詞,一般,*,*,*,*,っこさぶれ,ッコサブレ,ッコサブレ,0/5,*,っ[こさぶれ
ちーたぐさん,1349,1349,8000,名詞,固有名詞,人名,一般,*,*,ちーたぐさん,チタグサン,チタグサン,3/5,*,ち[たぐ]さん
ちんぷんかんぷんさ,1345,1345,8000,名詞,一般,*,*,*,*,ちんぷんかんぷんさ,チンプンカンプンサ,チンプンカンプンサ,7/9,*,ち[んぷんかんぷ]んさ
ちんぷんかん,1345,1345,8500,名詞,一般,*,*,*,*,ちんぷんかん,チンプンカン,チンプンカン,0/6,*,ち[んぷんかん
ちんどんちんどん,1345,1345,8000,名詞,一般,*,*,*,*,ちんどんちんどん,チンドンチンドン,チンドンチンドン,6/8,*,ち[んどんちん]どん
ちんちろりん,1345,1345,8000,名詞,一般,*,*,*,*,ちんちろりん,チンチロリン,チンチロリン,0/6,*,ち[んちろりん
ちんちくりんさん,1345,1345,8000,名詞,一般,*,*,*,*,ちんちくりんさん,チンチクリンサン,チンチクリンサン,6/8,*,ち[んちくりん]さん
ちりこ,1345,1345,8000,名詞,一般,*,*,*,*,ちりこ,チリコ,チリコ,0/3,*,ち[りこ
ちよちよ,1349,1349,8000,名詞,固有名詞,人名,一般,*,*,ちよちよ,チヨチヨ,チヨチヨ,2/4,*,ち[よ]ちよ
ちよちゃん,1351,1351,8000,名詞,固有名詞,人名,名,*,*,ちよちゃん,チヨチャン,チヨチャン,2/4,*,ち[よち]ヤん
ちょんま,1349,1349,8000,名詞,固有名詞,人名,一般,*,*,ちょんま,チョンマ,チョンマ,0/3,*,ち[ヨ]んま
ちょんさん,1345,1345,8000,名詞,一般,*,*,*,*,ちょんさん,チョンサン,チョンサン,2/4,*,ち[ヨん]さん
ちょむすけ,1349,1349,8000,名詞,固有名詞,人名,一般,*,*,ちょむすけ,チョムスケ,チョムスケ,0/4,*,ち[ヨむすけ
ちょぼちょぼ,1345,1345,8000,名詞,一般,*,*,*,*,ちょぼちょぼ,チョボチョボ,チョボチョボ,0/4,*,ち[ヨぼちヨぼ
ちょっぷく,1345,1345,8000,名詞,一般,*,*,*,*,ちょっぷく,チョップク,チョップク,0/4,*,ち[ヨ]っぷく
ちょうりょう,1349,1349,8000,名詞,固有名詞,人名,一般,*,*,ちょうりょう,チョウリョウ,チョウリョウ,3/4,*,ち[ヨうり]ヨう
ちょうはつ,1349,1349,8000,名詞,固有名詞,人名,一般,*,*,ちょうはつ,チョウハツ,チョウハツ,2/4,*,ち[ヨう]はつ
ちょうせき,1349,1349,8000,名詞,固有名詞,人名,一般,*,*,ちょうせき,チョウセキ,チョウセキ,2/4,*,ち[ヨう]せき
ちょうごん,1349,1349,8000,名詞,固有名詞,人名,一般,*,*,ちょうごん,チョウゴン,チョウゴン,1/4,*,ち]ヨうごん
ちょうけん,1349,1349,8000,名詞,固有名詞,人名,一般,*,*,ちょうけん,チョウケン,チョウケン,2/4,*,ち[ヨう]けん
ちょうけい,1345,1345,8000,名詞,一般,*,*,*,*,ちょうけい,チョウケイ,チョウケイ,0/4,*,ち[ヨうけい
ちょうきち,1351,1351,8000,名詞,固有名詞,人名,名,*,*,ちょうきち,チョウキチ,チョウキチ,0/4,*,ち[ヨうきち
ちょいさん,1345,1345,8000,名詞,一般,*,*,*,*,ちょいさん,チョイサン,チョイサン,2/4,*,ち[ヨい]さん
ちゅぷさん,1345,1345,8000,名詞,一般,*,*,*,*,ちゅぷさん,チュプサン,チュプサン,2/4,*,ち[ユぷ]さん
ちゅうたん,1345,1345,8000,名詞,一般,*,*,*,*,ちゅうたん,チュウタン,チュウタン,0/4,*,ち[ユうたん
ちゅうじ,1351,1351,8000,名詞,固有名詞,人名,名,*,*,ちゅうじ,チュウジ,チュウジ,1/3,*,ち]ユうじ
ちゅうか,1349,1349,8000,名詞,固有名詞,地域,国,*,*,ちゅうか,チュウカ,チュウカ,0/3,*,ち[ユうか
ちゃーん,1358,1358,8000,名詞,接尾,一般,*,*,*,ちゃーん,チャーン,チャーン,0/3,*,ち[ヤ]ーん
ちゃんとと,1345,1345,8000,名詞,一般,*,*,*,*,ちゃんとと,チャントト,チャントト,0/4,*,ち[ヤんとと
ちゃんちきおけさ,1345,1345,8000,名詞,一般,*,*,*,*,ちゃんちきおけさ,チャンチキオケサ,チャンチキオケサ,5/7,*,ち[ヤんちきお]けさ
ちゃんたら,1345,1345,8000,名詞,一般,*,*,*,*,ちゃんたら,チャンタラ,チャンタラ,0/4,*,ち[ヤんたら
ちゃん,1358,1358,8500,名詞,接尾,一般,*,*,*,ちゃん,チャン,チャン,0/2,*,ち[ヤん
ちゃりこ,1345,1345,8000,名詞,一般,*,*,*,*,ちゃりこ,チャリコ,チャリコ,0/3,*,ち[ヤりこ
ちゃらけ,1345,1345,8000,名詞,一般,*,*,*,*,ちゃらけ,チャラケ,チャラケ,0/3,*,ち[ヤらけ
ちゃまちゃ,1351,1351,8000,名詞,固有名詞,人名,名,*,*,ちゃまちゃ,チャマチャ,チャマチャ,2/3,*,ち[ヤま]ちヤ
ちゃっかりさ,1345,1345,8000,名詞,一般,*,*,*,*,ちゃっかりさ,チャッカリサ,チャッカリサ,0/5,*,ち[ヤっかりさ
ちゃおさん,1345,1345,8000,名詞,一般,*,*,*,*,ちゃおさん,チャオサン,チャオサン,2/4,*,ち[ヤお]さん
ちゃいさん,1345,1345,8000,名詞,一般,*,*,*,*,ちゃいさん,チャイサン,チャイサン,0/4,*,ち[ヤいさん
ちゃあちゃんさん,1345,1345,8000,名詞,一般,*,*,*,*,ちゃあちゃんさん,チャアチャンサン,チャアチャンサン,3/6,*,ち[ヤあちヤん]さん
ちゃあさん,1345,1345,8000,名詞,一般,*,*,*,*,ちゃあさん,チャアサン,チャアサン,2/4,*,ち[ヤあ]さん
ちびゆりさん,1349,1349,8000,名詞,固有名詞,人名,一般,*,*,ちびゆりさん,チビユリサン,チビユリサン,4/6,*,ち[びゆり]さん
ちびまるこちゃん,1345,1345,8000,名詞,一般,*,*,*,*,ちびまるこちゃん,チビマルコチャン,チビマルコチャン,5/7,*,ち[びまるこち]ヤん
ちびでぶ,1345,1345,8000,名詞,一般,*,*,*,*,ちびでぶ,チビデブ,チビデブ,0/4,*,ち[びでぶ
ちびちびちゃん,1345,1345,8000,名詞,一般,*,*,*,*,ちびちびちゃん,チビチビチャン,チビチビチャン,4/6,*,ち[びちびち]ヤん
ちびせいご,1345,1345,8000,名詞,一般,*,*,*,*,ちびせいご,チビセイゴ,チビセイゴ,3/5,*,ち[びせ]いご
ちびこ,1345,1345,8000,名詞,一般,*,*,*,*,ちびこ,チビコ,チビコ,0/3,*,ち[びこ
ちびうさ,1345,1345,8000,名詞,一般,*,*,*,*,ちびうさ,チビウサ,チビウサ,2/4,*,ち[び]うさ
ちひろはん,1351,1351,8000,名詞,固有名詞,人名,名,*,*,ちひろはん,チヒロハン,チヒロハン,3/5,*,ち[ひろ]はん
ちひろちゃん,1351,1351,8000,名詞,固有名詞,人名,名,*,*,ちひろちゃん,チヒロチャン,チヒロチャン,3/5,*,ち[ひろち]ヤん
ちばれい,1349,1349,8000,名詞,固有名詞,人名,一般,*,*,ちばれい,チバレイ,チバレイ,2/4,*,ち[ば]れい
ちばてつやさん,1349,1349,8000,名詞,固有名詞,人名,一般,*,*,ちばてつやさん,チバテツヤサン,チバテツヤサン,5/7,*,ち[ばてつや]さん
ちばちゃん,1353,1353,8000,名詞,固有名詞,地域,一般,*,*,ちばちゃん,チバチャン,チバチャン,2/4,*,ち[ばち]ヤん
ちばけん,1349,1349,8000,名詞,固有名詞,人名,一般,*,*,ちばけん,チバケン,チバケン,2/4,*,ち[ば]けん
ちづるさん,1351,1351,8000,名詞,固有名詞,人名,名,*,*,ちづるさん,チズルサン,チズルサン,3/5,*,ち[ずる]さん
ちっぷ,1348,1348,8000,名詞,固有名詞,一般,*,*,*,ちっぷ,チップ,チップ,1/3,*,ち]っぷ
ちっちり,1345,1345,8000,名詞,一般,*,*,*,*,ちっちり,チッチリ,チッチリ,0/4,*,ち[っちり
ちちろ,1345,1345,8000,名詞,一般,*,*,*,*,ちちろ,チチロ,チチロ,1/3,*,ち]ちろ
ちちぶ,1353,1353,8000,名詞,固有名詞,地域,一般,*,*,ちちぶ,チチブ,チチブ,0/3,*,ち[ちぶ
ちだ,1350,1350,10000,名詞,固有名詞,人名,姓,*,*,ちだ,チダ,チダ,1/2,*,ち]だ
ちすん,1351,1351,8000,名詞,固有名詞,人名,名,*,*,ちすん,チスン,チスン,1/3,*,ち]すん
ちさとさん,1351,1351,8000,名詞,固有名詞,人名,名,*,*,ちさとさん,チサトサン,チサトサン,3/5,*,ち[さと]さん
ちくぶ,1353,1353,8000,名詞,固有名詞,地域,一般,*,*,ちくぶ,チクブ,チクブ,1/3,*,ち]くぶ
ちぎれちぎれ,1345,1345,8000,名詞,一般,*,*,*,*,ちぎれちぎれ,チギレチギレ,チギレチギレ,0/6,*,ち[ぎれちぎれ
ちえみちゃん,1351,1351,8000,名詞,固有名詞,人名,名,*,*,ちえみちゃん,チエミチャン,チエミチャン,3/5,*,ち[えみち]ヤん
ちえみ,1351,1351,8500,名詞,固有名詞,人名,名,*,*,ちえみ,チエミ,チエミ,0/3,*,ち[えみ
ちえこちゃん,1351,1351,8000,名詞,固有名詞,人名,名,*,*,ちえこちゃん,チエコチャン,チエコチャン,3/5,*,ち[えこち]ヤん
ちいこ,1345,1345,8000,名詞,一般,*,*,*,*,ちいこ,チイコ,チイコ,1/3,*,ち]いこ
だんちょねーだんちょねー,1345,1345,8000,名詞,一般,*,*,*,*,だんちょねーだんちょねー,ダンチョネーダンチョネー,ダンチョネーダンチョネー,0/10,*,だ[んちヨねーだんちヨねー
だまだま,1345,1345,8000,名詞,一般,*,*,*,*,だまだま,ダマダマ,ダマダマ,0/4,*,だ[まだま
だまこ,1345,1345,8000,名詞,一般,*,*,*,*,だまこ,ダマコ,ダマコ,1/3,*,だ]まこ
だだだだだだだだだだだだだだだだ,1345,1345,8000,名詞,一般,*,*,*,*,だだだだだだだだだだだだだだだだ,ダダダダダダダダダダダダダダダダ,ダダダダダダダダダダダダダダダダ,0/16,*,だ[だだだだだだだだだだだだだだだ
だいすけさん,1351,1351,8000,名詞,固有名詞,人名,名,*,*,だいすけさん,ダイスケサン,ダイスケサン,4/6,*,だ[いすけ]さん
だいしょうち,1349,1349,8000,名詞,固有名詞,人名,一般,*,*,だいしょうち,ダイショウチ,ダイショウチ,0/5,*,だ[いしヨうち
たーくさん,1349,1349,8000,名詞,固有名詞,人名,一般,*,*,たーくさん,タークサン,タークサン,0/5,*,た[ーくさん
たんぱん,1345,1345,8000,名詞,一般,*,*,*,*,たんぱん,タンパン,タンパン,0/4,*,た[んぱん
たんばら,1353,1353,8000,名詞,固有名詞,地域,一般,*,*,たんばら,タンバラ,タンバラ,0/4,*,た[んばら
たわいなさ,1345,1345,8000,名詞,一般,*,*,*,*,たわいなさ,タワイナサ,タワイナサ,0/5,*,た[わいなさ
たろちゃん,1345,1345,8000,名詞,一般,*,*,*,*,たろちゃん,タロチャン,タロチャン,2/4,*,た[ろち]ヤん
たるいすみお,1349,1349,8000,名詞,固有名詞,人名,一般,*,*,たるいすみお,タルイスミオ,タルイスミオ,4/6,*,た[るいす]みお
たらしさ,1345,1345,8000,名詞,一般,*,*,*,*,たらしさ,タラシサ,タラシサ,0/4,*,た[らしさ
たらいま,1345,1345,8000,名詞,一般,*,*,*,*,たらいま,タライマ,タライマ,0/4,*,た[らいま
たむらやすふみ,1349,1349,8000,名詞,固有名詞,人名,一般,*,*,たむらやすふみ,タムラヤスフミ,タムラヤスフミ,5/7,*,た[むらやす]ふみ
たむらしげる,1349,1349,8000,名詞,固有名詞,人名,一般,*,*,たむらしげる,タムラシゲル,タムラシゲル,4/6,*,た[むらし]げる
たむらさとし,1349,1349,8000,名詞,固有名詞,人名,一般,*,*,たむらさとし,タムラサトシ,タムラサトシ,4/6,*,た[むらさ]とし
たむらけんじさん,1349,1349,8000,名詞,固有名詞,人名,一般,*,*,たむらけんじさん,タムラケンジサン,タムラケンジサン,6/8,*,た[むらけんじ]さん
たむらけんじ,1349,1349,8500,名詞,固有名詞,人名,一般,*,*,たむらけんじ,タムラケンジ,タムラケンジ,4/6,*,た[むらけ]んじ
たむらかおる,1349,1349,8000,名詞,固有名詞,人名,一般,*,*,たむらかおる,タムラカオル,タムラカオル,4/6,*,た[むらか]おる
たむら,1350,1350,8500,名詞,固有名詞,人名,姓,*,*,たむら,タムラ,タムラ,1/3,*,た]むら
たむのみね,1353,1353,8000,名詞,固有名詞,地域,一般,*,*,たむのみね,タムノミネ,タムノミネ,3/5,*,た[むの]みね
たみお,1351,1351,8000,名詞,固有名詞,人名,名,*,*,たみお,タミオ,タミオ,0/3,*,た[みお
たまちゃーん,1345,1345,8000,名詞,一般,*,*,*,*,たまちゃーん,タマチャーン,タマチャーン,2/5,*,た[まちヤ]ーん
たまこ,1351,1351,8000,名詞,固有名詞,人名,名,*,*,たまこ,タマコ,タマコ,0/3,*,た[まこ
たまくら,1345,1345,8000,名詞,一般,*,*,*,*,たまくら,タマクラ,タマクラ,0/4,*,た[まくら
たねさん,1351,1351,8000,名詞,固有名詞,人名,名,*,*,たねさん,タネサン,タネサン,2/4,*,た[ね]さん
たなべ,1350,1350,8000,名詞,固有名詞,人名,姓,*,*,たなべ,タナベ,タナベ,1/3,*,た]なべ
たなかよしひろ,1349,1349,8000,名詞,固有名詞,人名,一般,*,*,たなかよしひろ,タナカヨシヒロ,タナカヨシヒロ,5/7,*,た[なかよし]ひろ
たなかたかし,1349,1349,8000,名詞,固有名詞,人名,一般,*,*,たなかたかし,タナカタカシ,タナカタカシ,4/6,*,た[なかた]かし
たなかじゅん,1349,1349,8000,名詞,固有名詞,人名,一般,*,*,たなかじゅん,タナカジュン,タナカジュン,0/5,*,た[なかじユん
たなかかずやさん,1349,1349,8000,名詞,固有名詞,人名,一般,*,*,たなかかずやさん,タナカカズヤサン,タナカカズヤサン,6/8,*,た[なかかずや]さん
たつやさん,1351,1351,8000,名詞,固有名詞,人名,名,*,*,たつやさん,タツヤサン,タツヤサン,3/5,*,た[つや]さん
たつひこ,1351,1351,8000,名詞,固有名詞,人名,名,*,*,たつひこ,タツヒコ,タツヒコ,2/4,*,た[つ]ひこ
たつのぼりさん,1349,1349,8000,名詞,固有名詞,人名,一般,*,*,たつのぼりさん,タツノボリサン,タツノボリサン,5/7,*,た[つのぼり]さん
たつき,1351,1351,8000,名詞,固有名詞,人名,名,*,*,たつき,タツキ,タツキ,0/3,*,た[つき
たつお,1351,1351,8000,名詞,固有名詞,人名,名,*,*,たつお,タツオ,タツオ,0/3,*,た[つお
たっぽん,1349,1349,8000,名詞,固有名詞,人名,一般,*,*,たっぽん,タッポン,タッポン,1/4,*,た]っぽん
たっつんさん,1349,1349,8000,名詞,固有名詞,人名,一般,*,*,たっつんさん,タッツンサン,タッツンサン,0/6,*,た[っつんさん
たずき,1345,1345,8000,名詞,一般,*,*,*,*,たずき,タズキ,タズキ,1/3,*,た]ずき
たじまさん,1350,1350,8000,名詞,固有名詞,人名,姓,*,*,たじまさん,タジマサン,タジマサン,3/5,*,た[じま]さん
たじま,1350,1350,8500,名詞,固有名詞,人名,姓,*,*,たじま,タジマ,タジマ,0/3,*,た[じま
たこっちさん,1349,1349,8000,名詞,固有名詞,人名,一般,*,*,たこっちさん,タコッチサン,タコッチサン,1/6,*,た[こ]っちさ]ん
たけまつ,1349,1349,8000,名詞,固有名詞,人名,一般,*,*,たけまつ,タケマツ,タケマツ,0/4,*,た[けまつ
たけひさ,1351,1351,8000,名詞,固有名詞,人名,名,*,*,たけひさ,タケヒサ,タケヒサ,2/4,*,た[け]ひさ
たけの,1350,1350,8000,名詞,固有名詞,人名,姓,*,*,たけの,タケノ,タケノ,1/3,*,た]けの
たけだたけし,1349,1349,8000,名詞,固有名詞,人名,一般,*,*,たけだたけし,タケダタケシ,タケダタケシ,4/6,*,た[けだた]けし
たけざきすえなが,1349,1349,8000,名詞,固有名詞,人名,一般,*,*,たけざきすえなが,タケザキスエナガ,タケザキスエナガ,6/8,*,た[けざきすえ]なが
たけざき,1350,1350,8500,名詞,固有名詞,人名,姓,*,*,たけざき,タケザキ,タケザキ,0/4,*,た[けざき
たけこ,1345,1345,8000,名詞,一般,*,*,*,*,たけこ,タケコ,タケコ,1/3,*,た]けこ
たけくま,1353,1353,8000,名詞,固有名詞,地域,一般,*,*,たけくま,タケクマ,タケクマ,0/4,*,た[けくま
たけかず,1351,1351,8000,名詞,固有名詞,人名,名,*,*,たけかず,タケカズ,タケカズ,0/4,*,た[けかず
たくやさん,1351,1351,8000,名詞,固有名詞,人名,名,*,*,たくやさん,タクヤサン,タクヤサン,3/5,*,た[くや]さん
たくちゃん,1351,1351,8000,名詞,固有名詞,人名,名,*,*,たくちゃん,タクチャン,タクチャン,2/4,*,た[くち]ヤん
たきいちゃん,1350,1350,8000,名詞,固有名詞,人名,姓,*,*,たきいちゃん,タキイチャン,タキイチャン,3/5,*,た[きいち]ヤん
たが,1353,1353,10000,名詞,固有名詞,地域,一般,*,*,たが,タガ,タガ,1/2,*,た]が
たかまど,1353,1353,8000,名詞,固有名詞,地域,一般,*,*,たかまど,タカマド,タカマド,0/4,*,た[かまど
たかぽん,1349,1349,8000,名詞,固有名詞,人名,一般,*,*,たかぽん,タカポン,タカポン,2/4,*,た[か]ぽん
たかべ,1345,1345,8000,名詞,一般,*,*,*,*,たかべ,タカベ,タカベ,0/3,*,た[かべ
たかはしひろし,1349,1349,8000,名詞,固有名詞,人名,一般,*,*,たかはしひろし,タカハシヒロシ,タカハシヒロシ,5/7,*,た[かはしひ]ろし
たかはしひとみ,1349,1349,8000,名詞,固有名詞,人名,一般,*,*,たかはしひとみ,タカハシヒトミ,タカハシヒトミ,5/7,*,た[かはしひ]とみ
たかせふじ,1350,1350,8000,名詞,固有名詞,人名,姓,*,*,たかせふじ,タカセフジ,タカセフジ,3/5,*,た[かせ]ふじ
たかこ,1349,1349,8000,名詞,固有名詞,人名,一般,*,*,たかこ,タカコ,タカコ,0/3,*,た[かこ
たかきよ,1351,1351,8000,名詞,固有名詞,人名,名,*,*,たかきよ,タカキヨ,タカキヨ,0/4,*,た[かきよ
たかおさん,1351,1351,8000,名詞,固有名詞,人名,名,*,*,たかおさん,タカオサン,タカオサン,3/5,*,た[かお]さん
たかあさん,1345,1345,8000,名詞,一般,*,*,*,*,たかあさん,タカアサン,タカアサン,0/5,*,た[かあさん
たおさん,1350,1350,8000,名詞,固有名詞,人名,姓,*,*,たおさん,タオサン,タオサン,2/4,*,た[お]さん
たお,1350,1350,10000,名詞,固有名詞,人名,姓,*,*,たお,タオ,タオ,1/2,*,た]お
たいほく,1353,1353,8000,名詞,固有名詞,地域,一般,*,*,たいほく,タイホク,タイホク,0/4,*,た[いほく
たいぺい,1353,1353,8000,名詞,固有名詞,地域,一般,*,*,たいぺい,タイペイ,タイペイ,0/4,*,た[いぺい
たいち,1351,1351,8000,名詞,固有名詞,人名,名,*,*,たいち,タイチ,タイチ,1/3,*,た]いち
たいく,1345,1345,8000,名詞,一般,*,*,*,*,たいく,タイク,タイク,1/3,*,た]いく
たいぎょく,1349,1349,8000,名詞,固有名詞,人名,一般,*,*,たいぎょく,タイギョク,タイギョク,2/4,*,た[いぎ]ヨく
そんじょ,1345,1345,8000,名詞,一般,*,*,*,*,そんじょ,ソンジョ,ソンジョ,0/3,*,そ[んじヨ
そりゃびっくり,1345,1345,8000,名詞,一般,*,*,*,*,そりゃびっくり,ソリャビックリ,ソリャビックリ,3/6,*,そ[りヤび]っくり
そりゃしょう,1345,1345,8000,名詞,一般,*,*,*,*,そりゃしょう,ソリャショウ,ソリャショウ,3/4,*,そ[りヤし]ヨう
そりゃさっき,1345,1345,8000,名詞,一般,*,*,*,*,そりゃさっき,ソリャサッキ,ソリャサッキ,3/5,*,そ[りヤさ]っき
そりゃあさ,1345,1345,8000,名詞,一般,*,*,*,*,そりゃあさ,ソリャアサ,ソリャアサ,0/4,*,そ[りヤあさ
そらっこ,1345,1345,8000,名詞,一般,*,*,*,*,そらっこ,ソラッコ,ソラッコ,1/4,*,そ[ら]っこ
そめのすけそめたろう,1349,1349,8000,名詞,固有名詞,人名,一般,*,*,そめのすけそめたろう,ソメノスケソメタロウ,ソメノスケソメタロウ,8/10,*,そ[めのすけそめた]ろう
そまりあ,1349,1349,8000,名詞,固有名詞,地域,国,*,*,そまりあ,ソマリア,ソマリア,2/4,*,そ[ま]りあ
そっちこ,1345,1345,8000,名詞,一般,*,*,*,*,そっちこ,ソッチコ,ソッチコ,0/4,*,そ[っちこ
そしてみっちりと,1345,1345,8000,名詞,一般,*,*,*,*,そしてみっちりと,ソシテミッチリト,ソシテミッチリト,0/8,*,そ[してみっちりと
そしてさん,1345,1345,8000,名詞,一般,*,*,*,*,そしてさん,ソシテサン,ソシテサン,0/5,*,そ[してさん
そぐわなさ,1345,1345,8000,名詞,一般,*,*,*,*,そぐわなさ,ソグワナサ,ソグワナサ,0/5,*,そ[ぐわなさ
そお,1345,1345,10000,名詞,一般,*,*,*,*,そお,ソオ,ソオ,1/2,*,そ]お
そえじまさやか,1349,1349,8000,名詞,固有名詞,人名,一般,*,*,そえじまさやか,ソエジマサヤカ,ソエジマサヤカ,5/7,*,そ[えじまさ]やか
そうる,1353,1353,8000,名詞,固有名詞,地域,一般,*,*,そうる,ソウル,ソウル,1/3,*,そ]うる
そうひん,1349,1349,8000,名詞,固有名詞,人名,一般,*,*,そうひん,ソウヒン,ソウヒン,0/4,*,そ[うひん
そうちゃんさん,1345,1345,8000,名詞,一般,*,*,*,*,そうちゃんさん,ソウチャンサン,ソウチャンサン,4/6,*,そ[うちヤん]さん
そうちさん,1351,1351,8000,名詞,固有名詞,人名,名,*,*,そうちさん,ソウチサン,ソウチサン,3/5,*,そ[うち]さん
そうじろうさん,1351,1351,8000,名詞,固有名詞,人名,名,*,*,そうじろうさん,ソウジロウサン,ソウジロウサン,1/7,*,そ]うじろう]さん
そうじろう,1351,1351,8500,名詞,固有名詞,人名,名,*,*,そうじろう,ソウジロウ,ソウジロウ,1/5,*,そ]うじろう
そうさん,1350,1350,8000,名詞,固有名詞,人名,姓,*,*,そうさん,ソウサン,ソウサン,0/4,*,そ[うさん
そうけつ,1349,1349,8000,名詞,固有名詞,人名,一般,*,*,そうけつ,ソウケツ,ソウケツ,2/4,*,そ[う]けつ
ぜんっぶ,1345,1345,8000,名詞,一般,*,*,*,*,ぜんっぶ,ゼンッブ,ゼンッブ,0/4,*,ぜ[んっぶ
ぜんじろうさん,1351,1351,8000,名詞,固有名詞,人名,名,*,*,ぜんじろうさん,ゼンジロウサン,ゼンジロウサン,1/7,*,ぜ]んじろう]さん
ぜんしん,1349,1349,8000,名詞,固有名詞,人名,一般,*,*,ぜんしん,ゼンシン,ゼンシン,0/4,*,ぜ[んしん
ぜんき,1353,1353,8000,名詞,固有名詞,地域,一般,*,*,ぜんき,ゼンキ,ゼンキ,1/3,*,ぜ]んき
せんどうあきほ,1349,1349,8000,名詞,固有名詞,人名,一般,*,*,せんどうあきほ,センドウアキホ,センドウアキホ,5/7,*,せ[んどうあ]きほ
せんだい,1353,1353,8000,名詞,固有名詞,地域,一般,*,*,せんだい,センダイ,センダイ,0/4,*,せ[んだい
せんぎょく,1349,1349,8000,名詞,固有名詞,人名,一般,*,*,せんぎょく,センギョク,センギョク,2/4,*,せ[んぎ]ヨく
せん,1351,1351,10000,名詞,固有名詞,人名,名,*,*,せん,セン,セン,1/2,*,せ]ん
せるじお,1349,1349,8000,名詞,固有名詞,人名,一般,*,*,せるじお,セルジオ,セルジオ,2/4,*,せ[る]じお
せやっこ,1349,1349,8000,名詞,固有名詞,人名,一般,*,*,せやっこ,セヤッコ,セヤッコ,1/4,*,せ[や]っこ
せとさん,1345,1345,8000,名詞,一般,*,*,*,*,せとさん,セトサン,セトサン,0/4,*,せ[とさん
せとうち,1353,1353,8000,名詞,固有名詞,地域,一般,*,*,せとうち,セトウチ,セトウチ,0/4,*,せ[とうち
せっぺ,1345,1345,8000,名詞,一般,*,*,*,*,せっぺ,セッペ,セッペ,1/3,*,せ]っぺ
せっちゃん,1349,1349,8000,名詞,固有名詞,人名,一般,*,*,せっちゃん,セッチャン,セッチャン,2/4,*,せ[っち]ヤん
せっさん,1349,1349,8000,名詞,固有名詞,人名,一般,*,*,せっさん,セッサン,セッサン,1/4,*,せ]っさん
せっこ,1345,1345,8000,名詞,一般,*,*,*,*,せっこ,セッコ,セッコ,1/3,*,せ]っこ
せたな,1353,1353,8000,名詞,固有名詞,地域,一般,*,*,せたな,セタナ,セタナ,1/3,*,せ]たな
せせこましさ,1345,1345,8000,名詞,一般,*,*,*,*,せせこましさ,セセコマシサ,セセコマシサ,0/6,*,せ[せこましさ
せきりょう,1349,1349,8000,名詞,固有名詞,人名,一般,*,*,せきりょう,セキリョウ,セキリョウ,2/4,*,せ[きり]ヨう
せきい,1350,1350,8000,名詞,固有名詞,人名,姓,*,*,せきい,セキイ,セキイ,0/3,*,せ[きい
せいなちゃん,1345,1345,8000,名詞,一般,*,*,*,*,せいなちゃん,セイナチャン,セイナチャン,3/5,*,せ[いなち]ヤん
せいてい,1353,1353,8000,名詞,固有名詞,地域,一般,*,*,せいてい,セイテイ,セイテイ,1/4,*,せ]いてい
せいこうせいこう,1349,1349,8000,名詞,固有名詞,人名,一般,*,*,せいこうせいこう,セイコウセイコウ,セイコウセイコウ,0/8,*,せ[いこうせいこう
ずんべらぼう,1345,1345,8000,名詞,一般,*,*,*,*,ずんべらぼう,ズンベラボウ,ズンベラボウ,0/6,*,ず[んべらぼう
ずんちゃん,1345,1345,8000,名詞,一般,*,*,*,*,ずんちゃん,ズンチャン,ズンチャン,2/4,*,ず[んち]ヤん
ずんずんずんずんずんずんどっこ,1345,1345,8000,名詞,一般,*,*,*,*,ずんずんずんずんずんずんどっこ,ズンズンズンズンズンズンドッコ,ズンズンズンズンズンズンドッコ,12/15,*,ず[んずんずんずんずんずんど]っこ
ずんぐりちゃん,1345,1345,8000,名詞,一般,*,*,*,*,ずんぐりちゃん,ズングリチャン,ズングリチャン,4/6,*,ず[んぐりち]ヤん
ずわい,1345,1345,8000,名詞,一般,*,*,*,*,ずわい,ズワイ,ズワイ,1/3,*,ず]わい
ずれたん,1345,1345,8000,名詞,一般,*,*,*,*,ずれたん,ズレタン,ズレタン,0/4,*,ず[れたん
ずれずれ,1345,1345,8000,名詞,一般,*,*,*,*,ずれずれ,ズレズレ,ズレズレ,2/4,*,ず[れ]ずれ
ずりねた,1345,1345,8000,名詞,一般,*,*,*,*,ずりねた,ズリネタ,ズリネタ,0/4,*,ず[りねた
ずりずり,1345,1345,8000,名詞,一般,*,*,*,*,ずりずり,ズリズリ,ズリズリ,0/4,*,ず[りずり
ずぶさ,1345,1345,8000,名詞,一般,*,*,*,*,ずぶさ,ズブサ,ズブサ,0/3,*,ず[ぶさ
ずくずくずくずく,1345,1345,8000,名詞,一般,*,*,*,*,ずくずくずくずく,ズクズクズクズク,ズクズクズクズク,0/8,*,ず[くずくずくずく
ずくずく,1345,1345,8500,名詞,一般,*,*,*,*,ずくずく,ズクズク,ズクズク,0/4,*,ず[くずく
すんよぷ,1351,1351,8000,名詞,固有名詞,人名,名,*,*,すんよぷ,スンヨプ,スンヨプ,0/4,*,す[んよぷ
すみのくらりょうい,1349,1349,8000,名詞,固有名詞,人名,一般,*,*,すみのくらりょうい,スミノクラリョウイ,スミノクラリョウイ,5/8,*,す[みのくらりヨ]うい
すみおさん,1351,1351,8000,名詞,固有名詞,人名,名,*,*,すみおさん,スミオサン,スミオサン,3/5,*,す[みお]さん
すみ,1350,1350,10000,名詞,固有名詞,人名,姓,*,*,すみ,スミ,スミ,1/2,*,す]み
すまーん,1345,1345,8000,名詞,一般,*,*,*,*,すまーん,スマーン,スマーン,0/4,*,す[まーん
すまけい,1349,1349,8000,名詞,固有名詞,人名,一般,*,*,すまけい,スマケイ,スマケイ,2/4,*,す[ま]けい
すま,1345,1345,10000,名詞,一般,*,*,*,*,すま,スマ,スマ,1/2,*,す]ま
すべらひょう,1345,1345,8000,名詞,一般,*,*,*,*,すべらひょう,スベラヒョウ,スベラヒョウ,3/5,*,す[べらひ]ヨう
すぷちゃん,1345,1345,8000,名詞,一般,*,*,*,*,すぷちゃん,スプチャン,スプチャン,2/4,*,す[ぷち]ヤん
すづさん,1351,1351,8000,名詞,固有名詞,人名,名,*,*,すづさん,スズサン,スズサン,2/4,*,す[ず]さん
すせ,1353,1353,10000,名詞,固有名詞,地域,一般,*,*,すせ,スセ,スセ,1/2,*,す]せ
すずのこ,1351,1351,8000,名詞,固有名詞,人名,名,*,*,すずのこ,スズノコ,スズノコ,2/4,*,す[ず]のこ
すずこり,1349,1349,8000,名詞,固有名詞,人名,一般,*,*,すずこり,スズコリ,スズコリ,0/4,*,す[ずこり
すずこ,1345,1345,8500,名詞,一般,*,*,*,*,すずこ,スズコ,スズコ,0/3,*,す[ずこ
すずきほなみ,1350,1350,8000,名詞,固有名詞,人名,姓,*,*,すずきほなみ,スズキホナミ,スズキホナミ,4/6,*,す[ずきほ]なみ
すずきのりこ,1349,1349,8000,名詞,固有名詞,人名,一般,*,*,すずきのりこ,スズキノリコ,スズキノリコ,4/6,*,す[ずきの]りこ
すずきとしちか,1349,1349,8000,名詞,固有名詞,人名,一般,*,*,すずきとしちか,スズキトシチカ,スズキトシチカ,5/7,*,す[ずきとし]ちか
すずきさん,1350,1350,8000,名詞,固有名詞,人名,姓,*,*,すずきさん,スズキサン,スズキサン,3/5,*,す[ずき]さん
すさ,1345,1345,10000,名詞,一般,*,*,*,*,すさ,スサ,スサ,1/2,*,す]さ
すけべまんこ,1345,1345,8000,名詞,一般,*,*,*,*,すけべまんこ,スケベマンコ,スケベマンコ,4/6,*,す[けべま]んこ
すけべさん,1345,1345,8000,名詞,一般,*,*,*,*,すけべさん,スケベサン,スケベサン,0/5,*,す[けべさん
すぎやまこういちさん,1349,1349,8000,名詞,固有名詞,人名,一般,*,*,すぎやまこういちさん,スギヤマコウイチサン,スギヤマコウイチサン,8/10,*,す[ぎやまこういち]さん
すぎやまこういち,1349,1349,8500,名詞,固有名詞,人名,一般,*,*,すぎやまこういち,スギヤマコウイチ,スギヤマコウイチ,6/8,*,す[ぎやまこう]いち
すぎたもとお,1349,1349,8000,名詞,固有名詞,人名,一般,*,*,すぎたもとお,スギタモトオ,スギタモトオ,4/6,*,す[ぎたも]とお
すがわらけいこ,1349,1349,8000,名詞,固有名詞,人名,一般,*,*,すがわらけいこ,スガワラケイコ,スガワラケイコ,5/7,*,す[がわらけ]いこ
すかんぽ,1345,1345,8000,名詞,一般,*,*,*,*,すかんぽ,スカンポ,スカンポ,0/4,*,す[かんぽ
すえっこ,1351,1351,8000,名詞,固有名詞,人名,名,*,*,すえっこ,スエッコ,スエッコ,1/4,*,す[え]っこ
じんぞう,1351,1351,8000,名詞,固有名詞,人名,名,*,*,じんぞう,ジンゾウ,ジンゾウ,0/4,*,じ[んぞう
じょんがら,1345,1345,8000,名詞,一般,*,*,*,*,じょんがら,ジョンガラ,ジョンガラ,0/4,*,じ[ヨんがら
じょっこ,1345,1345,8000,名詞,一般,*,*,*,*,じょっこ,ジョッコ,ジョッコ,0/3,*,じ[ヨ]っこ
じゅんりん,1351,1351,8000,名詞,固有名詞,人名,名,*,*,じゅんりん,ジュンリン,ジュンリン,2/4,*,じ[ユん]りん
じゅんぺいがりこ,1345,1345,8000,名詞,一般,*,*,*,*,じゅんぺいがりこ,ジュンペイガリコ,ジュンペイガリコ,5/7,*,じ[ユんぺいが]りこ
じゅんのすけ,1351,1351,8000,名詞,固有名詞,人名,名,*,*,じゅんのすけ,ジュンノスケ,ジュンノスケ,0/5,*,じ[ユんのすけ
じゅんいちろう,1349,1349,8000,名詞,固有名詞,人名,一般,*,*,じゅんいちろう,ジュンイチロウ,ジュンイチロウ,1/6,*,じ]ユんいち]ろう
じゅろう,1351,1351,8000,名詞,固有名詞,人名,名,*,*,じゅろう,ジュロウ,ジュロウ,1/3,*,じ]ユろう
じゅりえっと,1349,1349,8000,名詞,固有名詞,人名,一般,*,*,じゅりえっと,ジュリエット,ジュリエット,3/5,*,じ[ユりえ]っと
じゅね,1351,1351,8000,名詞,固有名詞,人名,名,*,*,じゅね,ジュネ,ジュネ,1/2,*,じ]ユね
じゅっさん,1345,1345,8000,名詞,一般,*,*,*,*,じゅっさん,ジュッサン,ジュッサン,0/4,*,じ[ユっさん
じゅげむ,1349,1349,8000,名詞,固有名詞,人名,一般,*,*,じゅげむ,ジュゲム,ジュゲム,1/3,*,じ]ユげむ
じゅうべいさん,1351,1351,8000,名詞,固有名詞,人名,名,*,*,じゅうべいさん,ジュウベイサン,ジュウベイサン,1/6,*,じ]ユうべい]さん
じゅうけい,1353,1353,8000,名詞,固有名詞,地域,一般,*,*,じゅうけい,ジュウケイ,ジュウケイ,1/4,*,じ]ユうけい
じゅいち,1351,1351,8000,名詞,固有名詞,人名,名,*,*,じゅいち,ジュイチ,ジュイチ,0/3,*,じ[ユいち
じゃんけむ,1345,1345,8000,名詞,一般,*,*,*,*,じゃんけむ,ジャンケム,ジャンケム,0/4,*,じ[ヤんけむ
じゃらんじゃらん,1348,1348,8000,名詞,固有名詞,一般,*,*,*,じゃらんじゃらん,ジャランジャラン,ジャランジャラン,4/6,*,じ[ヤらんじヤ]らん
じゃっこ,1345,1345,8000,名詞,一般,*,*,*,*,じゃっこ,ジャッコ,ジャッコ,0/3,*,じ[ヤ]っこ
じっととっつぁん,1345,1345,8000,名詞,一般,*,*,*,*,じっととっつぁん,ジットトッツァン,ジットトッツァン,0/7,*,じ[っととっつアん
じっちゃんばっちゃん,1345,1345,8000,名詞,一般,*,*,*,*,じっちゃんばっちゃん,ジッチャンバッチャン,ジッチャンバッチャン,0/8,*,じ[っちヤんばっちヤん
じっじ,1345,1345,8000,名詞,一般,*,*,*,*,じっじ,ジッジ,ジッジ,1/3,*,じ]っじ
じさん,1345,1345,8000,名詞,一般,*,*,*,*,じさん,ジサン,ジサン,0/3,*,じ[さん
じえん,1349,1349,8000,名詞,固有名詞,人名,一般,*,*,じえん,ジエン,ジエン,1/3,*,じ]えん
じい,1345,1345,10000,名詞,一般,*,*,*,*,じい,ジイ,ジイ,1/2,*,じ]い
しんや,1350,1350,8000,名詞,固有名詞,人名,姓,*,*,しんや,シンヤ,シンヤ,1/3,*,し]んや
しんぺいちゃん,1351,1351,8000,名詞,固有名詞,人名,名,*,*,しんぺいちゃん,シンペイチャン,シンペイチャン,4/6,*,し[んぺいち]ヤん
しんです,1345,1345,8000,名詞,一般,*,*,*,*,しんです,シンデス,シンデス,0/4,*,し[んです
しんちゃんさん,1351,1351,8000,名詞,固有名詞,人名,名,*,*,しんちゃんさん,シンチャンサン,シンチャンサン,4/6,*,し[んちヤん]さん
しんたん,1351,1351,8000,名詞,固有名詞,人名,名,*,*,しんたん,シンタン,シンタン,2/4,*,し[ん]たん
しんすけさん,1351,1351,8000,名詞,固有名詞,人名,名,*,*,しんすけさん,シンスケサン,シンスケサン,4/6,*,し[んすけ]さん
しんじさん,1351,1351,8000,名詞,固有名詞,人名,名,*,*,しんじさん,シンジサン,シンジサン,3/5,*,し[んじ]さん
しんさん,1345,1345,8000,名詞,一般,*,*,*,*,しんさん,シンサン,シンサン,2/4,*,し[ん]さん
しんいち,1351,1351,8000,名詞,固有名詞,人名,名,*,*,しんいち,シンイチ,シンイチ,0/4,*,し[んいち
しわ,1350,1350,10000,名詞,固有名詞,人名,姓,*,*,しわ,シワ,シワ,1/2,*,し]わ
しろたえ,1349,1349,8000,名詞,固有名詞,人名,一般,*,*,しろたえ,シロタエ,シロタエ,2/4,*,し[ろ]たえ
しろさん,1345,1345,8000,名詞,一般,*,*,*,*,しろさん,シロサン,シロサン,2/4,*,し[ろ]さん
しりあがり,1350,1350,8000,名詞,固有名詞,人名,姓,*,*,しりあがり,シリアガリ,シリアガリ,0/5,*,し[りあがり
しらしさ,1345,1345,8000,名詞,一般,*,*,*,*,しらしさ,シラシサ,シラシサ,0/4,*,し[らしさ
しらかわ,1353,1353,8000,名詞,固有名詞,地域,一般,*,*,しらかわ,シラカワ,シラカワ,0/4,*,し[らかわ
しょっぱみ,1345,1345,8000,名詞,一般,*,*,*,*,しょっぱみ,ショッパミ,ショッパミ,0/4,*,し[ヨっぱみ
しょちょうさん,1349,1349,8000,名詞,固有名詞,人名,一般,*,*,しょちょうさん,ショチョウサン,ショチョウサン,2/5,*,し[ヨちヨう]さん
しょこた,1345,1345,8000,名詞,一般,*,*,*,*,しょこた,ショコタ,ショコタ,0/3,*,し[ヨ]こた
しょく,1351,1351,8000,名詞,固有名詞,人名,名,*,*,しょく,ショク,ショク,1/2,*,し]ヨく
しょうむらさん,1349,1349,8000,名詞,固有名詞,人名,一般,*,*,しょうむらさん,ショウムラサン,ショウムラサン,4/6,*,し[ヨうむら]さん
しょうぞん,1349,1349,8000,名詞,固有名詞,人名,一般,*,*,しょうぞん,ショウゾン,ショウゾン,1/4,*,し]ヨうぞん
しょうじのりこさん,1349,1349,8000,名詞,固有名詞,人名,一般,*,*,しょうじのりこさん,ショウジノリコサン,ショウジノリコサン,1/8,*,し]ヨうじのりこ]さん
しょうさん,1345,1345,8000,名詞,一般,*,*,*,*,しょうさん,ショウサン,ショウサン,2/4,*,し[ヨう]さん
しょうこちゃん,1351,1351,8000,名詞,固有名詞,人名,名,*,*,しょうこちゃん,ショウコチャン,ショウコチャン,1/5,*,し]ヨうこ[ち]ヤん
しょうこさん,1351,1351,8000,名詞,固有名詞,人名,名,*,*,しょうこさん,ショウコサン,ショウコサン,1/5,*,し]ヨうこ]さん
しょうけんじ,1351,1351,8000,名詞,固有名詞,人名,名,*,*,しょうけんじ,ショウケンジ,ショウケンジ,3/5,*,し[ヨうけ]んじ
しょうか,1351,1351,8000,名詞,固有名詞,人名,名,*,*,しょうか,ショウカ,ショウカ,0/3,*,し[ヨ]うか
しょういちさあん,1351,1351,8000,名詞,固有名詞,人名,名,*,*,しょういちさあん,ショウイチサアン,ショウイチサアン,5/7,*,し[ヨういちさ]あん
しゅんすけさん,1351,1351,8000,名詞,固有名詞,人名,名,*,*,しゅんすけさん,シュンスケサン,シュンスケサン,1/6,*,し]ユんすけ]さん
しゅんすけ,1351,1351,8500,名詞,固有名詞,人名,名,*,*,しゅんすけ,シュンスケ,シュンスケ,1/4,*,し]ユんすけ
しゅんぎく,1351,1351,8000,名詞,固有名詞,人名,名,*,*,しゅんぎく,シュンギク,シュンギク,1/4,*,し]ユんぎく
しゅこ,1349,1349,8000,名詞,固有名詞,人名,一般,*,*,しゅこ,シュコ,シュコ,1/2,*,し]ユこ
しゅく,1345,1345,8000,名詞,一般,*,*,*,*,しゅく,シュク,シュク,0/2,*,し[ユく