Ｎｏｒｄｅｒｎｅｙ,1353,1353,8000,名詞,固有名詞,地域,一般,*,*,Ｎｏｒｄｅｒｎｅｙ,ノルダーナイ,ノルダーナイ,4/6,*,の[るだー]ない
ＨＡＭＬＥＴ,1349,1349,8000,名詞,固有名詞,人名,一般,*,*,ＨＡＭＬＥＴ,ハムレット,ハムレット,1/5,*,は]むれっと
ＨＡＲＡＤＡ,1350,1350,8000,名詞,固有名詞,人名,姓,*,*,ＨＡＲＡＤＡ,ハラダ,ハラダ,1/3,*,は]らだ
ＨａｒｒｉｓＳ,1349,1349,8000,名詞,固有名詞,人名,一般,*,*,ＨａｒｒｉｓＳ,ハリスエス,ハリスエス,3/5,*,は[りす]えす
ＨａｎＡ,1345,1345,8000,名詞,一般,*,*,*,*,ＨａｎＡ,ハンエー,ハンエー,0/4,*,は[んえー
ＨａｎＪａｅＳｕｋ,1349,1349,8000,名詞,固有名詞,人名,一般,*,*,ＨａｎＪａｅＳｕｋ,ハンジェソク,ハンジェソク,2/5,*,は[んじエ]そく
ＢＩＯＳＲＯＭ,1345,1345,8000,名詞,一般,*,*,*,*,ＢＩＯＳＲＯＭ,バイオスロム,バイオスロム,4/6,*,ば[いおす]ろむ
Ｂｕｒｒｏｗｓ,1349,1349,8000,名詞,固有名詞,人名,一般,*,*,Ｂｕｒｒｏｗｓ,バローズ,バローズ,0/4,*,ば[ろーず
ＶａｎＳ,1349,1349,8000,名詞,固有名詞,人名,一般,*,*,ＶａｎＳ,バンエス,バンエス,0/4,*,ば[んえす
ＰＡＤＩ,1345,1345,8000,名詞,一般,*,*,*,*,ＰＡＤＩ,パディ,パディ,1/2,*,ぱ]でイ
ＰＥＲＦＯＲＭＩＸ,1348,1348,8000,名詞,固有名詞,一般,*,*,*,ＰＥＲＦＯＲＭＩＸ,パフォーミックス,パフォーミックス,4/7,*,ぱ[ふオーみ]っくす
ＰＡＭＥＬＡＨ,1345,1345,8000,名詞,一般,*,*,*,*,ＰＡＭＥＬＡＨ,パメラエイチ,パメラエイチ,4/6,*,ぱ[めらえ]いち
ＨｉｄｅｎａｏＭｉｙａｊｉｍａ,1349,1349,8000,名詞,固有名詞,人名,一般,*,*,ＨｉｄｅｎａｏＭｉｙａｊｉｍａ,ヒデナオミヤジマ,ヒデナオミヤジマ,6/8,*,ひ[でなおみや]じま
Ｈｉｔｏｔｓｕｂａｓｈｉ,1353,1353,8000,名詞,固有名詞,地域,一般,*,*,Ｈｉｔｏｔｓｕｂａｓｈｉ,ヒトツバシ,ヒトツバシ,3/5,*,ひ[とつ]ばし
Ｖｉｋｔｏｒ,1349,1349,8000,名詞,固有名詞,人名,一般,*,*,Ｖｉｋｔｏｒ,ビクトール,ビクトール,3/5,*,び[くと]ーる
Ｂｉｌｌｉｎｇｓ,1349,1349,8000,名詞,固有名詞,人名,一般,*,*,Ｂｉｌｌｉｎｇｓ,ビリングズ,ビリングズ,3/5,*,び[りん]ぐず
ｂＢ,1345,1345,8000,名詞,一般,*,*,*,*,ｂＢ,ビー,ビー,1/2,*,び]ー
ＢＩＲＤ,1345,1345,8000,名詞,一般,*,*,*,*,ＢＩＲＤ,ビーアイアールディー,ビーアイアールディー,7/9,*,び[ーあいあーるでイ]ー
ＢＩＥ,1345,1345,8000,名詞,一般,*,*,*,*,ＢＩＥ,ビーアイイー,ビーアイイー,0/6,*,び[ーあいいー
ＢＩＥＮ,1345,1345,8000,名詞,一般,*,*,*,*,ＢＩＥＮ,ビーアイイーエヌ,ビーアイイーエヌ,0/8,*,び[ーあいいーえぬ
ＢＩＳＳＥ,1345,1345,8000,名詞,一般,*,*,*,*,ＢＩＳＳＥ,ビーアイエスエスイー,ビーアイエスエスイー,8/10,*,び[ーあいえすえす]いー
ＢＩＳＮ,1345,1345,8000,名詞,一般,*,*,*,*,ＢＩＳＮ,ビーアイエスエヌ,ビーアイエスエヌ,6/8,*,び[ーあいえす]えぬ
ＢＩＮＡ,1345,1345,8000,名詞,一般,*,*,*,*,ＢＩＮＡ,ビーアイエヌエー,ビーアイエヌエー,0/8,*,び[ーあいえぬえー
ＢＩＮＡＰ,1345,1345,8000,名詞,一般,*,*,*,*,ＢＩＮＡＰ,ビーアイエヌエーピー,ビーアイエヌエーピー,0/10,*,び[ーあいえぬえーぴー
ＢＩＦＩ,1345,1345,8000,名詞,一般,*,*,*,*,ＢＩＦＩ,ビーアイエフアイ,ビーアイエフアイ,0/8,*,び[ーあいえふあい
ＢＩＭ,1345,1345,8000,名詞,一般,*,*,*,*,ＢＩＭ,ビーアイエム,ビーアイエム,0/6,*,び[ーあいえむ
ＢＩＬＬ,1345,1345,8000,名詞,一般,*,*,*,*,ＢＩＬＬ,ビーアイエルエル,ビーアイエルエル,0/8,*,び[ーあいえるえる
ＢＩＡＳＡ,1345,1345,8000,名詞,一般,*,*,*,*,ＢＩＡＳＡ,ビーアイエーエスエー,ビーアイエーエスエー,0/10,*,び[ーあいえーえすえー
ＢＩＡＷＡ,1345,1345,8000,名詞,一般,*,*,*,*,ＢＩＡＷＡ,ビーアイエーダブリューエー,ビーアイエーダブリューエー,11/12,*,び[ーあいえーだぶりユーえ]ー
ＢＩＯＣＯ,1345,1345,8000,名詞,一般,*,*,*,*,ＢＩＯＣＯ,ビーアイオーシーオー,ビーアイオーシーオー,0/10,*,び[ーあいおーしーおー
ＢＩＫＥ,1345,1345,8000,名詞,一般,*,*,*,*,ＢＩＫＥ,ビーアイケーイー,ビーアイケーイー,0/8,*,び[ーあいけーいー
ＢＩＧＡ,1345,1345,8000,名詞,一般,*,*,*,*,ＢＩＧＡ,ビーアイジーエー,ビーアイジーエー,0/8,*,び[ーあいじーえー
ＢＩＢＡ,1345,1345,8000,名詞,一般,*,*,*,*,ＢＩＢＡ,ビーアイビーエー,ビーアイビーエー,0/8,*,び[ーあいびーえー
ＢＩＹＯ,1345,1345,8000,名詞,一般,*,*,*,*,ＢＩＹＯ,ビーアイワイオー,ビーアイワイオー,0/8,*,び[ーあいわいおー
ＢＲＩ,1345,1345,8000,名詞,一般,*,*,*,*,ＢＲＩ,ビーアールアイ,ビーアールアイ,0/7,*,び[ーあーるあい
ＢＲＩＮＧ,1345,1345,8000,名詞,一般,*,*,*,*,ＢＲＩＮＧ,ビーアールアイエヌジー,ビーアールアイエヌジー,0/11,*,び[ーあーるあいえぬじー
ＢＲＩＡＮ,1345,1345,8000,名詞,一般,*,*,*,*,ＢＲＩＡＮ,ビーアールアイエーエヌ,ビーアールアイエーエヌ,0/11,*,び[ーあーるあいえーえぬ
ＢＲＩＧ,1345,1345,8000,名詞,一般,*,*,*,*,ＢＲＩＧ,ビーアールアイジー,ビーアールアイジー,7/9,*,び[ーあーるあい]じー
ＢＲＩＴＡ,1345,1345,8000,名詞,一般,*,*,*,*,ＢＲＩＴＡ,ビーアールアイティーエー,ビーアールアイティーエー,10/11,*,び[ーあーるあいてイーえ]ー
ＢＲＥＷ,1345,1345,8000,名詞,一般,*,*,*,*,ＢＲＥＷ,ビーアールイーダブリュー,ビーアールイーダブリュー,0/11,*,び[ーあーるいーだぶりユー
ＢＲＦ,1345,1345,8000,名詞,一般,*,*,*,*,ＢＲＦ,ビーアールエフ,ビーアールエフ,5/7,*,び[ーあーる]えふ
ＢＲＬ,1345,1345,8000,名詞,一般,*,*,*,*,ＢＲＬ,ビーアールエル,ビーアールエル,5/7,*,び[ーあーる]える
ＢＲＡＮＣＨ,1345,1345,8000,名詞,一般,*,*,*,*,ＢＲＡＮＣＨ,ビーアールエーエヌシーエイチ,ビーアールエーエヌシーエイチ,0/14,*,び[ーあーるえーえぬしーえいち
ＢＲＡＮＤＳ,1345,1345,8000,名詞,一般,*,*,*,*,ＢＲＡＮＤＳ,ビーアールエーエヌディーエス,ビーアールエーエヌディーエス,12/13,*,び[ーあーるえーえぬでイーえ]す
ＢＲＡＶＯ,1345,1345,8000,名詞,一般,*,*,*,*,ＢＲＡＶＯ,ビーアールエーブイオー,ビーアールエーブイオー,0/11,*,び[ーあーるえーぶいおー
ＢＲＯＭＯ,1345,1345,8000,名詞,一般,*,*,*,*,ＢＲＯＭＯ,ビーアールオーエムオー,ビーアールオーエムオー,9/11,*,び[ーあーるおーえむ]おー
ＢＲＯＡＤ,1345,1345,8000,名詞,一般,*,*,*,*,ＢＲＯＡＤ,ビーアールオーエーディー,ビーアールオーエーディー,9/11,*,び[ーあーるおーえーでイ]ー
ＢＲＣ,1345,1345,8000,名詞,一般,*,*,*,*,ＢＲＣ,ビーアールシー,ビーアールシー,5/7,*,び[ーあーる]しー
ＢＲＣＭ,1345,1345,8000,名詞,一般,*,*,*,*,ＢＲＣＭ,ビーアールシーエム,ビーアールシーエム,7/9,*,び[ーあーるしー]えむ
ＢＲＧ,1345,1345,8000,名詞,一般,*,*,*,*,ＢＲＧ,ビーアールジー,ビーアールジー,5/7,*,び[ーあーる]じー
ＢＲＤＣ,1345,1345,8000,名詞,一般,*,*,*,*,ＢＲＤＣ,ビーアールディーシー,ビーアールディーシー,8/9,*,び[ーあーるでイーし]ー
ＢＲＵ,1345,1345,8000,名詞,一般,*,*,*,*,ＢＲＵ,ビーアールユー,ビーアールユー,5/7,*,び[ーあーる]ゆー
ＢＲＵＮＯ,1345,1345,8000,名詞,一般,*,*,*,*,ＢＲＵＮＯ,ビーアールユーエヌオー,ビーアールユーエヌオー,9/11,*,び[ーあーるゆーえぬ]おー
ＢＲＵＮＣＨ,1345,1345,8000,名詞,一般,*,*,*,*,ＢＲＵＮＣＨ,ビーアールユーエヌシーエイチ,ビーアールユーエヌシーエイチ,0/14,*,び[ーあーるゆーえぬしーえいち
ＢＲＵＴＵＳ,1345,1345,8000,名詞,一般,*,*,*,*,ＢＲＵＴＵＳ,ビーアールユーティーユーエス,ビーアールユーティーユーエス,0/13,*,び[ーあーるゆーてイーゆーえす
ＢＥＩ,1345,1345,8000,名詞,一般,*,*,*,*,ＢＥＩ,ビーイーアイ,ビーイーアイ,0/6,*,び[ーいーあい
ＢＥＲ,1345,1345,8000,名詞,一般,*,*,*,*,ＢＥＲ,ビーイーアール,ビーイーアール,5/7,*,び[ーいーあ]ーる
ＢＥＥ,1345,1345,8000,名詞,一般,*,*,*,*,ＢＥＥ,ビーイーイー,ビーイーイー,0/6,*,び[ーいーいー
ＢＥＸ,1345,1345,8000,名詞,一般,*,*,*,*,ＢＥＸ,ビーイーエックス,ビーイーエックス,4/8,*,び[ーいーえ]っくす
ＢＥＦ,1345,1345,8000,名詞,一般,*,*,*,*,ＢＥＦ,ビーイーエフ,ビーイーエフ,0/6,*,び[ーいーえふ
ＢＥＬ,1345,1345,8000,名詞,一般,*,*,*,*,ＢＥＬ,ビーイーエル,ビーイーエル,0/6,*,び[ーいーえる
ＢＥＡ,1345,1345,8000,名詞,一般,*,*,*,*,ＢＥＡ,ビーイーエー,ビーイーエー,0/6,*,び[ーいーえー
ＢＥＡＲＤ,1345,1345,8000,名詞,一般,*,*,*,*,ＢＥＡＲＤ,ビーイーエーアールディー,ビーイーエーアールディー,9/11,*,び[ーいーえーあーるでイ]ー
ＢＥＡＮＳ,1345,1345,8000,名詞,一般,*,*,*,*,ＢＥＡＮＳ,ビーイーエーエヌエス,ビーイーエーエヌエス,0/10,*,び[ーいーえーえぬえす
ＢＥＡＭＳ,1345,1345,8000,名詞,一般,*,*,*,*,ＢＥＡＭＳ,ビーイーエーエムエス,ビーイーエーエムエス,0/10,*,び[ーいーえーえむえす
ＢＥＡＴＬＳ,1345,1345,8000,名詞,一般,*,*,*,*,ＢＥＡＴＬＳ,ビーイーエーティーエルエス,ビーイーエーティーエルエス,0/12,*,び[ーいーえーてイーえるえす
ＢＥＣＣＡ,1345,1345,8000,名詞,一般,*,*,*,*,ＢＥＣＣＡ,ビーイーシーシーエー,ビーイーシーシーエー,0/10,*,び[ーいーしーしーえー
ＢＨＩ,1345,1345,8000,名詞,一般,*,*,*,*,ＢＨＩ,ビーエイチアイ,ビーエイチアイ,5/7,*,び[ーえいち]あい
ＢＨＬＨ,1345,1345,8000,名詞,一般,*,*,*,*,ＢＨＬＨ,ビーエイチエルエイチ,ビーエイチエルエイチ,8/10,*,び[ーえいちえるえ]いち
ＢＨＯ,1345,1345,8000,名詞,一般,*,*,*,*,ＢＨＯ,ビーエイチオー,ビーエイチオー,0/7,*,び[ーえいちおー
ＢＨＣＮ,1345,1345,8000,名詞,一般,*,*,*,*,ＢＨＣＮ,ビーエイチシーエヌ,ビーエイチシーエヌ,0/9,*,び[ーえいちしーえぬ
ＢＨＣＡ,1345,1345,8000,名詞,一般,*,*,*,*,ＢＨＣＡ,ビーエイチシーエー,ビーエイチシーエー,0/9,*,び[ーえいちしーえー
ＢＨＧ,1345,1345,8000,名詞,一般,*,*,*,*,ＢＨＧ,ビーエイチジー,ビーエイチジー,0/7,*,び[ーえいちじー
ＢＨＢ,1345,1345,8000,名詞,一般,*,*,*,*,ＢＨＢ,ビーエイチビー,ビーエイチビー,0/7,*,び[ーえいちびー
ＢＨＰ,1348,1348,8000,名詞,固有名詞,一般,*,*,*,ＢＨＰ,ビーエイチピー,ビーエイチピー,6/7,*,び[ーえいちぴ]ー
ＢＨＰＳ,1345,1345,8000,名詞,一般,*,*,*,*,ＢＨＰＳ,ビーエイチピーエス,ビーエイチピーエス,7/9,*,び[ーえいちぴー]えす
ＢＨＶ,1345,1345,8000,名詞,一般,*,*,*,*,ＢＨＶ,ビーエイチブイ,ビーエイチブイ,0/7,*,び[ーえいちぶい
ＢＨＵ,1345,1345,8000,名詞,一般,*,*,*,*,ＢＨＵ,ビーエイチユー,ビーエイチユー,0/7,*,び[ーえいちゆー
ＢＳＪ,1345,1345,8000,名詞,一般,*,*,*,*,ＢＳＪ,ビーエスジェー,ビーエスジェー,4/6,*,び[ーえすじエ]ー
ＢＳＪＷ,1345,1345,8000,名詞,一般,*,*,*,*,ＢＳＪＷ,ビーエスジェーダブリュー,ビーエスジェーダブリュー,0/10,*,び[ーえすじエーだぶりユー
ＢＳＪＤ,1345,1345,8000,名詞,一般,*,*,*,*,ＢＳＪＤ,ビーエスジェーディー,ビーエスジェーディー,7/8,*,び[ーえすじエーでイ]ー
ＢＳＧＡ,1345,1345,8000,名詞,一般,*,*,*,*,ＢＳＧＡ,ビーエスジーエー,ビーエスジーエー,6/8,*,び[ーえすじー]えー
ＢＳＢ,1345,1345,8000,名詞,一般,*,*,*,*,ＢＳＢ,ビーエスビー,ビーエスビー,0/6,*,び[ーえすびー
ＢＳＰ,1345,1345,8000,名詞,一般,*,*,*,*,ＢＳＰ,ビーエスピー,ビーエスピー,0/6,*,び[ーえすぴー
ＢＮＮ,1345,1345,8000,名詞,一般,*,*,*,*,ＢＮＮ,ビーエヌエヌ,ビーエヌエヌ,0/6,*,び[ーえぬえぬ
ＢＮＭ,1345,1345,8000,名詞,一般,*,*,*,*,ＢＮＭ,ビーエヌエム,ビーエヌエム,0/6,*,び[ーえぬえむ
ＢＮＬ,1348,1348,8000,名詞,固有名詞,一般,*,*,*,ＢＮＬ,ビーエヌエルー,ビーエヌエルー,0/7,*,び[ーえぬえるー
ＢＮＫ,1345,1345,8000,名詞,一般,*,*,*,*,ＢＮＫ,ビーエヌケー,ビーエヌケー,0/6,*,び[ーえぬけー
ＢＮＪ,1345,1345,8000,名詞,一般,*,*,*,*,ＢＮＪ,ビーエヌジェー,ビーエヌジェー,4/6,*,び[ーえぬじエ]ー
ＢＦＯ,1345,1345,8000,名詞,一般,*,*,*,*,ＢＦＯ,ビーエフオー,ビーエフオー,0/6,*,び[ーえふおー
ＢＭＩＰＰ,1345,1345,8000,名詞,一般,*,*,*,*,ＢＭＩＰＰ,ビーエムアイピーピー,ビーエムアイピーピー,0/10,*,び[ーえむあいぴーぴー
ＢＭＲ,1345,1345,8000,名詞,一般,*,*,*,*,ＢＭＲ,ビーエムアール,ビーエムアール,5/7,*,び[ーえむあ]ーる
ＢＭＭ,1345,1345,8000,名詞,一般,*,*,*,*,ＢＭＭ,ビーエムエム,ビーエムエム,0/6,*,び[ーえむえむ
ＢＭＬ,1345,1345,8000,名詞,一般,*,*,*,*,ＢＭＬ,ビーエムエル,ビーエムエル,0/6,*,び[ーえむえる
ＢＭＡＴＴ,1348,1348,8000,名詞,固有名詞,一般,*,*,*,ＢＭＡＴＴ,ビーエムエーティーティー,ビーエムエーティーティー,9/10,*,び[ーえむえーてイーてイ]ー
ＢＭＣ,1345,1345,8000,名詞,一般,*,*,*,*,ＢＭＣ,ビーエムシー,ビーエムシー,0/6,*,び[ーえむしー
ＢＭＣＯ,1345,1345,8000,名詞,一般,*,*,*,*,ＢＭＣＯ,ビーエムシーオー,ビーエムシーオー,0/8,*,び[ーえむしーおー
ＢＭＷＩ,1348,1348,8000,名詞,固有名詞,一般,*,*,*,ＢＭＷＩ,ビーエムダブリューアイ,ビーエムダブリューアイ,6/10,*,び[ーえむだぶりユ]ーあい
ＢＭＢＷ,1345,1345,8000,名詞,一般,*,*,*,*,ＢＭＢＷ,ビーエムビーダブリュー,ビーエムビーダブリュー,8/10,*,び[ーえむびーだぶ]りユー
ＢＭＢＵ,1345,1345,8000,名詞,一般,*,*,*,*,ＢＭＢＵ,ビーエムビーユー,ビーエムビーユー,0/8,*,び[ーえむびーゆー
ＢＭＰＳ,1345,1345,8000,名詞,一般,*,*,*,*,ＢＭＰＳ,ビーエムピーエス,ビーエムピーエス,0/8,*,び[ーえむぴーえす
ＢＭＶＧ,1345,1345,8000,名詞,一般,*,*,*,*,ＢＭＶＧ,ビーエムブイジー,ビーエムブイジー,0/8,*,び[ーえむぶいじー
ＢＬＩＮＤ,1345,1345,8000,名詞,一般,*,*,*,*,ＢＬＩＮＤ,ビーエルアイエヌディー,ビーエルアイエヌディー,8/10,*,び[ーえるあいえぬでイ]ー
ＢＬＥ,1345,1345,8000,名詞,一般,*,*,*,*,ＢＬＥ,ビーエルイー,ビーエルイー,0/6,*,び[ーえるいー
ＢＬＥＳＳ,1345,1345,8000,名詞,一般,*,*,*,*,ＢＬＥＳＳ,ビーエルイーエスエス,ビーエルイーエスエス,0/10,*,び[ーえるいーえすえす
ＢＬＥＳＴ,1345,1345,8000,名詞,一般,*,*,*,*,ＢＬＥＳＴ,ビーエルイーエスティー,ビーエルイーエスティー,8/10,*,び[ーえるいーえすてイ]ー
ＢＬＥＮＤ,1345,1345,8000,名詞,一般,*,*,*,*,ＢＬＥＮＤ,ビーエルイーエヌディー,ビーエルイーエヌディー,8/10,*,び[ーえるいーえぬでイ]ー
ＢＬＥＡＴＨ,1345,1345,8000,名詞,一般,*,*,*,*,ＢＬＥＡＴＨ,ビーエルイーエーティーエイチ,ビーエルイーエーティーエイチ,11/13,*,び[ーえるいーえーてイーえ]いち
ＢＬＥＵ,1345,1345,8000,名詞,一般,*,*,*,*,ＢＬＥＵ,ビーエルイーユー,ビーエルイーユー,6/8,*,び[ーえるいー]ゆー
ＢＬＳ,1345,1345,8000,名詞,一般,*,*,*,*,ＢＬＳ,ビーエルエス,ビーエルエス,0/6,*,び[ーえるえす
ＢＬＮ,1345,1345,8000,名詞,一般,*,*,*,*,ＢＬＮ,ビーエルエヌ,ビーエルエヌ,0/6,*,び[ーえるえぬ
ＢＬＡＳＴ,1345,1345,8000,名詞,一般,*,*,*,*,ＢＬＡＳＴ,ビーエルエーエスティー,ビーエルエーエスティー,8/10,*,び[ーえるえーえすてイ]ー
ＢＬＡＮＫ,1345,1345,8000,名詞,一般,*,*,*,*,ＢＬＡＮＫ,ビーエルエーエヌケー,ビーエルエーエヌケー,0/10,*,び[ーえるえーえぬけー
ＢＬＡＮＣＯ,1345,1345,8000,名詞,一般,*,*,*,*,ＢＬＡＮＣＯ,ビーエルエーエヌシーオー,ビーエルエーエヌシーオー,0/12,*,び[ーえるえーえぬしーおー
ＢＬＡＡＫ,1345,1345,8000,名詞,一般,*,*,*,*,ＢＬＡＡＫ,ビーエルエーエーケー,ビーエルエーエーケー,0/10,*,び[ーえるえーえーけー
ＢＬＡＤＥ,1345,1345,8000,名詞,一般,*,*,*,*,ＢＬＡＤＥ,ビーエルエーディーイー,ビーエルエーディーイー,9/10,*,び[ーえるえーでイーい]ー
ＢＬＯＣＫ,1345,1345,8000,名詞,一般,*,*,*,*,ＢＬＯＣＫ,ビーエルオーシーケー,ビーエルオーシーケー,0/10,*,び[ーえるおーしーけー
ＢＬＣ,1345,1345,8000,名詞,一般,*,*,*,*,ＢＬＣ,ビーエルシー,ビーエルシー,0/6,*,び[ーえるしー
ＢＬＴ,1345,1345,8000,名詞,一般,*,*,*,*,ＢＬＴ,ビーエルティー,ビーエルティー,4/6,*,び[ーえるてイ]ー
ＢＬＤ,1345,1345,8000,名詞,一般,*,*,*,*,ＢＬＤ,ビーエルディー,ビーエルディー,4/6,*,び[ーえるでイ]ー
ＢＬＢＬ,1345,1345,8000,名詞,一般,*,*,*,*,ＢＬＢＬ,ビーエルビーエル,ビーエルビーエル,6/8,*,び[ーえるびー]える
ＢＬＵＲ,1345,1345,8000,名詞,一般,*,*,*,*,ＢＬＵＲ,ビーエルユーアール,ビーエルユーアール,0/9,*,び[ーえるゆーあーる
ＢＬＵＲＲ,1345,1345,8000,名詞,一般,*,*,*,*,ＢＬＵＲＲ,ビーエルユーアールアール,ビーエルユーアールアール,10/12,*,び[ーえるゆーあーるあ]ーる
ＢＡＩ,1345,1345,8000,名詞,一般,*,*,*,*,ＢＡＩ,ビーエーアイ,ビーエーアイ,4/6,*,び[ーえー]あい
ＢＡＩＮ,1345,1345,8000,名詞,一般,*,*,*,*,ＢＡＩＮ,ビーエーアイエヌ,ビーエーアイエヌ,6/8,*,び[ーえーあい]えぬ
ＢＡＩＹＵ,1345,1345,8000,名詞,一般,*,*,*,*,ＢＡＩＹＵ,ビーエーアイワイユー,ビーエーアイワイユー,0/10,*,び[ーえーあいわいゆー
ＢＡＲＥ,1345,1345,8000,名詞,一般,*,*,*,*,ＢＡＲＥ,ビーエーアールイー,ビーエーアールイー,0/9,*,び[ーえーあーるいー
ＢＡＨ,1345,1345,8000,名詞,一般,*,*,*,*,ＢＡＨ,ビーエーエイチ,ビーエーエイチ,5/7,*,び[ーえーえ]いち
ＢＡＳＩＵＭ,1345,1345,8000,名詞,一般,*,*,*,*,ＢＡＳＩＵＭ,ビーエーエスアイユーエム,ビーエーエスアイユーエム,0/12,*,び[ーえーえすあいゆーえむ
ＢＡＳＨＯ,1345,1345,8000,名詞,一般,*,*,*,*,ＢＡＳＨＯ,ビーエーエスエイチオー,ビーエーエスエイチオー,0/11,*,び[ーえーえすえいちおー
ＢＡＳＳＥ,1345,1345,8000,名詞,一般,*,*,*,*,ＢＡＳＳＥ,ビーエーエスエスイー,ビーエーエスエスイー,0/10,*,び[ーえーえすえすいー
ＢＡＳＳＯ,1345,1345,8000,名詞,一般,*,*,*,*,ＢＡＳＳＯ,ビーエーエスエスオー,ビーエーエスエスオー,0/10,*,び[ーえーえすえすおー
ＢＡＳＦ,1345,1345,8000,名詞,一般,*,*,*,*,ＢＡＳＦ,ビーエーエスエフ,ビーエーエスエフ,6/8,*,び[ーえーえす]えふ
ＢＡＳＷ,1345,1345,8000,名詞,一般,*,*,*,*,ＢＡＳＷ,ビーエーエスダブリュー,ビーエーエスダブリュー,0/10,*,び[ーえーえすだぶりユー
ＢＡＳＴ,1345,1345,8000,名詞,一般,*,*,*,*,ＢＡＳＴ,ビーエーエスティー,ビーエーエスティー,6/8,*,び[ーえーえすてイ]ー
ＢＡＳＵ,1345,1345,8000,名詞,一般,*,*,*,*,ＢＡＳＵ,ビーエーエスユー,ビーエーエスユー,6/8,*,び[ーえーえす]ゆー
ＢＡＮＡＮＡＳ,1345,1345,8000,名詞,一般,*,*,*,*,ＢＡＮＡＮＡＳ,ビーエーエヌエーエヌエーエス,ビーエーエヌエーエヌエーエス,0/14,*,び[ーえーえぬえーえぬえーえす
ＢＡＦＸ,1345,1345,8000,名詞,一般,*,*,*,*,ＢＡＦＸ,ビーエーエフエックス,ビーエーエフエックス,6/10,*,び[ーえーえふえ]っくす
ＢＡＬＳＡ,1345,1345,8000,名詞,一般,*,*,*,*,ＢＡＬＳＡ,ビーエーエルエスエー,ビーエーエルエスエー,0/10,*,び[ーえーえるえすえー
ＢＡＬＡＰ,1345,1345,8000,名詞,一般,*,*,*,*,ＢＡＬＡＰ,ビーエーエルエーピー,ビーエーエルエーピー,0/10,*,び[ーえーえるえーぴー
ＢＡＡ,1345,1345,8000,名詞,一般,*,*,*,*,ＢＡＡ,ビーエーエー,ビーエーエー,0/6,*,び[ーえーえー
ＢＡＫＥＲＳ,1345,1345,8000,名詞,一般,*,*,*,*,ＢＡＫＥＲＳ,ビーエーケーイーアールエス,ビーエーケーイーアールエス,0/13,*,び[ーえーけーいーあーるえす
ＢＡＣＩ,1345,1345,8000,名詞,一般,*,*,*,*,ＢＡＣＩ,ビーエーシーアイ,ビーエーシーアイ,6/8,*,び[ーえーしー]あい
ＢＡＣＫＳ,1345,1345,8000,名詞,一般,*,*,*,*,ＢＡＣＫＳ,ビーエーシーケーエス,ビーエーシーケーエス,0/10,*,び[ーえーしーけーえす
ＢＡＣＣＡＮＯ,1345,1345,8000,名詞,一般,*,*,*,*,ＢＡＣＣＡＮＯ,ビーエーシーシーエーエヌオー,ビーエーシーシーエーエヌオー,12/14,*,び[ーえーしーしーえーえぬ]おー
ＢＡＣＤ,1345,1345,8000,名詞,一般,*,*,*,*,ＢＡＣＤ,ビーエーシーディー,ビーエーシーディー,6/8,*,び[ーえーしーで]イ]ー
ＢＡＧＳ,1345,1345,8000,名詞,一般,*,*,*,*,ＢＡＧＳ,ビーエージーエス,ビーエージーエス,6/8,*,び[ーえーじー]えす
ＢＡＺＲＡ,1345,1345,8000,名詞,一般,*,*,*,*,ＢＡＺＲＡ,ビーエーズィーアールエー,ビーエーズィーアールエー,0/11,*,び[ーえーずイーあーるえー
ＢＡＺＡＡＲ,1345,1345,8000,名詞,一般,*,*,*,*,ＢＡＺＡＡＲ,ビーエーゼットエーエーアール,ビーエーゼットエーエーアール,12/14,*,び[ーえーぜっとえーえーあ]ーる
ＢＡＷＡＮＧ,1345,1345,8000,名詞,一般,*,*,*,*,ＢＡＷＡＮＧ,ビーエーダブリューエーエヌジー,ビーエーダブリューエーエヌジー,0/14,*,び[ーえーだぶりユーえーえぬじー
ＢＡＴＩＯ,1345,1345,8000,名詞,一般,*,*,*,*,ＢＡＴＩＯ,ビーエーティーアイオー,ビーエーティーアイオー,0/10,*,び[ーえーてイーあいおー
ＢＡＴＥＳ,1345,1345,8000,名詞,一般,*,*,*,*,ＢＡＴＥＳ,ビーエーティーイーエス,ビーエーティーイーエス,0/10,*,び[ーえーてイーいーえす
ＢＡＴＨ,1345,1345,8000,名詞,一般,*,*,*,*,ＢＡＴＨ,ビーエーティーエイチ,ビーエーティーエイチ,7/9,*,び[ーえーてイーえ]いち
ＢＡＴＮＡ,1345,1345,8000,名詞,一般,*,*,*,*,ＢＡＴＮＡ,ビーエーティーエヌエー,ビーエーティーエヌエー,0/10,*,び[ーえーてイーえぬえー
ＢＡＤＩ,1345,1345,8000,名詞,一般,*,*,*,*,ＢＡＤＩ,ビーエーディーアイ,ビーエーディーアイ,7/8,*,び[ーえーでイーあ]い
ＢＡＤＥＤ,1345,1345,8000,名詞,一般,*,*,*,*,ＢＡＤＥＤ,ビーエーディーイーディー,ビーエーディーイーディー,9/10,*,び[ーえーでイーいーでイ]ー
ＢＡＤＹＸＢ,1345,1345,8000,名詞,一般,*,*,*,*,ＢＡＤＹＸＢ,ビーエーディーワイエックスビー,ビーエーディーワイエックスビー,12/14,*,び[ーえーでイーわいえっくす]びー
ＢＡＢＯ,1345,1345,8000,名詞,一般,*,*,*,*,ＢＡＢＯ,ビーエービーオー,ビーエービーオー,0/8,*,び[ーえーびーおー
ＢＡＢＤＣ,1345,1345,8000,名詞,一般,*,*,*,*,ＢＡＢＤＣ,ビーエービーディーシー,ビーエービーディーシー,9/10,*,び[ーえーびーでイーし]ー
ＢＡＢＹＳ,1345,1345,8000,名詞,一般,*,*,*,*,ＢＡＢＹＳ,ビーエービーワイエス,ビーエービーワイエス,0/10,*,び[ーえーびーわいえす
ＢＡＰＥ,1345,1345,8000,名詞,一般,*,*,*,*,ＢＡＰＥ,ビーエーピーイー,ビーエーピーイー,0/8,*,び[ーえーぴーいー
ＢＡＵＨＡＵＳ,1345,1345,8000,名詞,一般,*,*,*,*,ＢＡＵＨＡＵＳ,ビーエーユーエイチエーユーエス,ビーエーユーエイチエーユーエス,0/15,*,び[ーえーゆーえいちえーゆーえす
ＢＡＹＳ,1345,1345,8000,名詞,一般,*,*,*,*,ＢＡＹＳ,ビーエーワイエス,ビーエーワイエス,0/8,*,び[ーえーわいえす
ＢＯＲＯ,1345,1345,8000,名詞,一般,*,*,*,*,ＢＯＲＯ,ビーオーアールオー,ビーオーアールオー,7/9,*,び[ーおーあーる]おー
ＢＯＲＣＨ,1345,1345,8000,名詞,一般,*,*,*,*,ＢＯＲＣＨ,ビーオーアールシーエイチ,ビーオーアールシーエイチ,0/12,*,び[ーおーあーるしーえいち
ＢＯＥ,1345,1345,8000,名詞,一般,*,*,*,*,ＢＯＥ,ビーオーイー,ビーオーイー,0/6,*,び[ーおーいー
ＢＯＨ,1345,1345,8000,名詞,一般,*,*,*,*,ＢＯＨ,ビーオーエイチ,ビーオーエイチ,5/7,*,び[ーおーえ]いち
ＢＯＳＨ,1345,1345,8000,名詞,一般,*,*,*,*,ＢＯＳＨ,ビーオーエスエイチ,ビーオーエスエイチ,0/9,*,び[ーおーえすえいち
ＢＯＳＮＡ,1345,1345,8000,名詞,一般,*,*,*,*,ＢＯＳＮＡ,ビーオーエスエヌエー,ビーオーエスエヌエー,0/10,*,び[ーおーえすえぬえー
ＢＯＳＡＢＯ,1345,1345,8000,名詞,一般,*,*,*,*,ＢＯＳＡＢＯ,ビーオーエスエービーオー,ビーオーエスエービーオー,0/12,*,び[ーおーえすえーびーおー
ＢＯＳＯ,1345,1345,8000,名詞,一般,*,*,*,*,ＢＯＳＯ,ビーオーエスオー,ビーオーエスオー,0/8,*,び[ーおーえすおー
ＢＯＮＯ,1345,1345,8000,名詞,一般,*,*,*,*,ＢＯＮＯ,ビーオーエヌオー,ビーオーエヌオー,6/8,*,び[ーおーえぬ]おー
ＢＯＮＯＳ,1345,1345,8000,名詞,一般,*,*,*,*,ＢＯＮＯＳ,ビーオーエヌオーエス,ビーオーエヌオーエス,0/10,*,び[ーおーえぬおーえす
ＢＯＮＵＳ,1345,1345,8000,名詞,一般,*,*,*,*,ＢＯＮＵＳ,ビーオーエヌユーエス,ビーオーエヌユーエス,0/10,*,び[ーおーえぬゆーえす
ＢＯＬ,1345,1345,8000,名詞,一般,*,*,*,*,ＢＯＬ,ビーオーエル,ビーオーエル,4/6,*,び[ーおー]える
ＢＯＡＣ,1348,1348,8000,名詞,固有名詞,一般,*,*,*,ＢＯＡＣ,ビーオーエーシー,ビーオーエーシー,0/8,*,び[ーおーえーしー
ＢＯＯＮ,1345,1345,8000,名詞,一般,*,*,*,*,ＢＯＯＮ,ビーオーオーエヌ,ビーオーオーエヌ,0/8,*,び[ーおーおーえぬ
ＢＯＯＬ,1345,1345,8000,名詞,一般,*,*,*,*,ＢＯＯＬ,ビーオーオーエル,ビーオーオーエル,0/8,*,び[ーおーおーえる
ＢＯＫＣ,1345,1345,8000,名詞,一般,*,*,*,*,ＢＯＫＣ,ビーオーケーシー,ビーオーケーシー,0/8,*,び[ーおーけーしー
ＢＯＣ,1345,1345,8000,名詞,一般,*,*,*,*,ＢＯＣ,ビーオーシー,ビーオーシー,0/6,*,び[ーおーしー
ＢＯＷＳ,1345,1345,8000,名詞,一般,*,*,*,*,ＢＯＷＳ,ビーオーダブリューエス,ビーオーダブリューエス,9/10,*,び[ーおーだぶりユーえ]す
ＢＯＤＯＭ,1345,1345,8000,名詞,一般,*,*,*,*,ＢＯＤＯＭ,ビーオーディーオーエム,ビーオーディーオーエム,8/10,*,び[ーおーでイーおー]えむ
ＢＯＢＳ,1345,1345,8000,名詞,一般,*,*,*,*,ＢＯＢＳ,ビーオービーエス,ビーオービーエス,0/8,*,び[ーおーびーえす
ＢＯＵ,1345,1345,8000,名詞,一般,*,*,*,*,ＢＯＵ,ビーオーユー,ビーオーユー,0/6,*,び[ーおーゆー
ＢＯＹＺ,1345,1345,8000,名詞,一般,*,*,*,*,ＢＯＹＺ,ビーオーワイゼット,ビーオーワイゼット,6/9,*,び[ーおーわいぜ]っと
ＢＫＲ,1345,1345,8000,名詞,一般,*,*,*,*,ＢＫＲ,ビーケーアール,ビーケーアール,5/7,*,び[ーけーあ]ーる
ＢＫＡ,1345,1345,8000,名詞,一般,*,*,*,*,ＢＫＡ,ビーケーエー,ビーケーエー,0/6,*,び[ーけーえー
ＢＫＫ,1345,1345,8000,名詞,一般,*,*,*,*,ＢＫＫ,ビーケーケー,ビーケーケー,0/6,*,び[ーけーけー
ＢＫＤ,1345,1345,8000,名詞,一般,*,*,*,*,ＢＫＤ,ビーケーディー,ビーケーディー,4/6,*,び[ーけーでイ]ー
ＢＫＰ,1345,1345,8000,名詞,一般,*,*,*,*,ＢＫＰ,ビーケーピー,ビーケーピー,0/6,*,び[ーけーぴー
ＢＫＰＭ,1345,1345,8000,名詞,一般,*,*,*,*,ＢＫＰＭ,ビーケーピーエム,ビーケーピーエム,0/8,*,び[ーけーぴーえむ
ＢＣＲ,1345,1345,8000,名詞,一般,*,*,*,*,ＢＣＲ,ビーシーアール,ビーシーアール,5/7,*,び[ーしーあ]ーる
ＢＣＲＤ,1345,1345,8000,名詞,一般,*,*,*,*,ＢＣＲＤ,ビーシーアールディー,ビーシーアールディー,7/9,*,び[ーしーあーるでイ]ー
ＢＣＮＵ,1345,1345,8000,名詞,一般,*,*,*,*,ＢＣＮＵ,ビーシーエヌユー,ビーシーエヌユー,0/8,*,び[ーしーえぬゆー
ＢＣＦＧ,1345,1345,8000,名詞,一般,*,*,*,*,ＢＣＦＧ,ビーシーエフジー,ビーシーエフジー,0/8,*,び[ーしーえふじー
ＢＣＱＯ,1345,1345,8000,名詞,一般,*,*,*,*,ＢＣＱＯ,ビーシーキューオー,ビーシーキューオー,4/8,*,び[ーしーきユ]ーおー
ＢＣＤＡ,1345,1345,8000,名詞,一般,*,*,*,*,ＢＣＤＡ,ビーシーディーエー,ビーシーディーエー,7/8,*,び[ーしーでイーえ]ー
ＢＣＤＹＸＢ,1345,1345,8000,名詞,一般,*,*,*,*,ＢＣＤＹＸＢ,ビーシーディーワイエックスビー,ビーシーディーワイエックスビー,12/14,*,び[ーしーでイーわいえっくす]びー
ＢＪＣ,1345,1345,8000,名詞,一般,*,*,*,*,ＢＪＣ,ビージェーシー,ビージェーシー,5/6,*,び[ーじエーし]ー
ＢＧＲ,1345,1345,8000,名詞,一般,*,*,*,*,ＢＧＲ,ビージーアール,ビージーアール,5/7,*,び[ーじーあ]ーる
ＢＧＨＺ,1345,1345,8000,名詞,一般,*,*,*,*,ＢＧＨＺ,ビージーエイチゼット,ビージーエイチゼット,7/10,*,び[ーじーえいちぜ]っと
ＢＧＳ,1345,1345,8000,名詞,一般,*,*,*,*,ＢＧＳ,ビージーエス,ビージーエス,0/6,*,び[ーじーえす
ＢＧＡ,1345,1345,8000,名詞,一般,*,*,*,*,ＢＧＡ,ビージーエー,ビージーエー,0/6,*,び[ーじーえー
ＢＧＣ,1345,1345,8000,名詞,一般,*,*,*,*,ＢＧＣ,ビージーシー,ビージーシー,0/6,*,び[ーじーしー
ＢＧＣＧ,1345,1345,8000,名詞,一般,*,*,*,*,ＢＧＣＧ,ビージーシージー,ビージーシージー,0/8,*,び[ーじーしーじー
ＢＧＰ,1345,1345,8000,名詞,一般,*,*,*,*,ＢＧＰ,ビージーピー,ビージーピー,0/6,*,び[ーじーぴー
ＢＺＰ,1345,1345,8000,名詞,一般,*,*,*,*,ＢＺＰ,ビーゼットピー,ビーゼットピー,0/7,*,び[ーぜっとぴー
ＢＷＰＰ,1345,1345,8000,名詞,一般,*,*,*,*,ＢＷＰＰ,ビーダブリューピーピー,ビーダブリューピーピー,0/10,*,び[ーだぶりユーぴーぴー
ＢＴＲ,1345,1345,8000,名詞,一般,*,*,*,*,ＢＴＲ,ビーティーアール,ビーティーアール,5/7,*,び[ーてイーあ]ーる
ＢＴＬ,1345,1345,8000,名詞,一般,*,*,*,*,ＢＴＬ,ビーティーエル,ビーティーエル,5/6,*,び[ーてイーえ]る
ＢＴＡ,1345,1345,8000,名詞,一般,*,*,*,*,ＢＴＡ,ビーティーエー,ビーティーエー,5/6,*,び[ーてイーえ]ー
ＢＴＣＣ,1345,1345,8000,名詞,一般,*,*,*,*,ＢＴＣＣ,ビーティーシーシー,ビーティーシーシー,0/8,*,び[ーてイーしーしー
ＢＴＰ,1345,1345,8000,名詞,一般,*,*,*,*,ＢＴＰ,ビーティーピー,ビーティーピー,5/6,*,び[ーてイーぴ]ー
ＢＤＳ,1345,1345,8000,名詞,一般,*,*,*,*,ＢＤＳ,ビーディーエス,ビーディーエス,5/6,*,び[ーでイーえ]す
ＢＤＡＥ,1345,1345,8000,名詞,一般,*,*,*,*,ＢＤＡＥ,ビーディーエーイー,ビーディーエーイー,6/8,*,び[ーでイーえー]いー
ＢＤＺ,1345,1345,8000,名詞,一般,*,*,*,*,ＢＤＺ,ビーディーズィー,ビーディーズィー,5/6,*,び[ーでイーずイ]ー
ＢＤＢ,1345,1345,8000,名詞,一般,*,*,*,*,ＢＤＢ,ビーディービー,ビーディービー,5/6,*,び[ーでイーび]ー
ＢＤＰ,1345,1345,8000,名詞,一般,*,*,*,*,ＢＤＰ,ビーディーピー,ビーディーピー,5/6,*,び[ーでイーぴ]ー
ＢＤＵ,1345,1345,8000,名詞,一般,*,*,*,*,ＢＤＵ,ビーディーユー,ビーディーユー,5/6,*,び[ーでイーゆ]ー
ｂＢＢ,1345,1345,8000,名詞,一般,*,*,*,*,ｂＢＢ,ビービー,ビービー,0/4,*,び[ーびー
ＢＢＥ,1345,1345,8000,名詞,一般,*,*,*,*,ＢＢＥ,ビービーイー,ビービーイー,0/6,*,び[ーびーいー
ＢＢＭ,1345,1345,8000,名詞,一般,*,*,*,*,ＢＢＭ,ビービーエム,ビービーエム,0/6,*,び[ーびーえむ
ＢＢＭＩ,1345,1345,8000,名詞,一般,*,*,*,*,ＢＢＭＩ,ビービーエムアイ,ビービーエムアイ,0/8,*,び[ーびーえむあい
ＢＢＣＥＣ,1345,1345,8000,名詞,一般,*,*,*,*,ＢＢＣＥＣ,ビービーシーイーシー,ビービーシーイーシー,8/10,*,び[ーびーしーいー]しー
ＢＢＣＥＢ,1345,1345,8000,名詞,一般,*,*,*,*,ＢＢＣＥＢ,ビービーシーイービー,ビービーシーイービー,0/10,*,び[ーびーしーいーびー
ＢＢＣＢＣ,1348,1348,8000,名詞,固有名詞,一般,*,*,*,ＢＢＣＢＣ,ビービーシービーシー,ビービーシービーシー,0/10,*,び[ーびーしーびーしー
ＢＢＧ,1345,1345,8000,名詞,一般,*,*,*,*,ＢＢＧ,ビービージー,ビービージー,0/6,*,び[ーびーじー
ＢＢＢＪ,1345,1345,8000,名詞,一般,*,*,*,*,ＢＢＢＪ,ビービービージェー,ビービービージェー,6/8,*,び[ーびーびーじエ]ー
ＢＢＢＢ,1345,1345,8000,名詞,一般,*,*,*,*,ＢＢＢＢ,ビービービービー,ビービービービー,0/8,*,び[ーびーびーびー
ＢＰＨ,1345,1345,8000,名詞,一般,*,*,*,*,ＢＰＨ,ビーピーエイチ,ビーピーエイチ,5/7,*,び[ーぴーえ]いち
ＢＰＳＫ,1345,1345,8000,名詞,一般,*,*,*,*,ＢＰＳＫ,ビーピーエスケー,ビーピーエスケー,0/8,*,び[ーぴーえすけー
ＢＰＦ,1345,1345,8000,名詞,一般,*,*,*,*,ＢＰＦ,ビーピーエフ,ビーピーエフ,0/6,*,び[ーぴーえふ
ＢＰＡ,1345,1345,8000,名詞,一般,*,*,*,*,ＢＰＡ,ビーピーエー,ビーピーエー,0/6,*,び[ーぴーえー
ＢＰＫ,1345,1345,8000,名詞,一般,*,*,*,*,ＢＰＫ,ビーピーケー,ビーピーケー,0/6,*,び[ーぴーけー
ＢＰＣＡ,1345,1345,8000,名詞,一般,*,*,*,*,ＢＰＣＡ,ビーピーシーエー,ビーピーシーエー,6/8,*,び[ーぴーしー]えー
ＢＰＤ,1345,1345,8000,名詞,一般,*,*,*,*,ＢＰＤ,ビーピーディー,ビーピーディー,4/6,*,び[ーぴーでイ]ー
ＢＰＤＡ,1345,1345,8000,名詞,一般,*,*,*,*,ＢＰＤＡ,ビーピーディーエー,ビーピーディーエー,7/8,*,び[ーぴーでイーえ]ー
ＢＰＤＵ,1345,1345,8000,名詞,一般,*,*,*,*,ＢＰＤＵ,ビーピーディーユー,ビーピーディーユー,7/8,*,び[ーぴーでイーゆ]ー
ＢＶＩ,1345,1345,8000,名詞,一般,*,*,*,*,ＢＶＩ,ビーブイアイ,ビーブイアイ,0/6,*,び[ーぶいあい
ＢＵＩ,1345,1345,8000,名詞,一般,*,*,*,*,ＢＵＩ,ビーユーアイ,ビーユーアイ,0/6,*,び[ーゆーあい
ＢＵＲ,1345,1345,8000,名詞,一般,*,*,*,*,ＢＵＲ,ビーユーアール,ビーユーアール,5/7,*,び[ーゆーあ]ーる
ＢＵＲＳＴ,1345,1345,8000,名詞,一般,*,*,*,*,ＢＵＲＳＴ,ビーユーアールエスティー,ビーユーアールエスティー,9/11,*,び[ーゆーあーるえすてイ]ー
ＢＵＲＮＴＭ,1345,1345,8000,名詞,一般,*,*,*,*,ＢＵＲＮＴＭ,ビーユーアールエヌティーエム,ビーユーアールエヌティーエム,12/13,*,び[ーゆーあーるえぬてイーえ]む
ＢＵＲＴＯＮ,1345,1345,8000,名詞,一般,*,*,*,*,ＢＵＲＴＯＮ,ビーユーアールティーオーエヌ,ビーユーアールティーオーエヌ,0/13,*,び[ーゆーあーるてイーおーえぬ
ＢＵＳＳ,1345,1345,8000,名詞,一般,*,*,*,*,ＢＵＳＳ,ビーユーエスエス,ビーユーエスエス,0/8,*,び[ーゆーえすえす
ＢＵＳＫ,1345,1345,8000,名詞,一般,*,*,*,*,ＢＵＳＫ,ビーユーエスケー,ビーユーエスケー,0/8,*,び[ーゆーえすけー
ＢＵＮＩＭ,1345,1345,8000,名詞,一般,*,*,*,*,ＢＵＮＩＭ,ビーユーエヌアイエム,ビーユーエヌアイエム,0/10,*,び[ーゆーえぬあいえむ
ＢＵＮＳＯ,1345,1345,8000,名詞,一般,*,*,*,*,ＢＵＮＳＯ,ビーユーエヌエスオー,ビーユーエヌエスオー,8/10,*,び[ーゆーえぬえす]おー
ＢＵＮＰ,1345,1345,8000,名詞,一般,*,*,*,*,ＢＵＮＰ,ビーユーエヌピー,ビーユーエヌピー,0/8,*,び[ーゆーえぬぴー
ＢＵＬＥ,1345,1345,8000,名詞,一般,*,*,*,*,ＢＵＬＥ,ビーユーエルイー,ビーユーエルイー,6/8,*,び[ーゆーえる]いー
ＢＵＣＩ,1345,1345,8000,名詞,一般,*,*,*,*,ＢＵＣＩ,ビーユーシーアイ,ビーユーシーアイ,6/8,*,び[ーゆーしー]あい
ＢＵＣＨ,1345,1345,8000,名詞,一般,*,*,*,*,ＢＵＣＨ,ビーユーシーエイチ,ビーユーシーエイチ,0/9,*,び[ーゆーしーえいち
ＢＵＺＩＮ,1345,1345,8000,名詞,一般,*,*,*,*,ＢＵＺＩＮ,ビーユーゼットアイエヌ,ビーユーゼットアイエヌ,0/11,*,び[ーゆーぜっとあいえぬ
ＢＵＺＺ,1345,1345,8000,名詞,一般,*,*,*,*,ＢＵＺＺ,ビーユーゼットゼット,ビーユーゼットゼット,7/10,*,び[ーゆーぜっとぜ]っと
ＢＵＤＡＩ,1345,1345,8000,名詞,一般,*,*,*,*,ＢＵＤＡＩ,ビーユーディーエーアイ,ビーユーディーエーアイ,0/10,*,び[ーゆーでイーえーあい
ＢＵＢＵＬ,1345,1345,8000,名詞,一般,*,*,*,*,ＢＵＢＵＬ,ビーユービーユーエル,ビーユービーユーエル,0/10,*,び[ーゆーびーゆーえる
ＢＵＢＵＫＡ,1345,1345,8000,名詞,一般,*,*,*,*,ＢＵＢＵＫＡ,ビーユービーユーケーエー,ビーユービーユーケーエー,0/12,*,び[ーゆーびーゆーけーえー
ＢＵＵ,1345,1345,8000,名詞,一般,*,*,*,*,ＢＵＵ,ビーユーユー,ビーユーユー,0/6,*,び[ーゆーゆー
ＢＵＹＵＫ,1345,1345,8000,名詞,一般,*,*,*,*,ＢＵＹＵＫ,ビーユーワイユーケー,ビーユーワイユーケー,0/10,*,び[ーゆーわいゆーけー
ＢＹＳＳ,1345,1345,8000,名詞,一般,*,*,*,*,ＢＹＳＳ,ビーワイエスエス,ビーワイエスエス,0/8,*,び[ーわいえすえす
ＢＹＴＥ,1345,1345,8000,名詞,一般,*,*,*,*,ＢＹＴＥ,ビーワイティーイー,ビーワイティーイー,7/8,*,び[ーわいてイーい]ー
ＰＩＩ,1345,1345,8000,名詞,一般,*,*,*,*,ＰＩＩ,ピーアイアイ,ピーアイアイ,0/6,*,ぴ[ーあいあい
ＰＩＥＳ,1345,1345,8000,名詞,一般,*,*,*,*,ＰＩＥＳ,ピーアイイーエス,ピーアイイーエス,0/8,*,ぴ[ーあいいーえす
ＰＩＳＩＮ,1345,1345,8000,名詞,一般,*,*,*,*,ＰＩＳＩＮ,ピーアイエスアイエヌ,ピーアイエスアイエヌ,0/10,*,ぴ[ーあいえすあいえぬ
ＰＩＳＰ,1345,1345,8000,名詞,一般,*,*,*,*,ＰＩＳＰ,ピーアイエスピー,ピーアイエスピー,0/8,*,ぴ[ーあいえすぴー
ＰＩＮＥ,1345,1345,8000,名詞,一般,*,*,*,*,ＰＩＮＥ,ピーアイエヌイー,ピーアイエヌイー,0/8,*,ぴ[ーあいえぬいー
ＰＩＮＫＹ,1345,1345,8000,名詞,一般,*,*,*,*,ＰＩＮＫＹ,ピーアイエヌケーワイ,ピーアイエヌケーワイ,0/10,*,ぴ[ーあいえぬけーわい
ＰＩＮＴ,1345,1345,8000,名詞,一般,*,*,*,*,ＰＩＮＴ,ピーアイエヌティー,ピーアイエヌティー,6/8,*,ぴ[ーあいえぬてイ]ー
ＰＩＮＵＳ,1345,1345,8000,名詞,一般,*,*,*,*,ＰＩＮＵＳ,ピーアイエヌユーエス,ピーアイエヌユーエス,0/10,*,ぴ[ーあいえぬゆーえす
ＰＩＭ,1345,1345,8000,名詞,一般,*,*,*,*,ＰＩＭ,ピーアイエム,ピーアイエム,0/6,*,ぴ[ーあいえむ
ＰＩＭＳ,1345,1345,8000,名詞,一般,*,*,*,*,ＰＩＭＳ,ピーアイエムエス,ピーアイエムエス,0/8,*,ぴ[ーあいえむえす
ＰＩＬＳ,1345,1345,8000,名詞,一般,*,*,*,*,ＰＩＬＳ,ピーアイエルエス,ピーアイエルエス,0/8,*,ぴ[ーあいえるえす
ＰＩＡ,1348,1348,8000,名詞,固有名詞,一般,*,*,*,ＰＩＡ,ピーアイエー,ピーアイエー,0/6,*,ぴ[ーあいえー
ＰＩＡＴ,1345,1345,8000,名詞,一般,*,*,*,*,ＰＩＡＴ,ピーアイエーティー,ピーアイエーティー,6/8,*,ぴ[ーあいえーてイ]ー
ＰＩＣＭＤ,1345,1345,8000,名詞,一般,*,*,*,*,ＰＩＣＭＤ,ピーアイシーエムディー,ピーアイシーエムディー,8/10,*,ぴ[ーあいしーえむでイ]ー
ＰＩＣＴ,1345,1345,8000,名詞,一般,*,*,*,*,ＰＩＣＴ,ピーアイシーティー,ピーアイシーティー,6/8,*,ぴ[ーあいしーてイ]ー
ＰＩＣＰ,1345,1345,8000,名詞,一般,*,*,*,*,ＰＩＣＰ,ピーアイシーピー,ピーアイシーピー,0/8,*,ぴ[ーあいしーぴー
ＰＩＪＩＮ,1345,1345,8000,名詞,一般,*,*,*,*,ＰＩＪＩＮ,ピーアイジェーアイエヌ,ピーアイジェーアイエヌ,0/10,*,ぴ[ーあいじエーあいえぬ
ＰＩＧ,1345,1345,8000,名詞,一般,*,*,*,*,ＰＩＧ,ピーアイジー,ピーアイジー,0/6,*,ぴ[ーあいじー
ＰＩＷ,1345,1345,8000,名詞,一般,*,*,*,*,ＰＩＷ,ピーアイダブリュー,ピーアイダブリュー,6/8,*,ぴ[ーあいだぶ]りユー
ＰＩＢＨ,1345,1345,8000,名詞,一般,*,*,*,*,ＰＩＢＨ,ピーアイビーエイチ,ピーアイビーエイチ,0/9,*,ぴ[ーあいびーえいち
ＰＩＰＩＮ,1345,1345,8000,名詞,一般,*,*,*,*,ＰＩＰＩＮ,ピーアイピーアイエヌ,ピーアイピーアイエヌ,8/10,*,ぴ[ーあいぴーあい]えぬ
ＰＩＰＳ,1345,1345,8000,名詞,一般,*,*,*,*,ＰＩＰＳ,ピーアイピーエス,ピーアイピーエス,0/8,*,ぴ[ーあいぴーえす
ＰＩＶＯ,1345,1345,8000,名詞,一般,*,*,*,*,ＰＩＶＯ,ピーアイブイオー,ピーアイブイオー,0/8,*,ぴ[ーあいぶいおー
ＰＩＵ,1345,1345,8000,名詞,一般,*,*,*,*,ＰＩＵ,ピーアイユー,ピーアイユー,0/6,*,ぴ[ーあいゆー
ＰＲＩＥＳＴ,1345,1345,8000,名詞,一般,*,*,*,*,ＰＲＩＥＳＴ,ピーアールアイイーエスティー,ピーアールアイイーエスティー,11/13,*,ぴ[ーあーるあいいーえすてイ]ー
ＰＲＩＳＭ,1345,1345,8000,名詞,一般,*,*,*,*,ＰＲＩＳＭ,ピーアールアイエスエム,ピーアールアイエスエム,9/11,*,ぴ[ーあーるあいえす]えむ
ＰＲＩＮＣＥ,1345,1345,8000,名詞,一般,*,*,*,*,ＰＲＩＮＣＥ,ピーアールアイエヌシーイー,ピーアールアイエヌシーイー,0/13,*,ぴ[ーあーるあいえぬしーいー
ＰＲＩＮＴ,1345,1345,8000,名詞,一般,*,*,*,*,ＰＲＩＮＴ,ピーアールアイエヌティー,ピーアールアイエヌティー,9/11,*,ぴ[ーあーるあいえぬてイ]ー
ＰＲＩＭＥ,1345,1345,8000,名詞,一般,*,*,*,*,ＰＲＩＭＥ,ピーアールアイエムイー,ピーアールアイエムイー,9/11,*,ぴ[ーあーるあいえむ]いー
ＰＲＩＭＡ,1345,1345,8000,名詞,一般,*,*,*,*,ＰＲＩＭＡ,ピーアールアイエムエー,ピーアールアイエムエー,0/11,*,ぴ[ーあーるあいえむえー
ＰＲＩＭＡＬ,1345,1345,8000,名詞,一般,*,*,*,*,ＰＲＩＭＡＬ,ピーアールアイエムエーエル,ピーアールアイエムエーエル,0/13,*,ぴ[ーあーるあいえむえーえる
ＰＲＩＺＥ,1345,1345,8000,名詞,一般,*,*,*,*,ＰＲＩＺＥ,ピーアールアイズィーイー,ピーアールアイズィーイー,10/11,*,ぴ[ーあーるあいずイーい]ー
ＰＲＥＳＥＮＴ,1345,1345,8000,名詞,一般,*,*,*,*,ＰＲＥＳＥＮＴ,ピーアールイーエスイーエヌティー,ピーアールイーエスイーエヌティー,13/15,*,ぴ[ーあーるいーえすいーえぬてイ]ー
ＰＲＥＣ,1345,1345,8000,名詞,一般,*,*,*,*,ＰＲＥＣ,ピーアールイーシー,ピーアールイーシー,7/9,*,ぴ[ーあーるいー]しー
ＰＲＥＣＲ,1345,1345,8000,名詞,一般,*,*,*,*,ＰＲＥＣＲ,ピーアールイーシーアール,ピーアールイーシーアール,10/12,*,ぴ[ーあーるいーしーあ]ーる
ＰＲＥＰ,1345,1345,8000,名詞,一般,*,*,*,*,ＰＲＥＰ,ピーアールイーピー,ピーアールイーピー,7/9,*,ぴ[ーあーるいー]ぴー
ＰＲＮ,1345,1345,8000,名詞,一般,*,*,*,*,ＰＲＮ,ピーアールエヌ,ピーアールエヌ,5/7,*,ぴ[ーあーる]えぬ
ＰＲＡＧ,1345,1345,8000,名詞,一般,*,*,*,*,ＰＲＡＧ,ピーアールエージー,ピーアールエージー,7/9,*,ぴ[ーあーるえー]じー
ＰＲＯＧ,1345,1345,8000,名詞,一般,*,*,*,*,ＰＲＯＧ,ピーアールオージー,ピーアールオージー,7/9,*,ぴ[ーあーるおー]じー
ＰＲＯＢＬ,1345,1345,8000,名詞,一般,*,*,*,*,ＰＲＯＢＬ,ピーアールオービーエル,ピーアールオービーエル,0/11,*,ぴ[ーあーるおーびーえる
ＰＲＴ,1345,1345,8000,名詞,一般,*,*,*,*,ＰＲＴ,ピーアールティー,ピーアールティー,5/7,*,ぴ[ーあーるてイ]ー
ＰＲＤ,1345,1345,8000,名詞,一般,*,*,*,*,ＰＲＤ,ピーアールディー,ピーアールディー,0/7,*,ぴ[ーあーるでイー
ＰＲＢ,1345,1345,8000,名詞,一般,*,*,*,*,ＰＲＢ,ピーアールビー,ピーアールビー,5/7,*,ぴ[ーあーる]びー
ＰＲＰＳ,1345,1345,8000,名詞,一般,*,*,*,*,ＰＲＰＳ,ピーアールピーエス,ピーアールピーエス,0/9,*,ぴ[ーあーるぴーえす
ＰＲＵ,1345,1345,8000,名詞,一般,*,*,*,*,ＰＲＵ,ピーアールユー,ピーアールユー,5/7,*,ぴ[ーあーる]ゆー
ＰＥＲＳＥ,1345,1345,8000,名詞,一般,*,*,*,*,ＰＥＲＳＥ,ピーイーアールエスイー,ピーイーアールエスイー,0/11,*,ぴ[ーいーあーるえすいー
ＰＥＲＶ,1345,1345,8000,名詞,一般,*,*,*,*,ＰＥＲＶ,ピーイーアールブイ,ピーイーアールブイ,7/9,*,ぴ[ーいーあーる]ぶい
ＰＥＳＴ,1345,1345,8000,名詞,一般,*,*,*,*,ＰＥＳＴ,ピーイーエスティー,ピーイーエスティー,6/8,*,ぴ[ーいーえすてイ]ー
ＰＥＸ,1345,1345,8000,名詞,一般,*,*,*,*,ＰＥＸ,ピーイーエックス,ピーイーエックス,4/8,*,ぴ[ーいーえ]っくす
ＰＥＬ,1345,1345,8000,名詞,一般,*,*,*,*,ＰＥＬ,ピーイーエル,ピーイーエル,0/6,*,ぴ[ーいーえる
ＰＥＡ,1345,1345,8000,名詞,一般,*,*,*,*,ＰＥＡ,ピーイーエー,ピーイーエー,0/6,*,ぴ[ーいーえー
ＰＥＡＳ,1345,1345,8000,名詞,一般,*,*,*,*,ＰＥＡＳ,ピーイーエーエス,ピーイーエーエス,0/8,*,ぴ[ーいーえーえす
ＰＥＡＣＨ,1345,1345,8000,名詞,一般,*,*,*,*,ＰＥＡＣＨ,ピーイーエーシーエイチ,ピーイーエーシーエイチ,0/11,*,ぴ[ーいーえーしーえいち
ＰＥＯ,1345,1345,8000,名詞,一般,*,*,*,*,ＰＥＯ,ピーイーオー,ピーイーオー,0/6,*,ぴ[ーいーおー
ＰＥＱ,1345,1345,8000,名詞,一般,*,*,*,*,ＰＥＱ,ピーイーキュー,ピーイーキュー,4/6,*,ぴ[ーいーきユ]ー
ＰＥＣＩ,1345,1345,8000,名詞,一般,*,*,*,*,ＰＥＣＩ,ピーイーシーアイ,ピーイーシーアイ,6/8,*,ぴ[ーいーしー]あい
ＰＥＪＴ,1345,1345,8000,名詞,一般,*,*,*,*,ＰＥＪＴ,ピーイージェーティー,ピーイージェーティー,7/8,*,ぴ[ーいーじエーてイ]ー
ＰＥＧＡ,1345,1345,8000,名詞,一般,*,*,*,*,ＰＥＧＡ,ピーイージーエー,ピーイージーエー,0/8,*,ぴ[ーいーじーえー
ＰＥＺ,1345,1345,8000,名詞,一般,*,*,*,*,ＰＥＺ,ピーイーゼット,ピーイーゼット,4/7,*,ぴ[ーいーぜ]っと
ＰＥＴＩＴ,1345,1345,8000,名詞,一般,*,*,*,*,ＰＥＴＩＴ,ピーイーティーアイティー,ピーイーティーアイティー,9/10,*,ぴ[ーいーてイーあいてイ]ー
ＰＥＴＲＡ,1345,1345,8000,名詞,一般,*,*,*,*,ＰＥＴＲＡ,ピーイーティーアールエー,ピーイーティーアールエー,0/11,*,ぴ[ーいーてイーあーるえー
ＰＥＴＥＲ,1345,1345,8000,名詞,一般,*,*,*,*,ＰＥＴＥＲ,ピーイーティーイーアール,ピーイーティーイーアール,9/11,*,ぴ[ーいーてイーいーあ]ーる
ＰＥＴＺ,1345,1345,8000,名詞,一般,*,*,*,*,ＰＥＴＺ,ピーイーティーズィー,ピーイーティーズィー,7/8,*,ぴ[ーいーてイーずイ]ー
ＰＥＤ,1345,1345,8000,名詞,一般,*,*,*,*,ＰＥＤ,ピーイーディー,ピーイーディー,4/6,*,ぴ[ーいーでイ]ー
ＰＨＩＬＨ,1345,1345,8000,名詞,一般,*,*,*,*,ＰＨＩＬＨ,ピーエイチアイエルエイチ,ピーエイチアイエルエイチ,10/12,*,ぴ[ーえいちあいえるえ]いち
ＰＨＥ,1345,1345,8000,名詞,一般,*,*,*,*,ＰＨＥ,ピーエイチイー,ピーエイチイー,0/7,*,ぴ[ーえいちいー
ＰＨＥＭＡ,1345,1345,8000,名詞,一般,*,*,*,*,ＰＨＥＭＡ,ピーエイチイーエムエー,ピーエイチイーエムエー,0/11,*,ぴ[ーえいちいーえむえー
ＰＨＭＢ,1345,1345,8000,名詞,一般,*,*,*,*,ＰＨＭＢ,ピーエイチエムビー,ピーエイチエムビー,0/9,*,ぴ[ーえいちえむびー
ＰＨＡＲＹＮＧＯＣ,1345,1345,8000,名詞,一般,*,*,*,*,ＰＨＡＲＹＮＧＯＣ,ピーエイチエーアールワイエヌジーオーシー,ピーエイチエーアールワイエヌジーオーシー,0/20,*,ぴ[ーえいちえーあーるわいえぬじーおーしー
ＰＨＯＴＯ,1349,1349,8000,名詞,固有名詞,人名,一般,*,*,ＰＨＯＴＯ,ピーエイチオト,ピーエイチオト,5/7,*,ぴ[ーえいち]おと
ＰＨＯＳＰＨＯ,1345,1345,8000,名詞,一般,*,*,*,*,ＰＨＯＳＰＨＯ,ピーエイチオーエスピーエイチオー,ピーエイチオーエスピーエイチオー,0/16,*,ぴ[ーえいちおーえすぴーえいちおー
ＰＨＯＬＩ,1345,1345,8000,名詞,一般,*,*,*,*,ＰＨＯＬＩ,ピーエイチオーエルアイ,ピーエイチオーエルアイ,9/11,*,ぴ[ーえいちおーえる]あい
ＰＨＯＴ,1345,1345,8000,名詞,一般,*,*,*,*,ＰＨＯＴ,ピーエイチオーティー,ピーエイチオーティー,7/9,*,ぴ[ーえいちおーてイ]ー
ＰＨＹＳＩＣ,1345,1345,8000,名詞,一般,*,*,*,*,ＰＨＹＳＩＣ,ピーエイチワイエスアイシー,ピーエイチワイエスアイシー,11/13,*,ぴ[ーえいちわいえすあい]しー
ＰＳＩＤ,1345,1345,8000,名詞,一般,*,*,*,*,ＰＳＩＤ,ピーエスアイディー,ピーエスアイディー,6/8,*,ぴ[ーえすあいで]イ]ー
ＰＳＲ,1345,1345,8000,名詞,一般,*,*,*,*,ＰＳＲ,ピーエスアール,ピーエスアール,5/7,*,ぴ[ーえすあ]ーる
ＰＳＥＵ,1345,1345,8000,名詞,一般,*,*,*,*,ＰＳＥＵ,ピーエスイーユー,ピーエスイーユー,6/8,*,ぴ[ーえすいー]ゆー
ＰＳＳＣ,1345,1345,8000,名詞,一般,*,*,*,*,ＰＳＳＣ,ピーエスエスシー,ピーエスエスシー,6/8,*,ぴ[ーえすえす]しー
ＰＳＳＴ,1345,1345,8000,名詞,一般,*,*,*,*,ＰＳＳＴ,ピーエスエスティー,ピーエスエスティー,6/8,*,ぴ[ーえすえすてイ]ー
ＰＳＳＰ,1345,1345,8000,名詞,一般,*,*,*,*,ＰＳＳＰ,ピーエスエスピー,ピーエスエスピー,6/8,*,ぴ[ーえすえす]ぴー
ＰＳＭ,1345,1345,8000,名詞,一般,*,*,*,*,ＰＳＭ,ピーエスエム,ピーエスエム,0/6,*,ぴ[ーえすえむ
ＰＳＧＬ,1345,1345,8000,名詞,一般,*,*,*,*,ＰＳＧＬ,ピーエスジーエル,ピーエスジーエル,0/8,*,ぴ[ーえすじーえる
ＰＳＴＮ,1345,1345,8000,名詞,一般,*,*,*,*,ＰＳＴＮ,ピーエスティーエヌ,ピーエスティーエヌ,7/8,*,ぴ[ーえすてイーえ]ぬ
ＰＳＹＣ,1345,1345,8000,名詞,一般,*,*,*,*,ＰＳＹＣ,ピーエスワイシー,ピーエスワイシー,0/8,*,ぴ[ーえすわいしー
ＰＳＹＣＨＯ,1345,1345,8000,名詞,一般,*,*,*,*,ＰＳＹＣＨＯ,ピーエスワイシーエイチオー,ピーエスワイシーエイチオー,0/13,*,ぴ[ーえすわいしーえいちおー
ＰＳＹＣＨＯＰＨ,1345,1345,8000,名詞,一般,*,*,*,*,ＰＳＹＣＨＯＰＨ,ピーエスワイシーエイチオーピーエイチ,ピーエスワイシーエイチオーピーエイチ,0/18,*,ぴ[ーえすわいしーえいちおーぴーえいち
ＰＳＹＣＨＯＰＨＡＲ,1345,1345,8000,名詞,一般,*,*,*,*,ＰＳＹＣＨＯＰＨＡＲ,ピーエスワイシーエイチオーピーエイチエーアール,ピーエスワイシーエイチオーピーエイチエーアール,0/23,*,ぴ[ーえすわいしーえいちおーぴーえいちえーあーる
ＰＮＩ,1345,1345,8000,名詞,一般,*,*,*,*,ＰＮＩ,ピーエヌアイ,ピーエヌアイ,0/6,*,ぴ[ーえぬあい
ＰＮＣ,1345,1345,8000,名詞,一般,*,*,*,*,ＰＮＣ,ピーエヌシー,ピーエヌシー,0/6,*,ぴ[ーえぬしー
ＰＮＷ,1345,1345,8000,名詞,一般,*,*,*,*,ＰＮＷ,ピーエヌダブリュー,ピーエヌダブリュー,0/8,*,ぴ[ーえぬだぶりユー
ＰＮＤ,1345,1345,8000,名詞,一般,*,*,*,*,ＰＮＤ,ピーエヌディー,ピーエヌディー,4/6,*,ぴ[ーえぬでイ]ー
ＰＦＥ,1345,1345,8000,名詞,一般,*,*,*,*,ＰＦＥ,ピーエフイー,ピーエフイー,4/6,*,ぴ[ーえふ]いー
ＰＦＡ,1345,1345,8000,名詞,一般,*,*,*,*,ＰＦＡ,ピーエフエー,ピーエフエー,4/6,*,ぴ[ーえふ]えー
ＰＦＷ,1345,1345,8000,名詞,一般,*,*,*,*,ＰＦＷ,ピーエフダブリュー,ピーエフダブリュー,0/8,*,ぴ[ーえふだぶりユー
ＰＦＢＣ,1345,1345,8000,名詞,一般,*,*,*,*,ＰＦＢＣ,ピーエフビーシー,ピーエフビーシー,6/8,*,ぴ[ーえふびー]しー
ＰＭＲ,1345,1345,8000,名詞,一般,*,*,*,*,ＰＭＲ,ピーエムアール,ピーエムアール,5/7,*,ぴ[ーえむあ]ーる
ＰＭＯ,1345,1345,8000,名詞,一般,*,*,*,*,ＰＭＯ,ピーエムオー,ピーエムオー,0/6,*,ぴ[ーえむおー
ＰＭＯＳ,1345,1345,8000,名詞,一般,*,*,*,*,ＰＭＯＳ,ピーエムオーエス,ピーエムオーエス,0/8,*,ぴ[ーえむおーえす
ＰＭＧ,1345,1345,8000,名詞,一般,*,*,*,*,ＰＭＧ,ピーエムジー,ピーエムジー,0/6,*,ぴ[ーえむじー
ＰＭＴ,1345,1345,8000,名詞,一般,*,*,*,*,ＰＭＴ,ピーエムティー,ピーエムティー,4/6,*,ぴ[ーえむてイ]ー
ＰＭＤＡ,1345,1345,8000,名詞,一般,*,*,*,*,ＰＭＤＡ,ピーエムディーエー,ピーエムディーエー,7/8,*,ぴ[ーえむでイーえ]ー
ＰＬＩ,1345,1345,8000,名詞,一般,*,*,*,*,ＰＬＩ,ピーエルアイ,ピーエルアイ,4/6,*,ぴ[ーえる]あい
ＰＬＸＸ,1345,1345,8000,名詞,一般,*,*,*,*,ＰＬＸＸ,ピーエルエックスエックス,ピーエルエックスエックス,8/12,*,ぴ[ーえるえっくすえ]っくす
ＰＬＡＴ,1348,1348,8000,名詞,固有名詞,一般,*,*,*,ＰＬＡＴ,ピーエルエーティー,ピーエルエーティー,6/8,*,ぴ[ーえるえーてイ]ー
ＰＬＷ,1345,1345,8000,名詞,一般,*,*,*,*,ＰＬＷ,ピーエルダブリュー,ピーエルダブリュー,0/8,*,ぴ[ーえるだぶりユー
ＰＬＤＴ,1345,1345,8000,名詞,一般,*,*,*,*,ＰＬＤＴ,ピーエルディーティー,ピーエルディーティー,7/8,*,ぴ[ーえるでイーて]イ]ー
ＰＬＵＧ,1345,1345,8000,名詞,一般,*,*,*,*,ＰＬＵＧ,ピーエルユージー,ピーエルユージー,0/8,*,ぴ[ーえるゆーじー
ＰＡＩＲ,1345,1345,8000,名詞,一般,*,*,*,*,ＰＡＩＲ,ピーエーアイアール,ピーエーアイアール,0/9,*,ぴ[ーえーあいあーる
ＰＡＩＤ,1345,1345,8000,名詞,一般,*,*,*,*,ＰＡＩＤ,ピーエーアイディー,ピーエーアイディー,6/8,*,ぴ[ーえーあいでイ]ー
ＰＡＲＭＡ,1345,1345,8000,名詞,一般,*,*,*,*,ＰＡＲＭＡ,ピーエーアールエムエー,ピーエーアールエムエー,0/11,*,ぴ[ーえーあーるえむえー
ＰＡＲＡＮ,1345,1345,8000,名詞,一般,*,*,*,*,ＰＡＲＡＮ,ピーエーアールエーエヌ,ピーエーアールエーエヌ,0/11,*,ぴ[ーえーあーるえーえぬ
ＰＡＲＡＮＥＯＰＬＡＳＴＩ,1345,1345,8000,名詞,一般,*,*,*,*,ＰＡＲＡＮＥＯＰＬＡＳＴＩ,ピーエーアールエーエヌイーオーピーエルエーエスティーアイ,ピーエーアールエーエヌイーオーピーエルエーエスティーアイ,0/27,*,ぴ[ーえーあーるえーえぬいーおーぴーえるえーえすてイーあい
ＰＡＲＡＴ,1345,1345,8000,名詞,一般,*,*,*,*,ＰＡＲＡＴ,ピーエーアールエーティー,ピーエーアールエーティー,9/11,*,ぴ[ーえーあーるえーてイ]ー
ＰＡＲＡＰ,1345,1345,8000,名詞,一般,*,*,*,*,ＰＡＲＡＰ,ピーエーアールエーピー,ピーエーアールエーピー,0/11,*,ぴ[ーえーあーるえーぴー
ＰＡＨＯ,1345,1345,8000,名詞,一般,*,*,*,*,ＰＡＨＯ,ピーエーエイチオー,ピーエーエイチオー,0/9,*,ぴ[ーえーえいちおー
ＰＡＳＯＲＩ,1345,1345,8000,名詞,一般,*,*,*,*,ＰＡＳＯＲＩ,ピーエーエスオーアールアイ,ピーエーエスオーアールアイ,0/13,*,ぴ[ーえーえすおーあーるあい
ＰＡＳＯＫ,1345,1345,8000,名詞,一般,*,*,*,*,ＰＡＳＯＫ,ピーエーエスオーケー,ピーエーエスオーケー,0/10,*,ぴ[ーえーえすおーけー
ＰＡＳＣＩＮ,1345,1345,8000,名詞,一般,*,*,*,*,ＰＡＳＣＩＮ,ピーエーエスシーアイエヌ,ピーエーエスシーアイエヌ,10/12,*,ぴ[ーえーえすしーあい]えぬ
ＰＡＳＣＡＬ,1345,1345,8000,名詞,一般,*,*,*,*,ＰＡＳＣＡＬ,ピーエーエスシーエーエル,ピーエーエスシーエーエル,0/12,*,ぴ[ーえーえすしーえーえる
ＰＡＳＣＵＡＬ,1348,1348,8000,名詞,固有名詞,一般,*,*,*,ＰＡＳＣＵＡＬ,ピーエーエスシーユーエーエル,ピーエーエスシーユーエーエル,13/14,*,ぴ[ーえーえすしーゆーえーえ]る
ＰＡＮＩＣ,1345,1345,8000,名詞,一般,*,*,*,*,ＰＡＮＩＣ,ピーエーエヌアイシー,ピーエーエヌアイシー,0/10,*,ぴ[ーえーえぬあいしー
ＰＡＮＧ,1345,1345,8000,名詞,一般,*,*,*,*,ＰＡＮＧ,ピーエーエヌジー,ピーエーエヌジー,0/8,*,ぴ[ーえーえぬじー
ＰＡＮＴ,1345,1345,8000,名詞,一般,*,*,*,*,ＰＡＮＴ,ピーエーエヌティー,ピーエーエヌティー,6/8,*,ぴ[ーえーえぬてイ]ー
ＰＡＮＤＡ,1345,1345,8000,名詞,一般,*,*,*,*,ＰＡＮＤＡ,ピーエーエヌディーエー,ピーエーエヌディーエー,9/10,*,ぴ[ーえーえぬでイーえ]ー
ＰＡＭＳ,1345,1345,8000,名詞,一般,*,*,*,*,ＰＡＭＳ,ピーエーエムエス,ピーエーエムエス,0/8,*,ぴ[ーえーえむえす
ＰＡＡＮ,1345,1345,8000,名詞,一般,*,*,*,*,ＰＡＡＮ,ピーエーエーエヌ,ピーエーエーエヌ,0/8,*,ぴ[ーえーえーえぬ
ＰＡＫ,1345,1345,8000,名詞,一般,*,*,*,*,ＰＡＫ,ピーエーケー,ピーエーケー,0/6,*,ぴ[ーえーけー
ＰＡＣＴ,1345,1345,8000,名詞,一般,*,*,*,*,ＰＡＣＴ,ピーエーシーティー,ピーエーシーティー,6/8,*,ぴ[ーえーしーてイ]ー
ＰＡＧＥ,1348,1348,8000,名詞,固有名詞,一般,*,*,*,ＰＡＧＥ,ピーエージーイー,ピーエージーイー,6/8,*,ぴ[ーえーじー]いー
ＰＡＷＮ,1345,1345,8000,名詞,一般,*,*,*,*,ＰＡＷＮ,ピーエーダブリューエヌ,ピーエーダブリューエヌ,9/10,*,ぴ[ーえーだぶりユーえ]ぬ
ＰＡＷＡ,1345,1345,8000,名詞,一般,*,*,*,*,ＰＡＷＡ,ピーエーダブリューエー,ピーエーダブリューエー,9/10,*,ぴ[ーえーだぶりユーえ]ー
ＰＡＢＭ,1345,1345,8000,名詞,一般,*,*,*,*,ＰＡＢＭ,ピーエービーエム,ピーエービーエム,0/8,*,ぴ[ーえーびーえむ
ＰＡＢＵ,1345,1345,8000,名詞,一般,*,*,*,*,ＰＡＢＵ,ピーエービーユー,ピーエービーユー,0/8,*,ぴ[ーえーびーゆー
ＰＡＰＩ,1345,1345,8000,名詞,一般,*,*,*,*,ＰＡＰＩ,ピーエーピーアイ,ピーエーピーアイ,6/8,*,ぴ[ーえーぴー]あい
ＰＡＵ,1345,1345,8000,名詞,一般,*,*,*,*,ＰＡＵ,ピーエーユー,ピーエーユー,0/6,*,ぴ[ーえーゆー
ＰＡＹＳ,1345,1345,8000,名詞,一般,*,*,*,*,ＰＡＹＳ,ピーエーワイエス,ピーエーワイエス,0/8,*,ぴ[ーえーわいえす
ＰＯＩＳ,1345,1345,8000,名詞,一般,*,*,*,*,ＰＯＩＳ,ピーオーアイエス,ピーオーアイエス,6/8,*,ぴ[ーおーあい]えす
ＰＯＩＤＳ,1345,1345,8000,名詞,一般,*,*,*,*,ＰＯＩＤＳ,ピーオーアイディーエス,ピーオーアイディーエス,9/10,*,ぴ[ーおーあいでイーえ]す
ＰＯＲＴ,1345,1345,8000,名詞,一般,*,*,*,*,ＰＯＲＴ,ピーオーアールティー,ピーオーアールティー,7/9,*,ぴ[ーおーあーるてイ]ー
ＰＯＳ,1345,1345,8000,名詞,一般,*,*,*,*,ＰＯＳ,ピーオーエス,ピーオーエス,0/6,*,ぴ[ーおーえす
ＰＯＳＥ,1345,1345,8000,名詞,一般,*,*,*,*,ＰＯＳＥ,ピーオーエスイー,ピーオーエスイー,0/8,*,ぴ[ーおーえすいー
ＰＯＮ,1345,1345,8000,名詞,一般,*,*,*,*,ＰＯＮ,ピーオーエヌ,ピーオーエヌ,0/6,*,ぴ[ーおーえぬ
ＰＯＮＴＡ,1345,1345,8000,名詞,一般,*,*,*,*,ＰＯＮＴＡ,ピーオーエヌティーエー,ピーオーエヌティーエー,9/10,*,ぴ[ーおーえぬてイーえ]ー
ＰＯＬＹ,1345,1345,8000,名詞,一般,*,*,*,*,ＰＯＬＹ,ピーオーエルワイ,ピーオーエルワイ,0/8,*,ぴ[ーおーえるわい
ＰＯＴ,1345,1345,8000,名詞,一般,*,*,*,*,ＰＯＴ,ピーオーティー,ピーオーティー,4/6,*,ぴ[ーおーてイ]ー
ＰＯＴＡ,1345,1345,8000,名詞,一般,*,*,*,*,ＰＯＴＡ,ピーオーティーエー,ピーオーティーエー,7/8,*,ぴ[ーおーてイーえ]ー
ＰＯＴＵＳ,1345,1345,8000,名詞,一般,*,*,*,*,ＰＯＴＵＳ,ピーオーティーユーエス,ピーオーティーユーエス,0/10,*,ぴ[ーおーてイーゆーえす
ＰＯＢ,1345,1345,8000,名詞,一般,*,*,*,*,ＰＯＢ,ピーオービー,ピーオービー,0/6,*,ぴ[ーおーびー
ＰＯＵＣＨ,1345,1345,8000,名詞,一般,*,*,*,*,ＰＯＵＣＨ,ピーオーユーシーエイチ,ピーオーユーシーエイチ,0/11,*,ぴ[ーおーゆーしーえいち
ＰＱＲＳ,1345,1345,8000,名詞,一般,*,*,*,*,ＰＱＲＳ,ピーキューアールエス,ピーキューアールエス,0/9,*,ぴ[ーきユーあーるえす
ＰＱＨ,1345,1345,8000,名詞,一般,*,*,*,*,ＰＱＨ,ピーキューエイチ,ピーキューエイチ,5/7,*,ぴ[ーきユーえ]いち
ＰＱＣＤＳ,1345,1345,8000,名詞,一般,*,*,*,*,ＰＱＣＤＳ,ピーキューシーディーエス,ピーキューシーディーエス,9/10,*,ぴ[ーきユーしーでイーえ]す
ＰＫＰＲ,1345,1345,8000,名詞,一般,*,*,*,*,ＰＫＰＲ,ピーケーピーアール,ピーケーピーアール,0/9,*,ぴ[ーけーぴーあーる
ＰＣＩＫ,1345,1345,8000,名詞,一般,*,*,*,*,ＰＣＩＫ,ピーシーアイケー,ピーシーアイケー,6/8,*,ぴ[ーしーあい]けー
ＰＣＨＤＤ,1345,1345,8000,名詞,一般,*,*,*,*,ＰＣＨＤＤ,ピーシーエイチディーディー,ピーシーエイチディーディー,10/11,*,ぴ[ーしーえいちでイーでイ]ー
ＰＣＮＢ,1345,1345,8000,名詞,一般,*,*,*,*,ＰＣＮＢ,ピーシーエヌビー,ピーシーエヌビー,0/8,*,ぴ[ーしーえぬびー
ＰＣＤＰ,1345,1345,8000,名詞,一般,*,*,*,*,ＰＣＤＰ,ピーシーディーピー,ピーシーディーピー,7/8,*,ぴ[ーしーでイーぴ]ー
ＰＣＢＣ,1345,1345,8000,名詞,一般,*,*,*,*,ＰＣＢＣ,ピーシービーシー,ピーシービーシー,0/8,*,ぴ[ーしーびーしー
ＰＣＰＳ,1345,1345,8000,名詞,一般,*,*,*,*,ＰＣＰＳ,ピーシーピーエス,ピーシーピーエス,0/8,*,ぴ[ーしーぴーえす
ＰＣＶＰ,1345,1345,8000,名詞,一般,*,*,*,*,ＰＣＶＰ,ピーシーブイピー,ピーシーブイピー,0/8,*,ぴ[ーしーぶいぴー
ＰＣＵ,1345,1345,8000,名詞,一般,*,*,*,*,ＰＣＵ,ピーシーユー,ピーシーユー,0/6,*,ぴ[ーしーゆー
ＰＣＵＳＡ,1345,1345,8000,名詞,一般,*,*,*,*,ＰＣＵＳＡ,ピーシーユーエスエー,ピーシーユーエスエー,9/10,*,ぴ[ーしーゆーえすえ]ー
ＰＧＥ,1345,1345,8000,名詞,一般,*,*,*,*,ＰＧＥ,ピージーイー,ピージーイー,0/6,*,ぴ[ーじーいー
ＰＧＭ,1345,1345,8000,名詞,一般,*,*,*,*,ＰＧＭ,ピージーエム,ピージーエム,5/6,*,ぴ[ーじーえ]む
ＰＧＤ,1345,1345,8000,名詞,一般,*,*,*,*,ＰＧＤ,ピージーディー,ピージーディー,4/6,*,ぴ[ーじーでイ]ー
ＰＺＤ,1345,1345,8000,名詞,一般,*,*,*,*,ＰＺＤ,ピーゼットディー,ピーゼットディー,5/7,*,ぴ[ーぜっとで]イ]ー
ＰＷＢ,1345,1345,8000,名詞,一般,*,*,*,*,ＰＷＢ,ピーダブリュービー,ピーダブリュービー,7/8,*,ぴ[ーだぶりユーび]ー
ＰＴＩ,1345,1345,8000,名詞,一般,*,*,*,*,ＰＴＩ,ピーティーアイ,ピーティーアイ,5/6,*,ぴ[ーてイーあ]い
ＰＴＥＲＹＧＯ,1345,1345,8000,名詞,一般,*,*,*,*,ＰＴＥＲＹＧＯ,ピーティーイーアールワイジーオー,ピーティーイーアールワイジーオー,0/15,*,ぴ[ーてイーいーあーるわいじーおー
ＰＴＥＦ,1345,1345,8000,名詞,一般,*,*,*,*,ＰＴＥＦ,ピーティーイーエフ,ピーティーイーエフ,0/8,*,ぴ[ーてイーいーえふ
ＰＴＸ,1345,1345,8000,名詞,一般,*,*,*,*,ＰＴＸ,ピーティーエックス,ピーティーエックス,5/8,*,ぴ[ーてイーえ]っくす
ＰＴＮ,1345,1345,8000,名詞,一般,*,*,*,*,ＰＴＮ,ピーティーエヌ,ピーティーエヌ,5/6,*,ぴ[ーてイーえ]ぬ
ＰＴＣＤ,1345,1345,8000,名詞,一般,*,*,*,*,ＰＴＣＤ,ピーティーシーディー,ピーティーシーディー,7/8,*,ぴ[ーてイーしーで]イ]ー
ＰＴＢ,1345,1345,8000,名詞,一般,*,*,*,*,ＰＴＢ,ピーティービー,ピーティービー,5/6,*,ぴ[ーてイーび]ー
ＰＴＰＳ,1345,1345,8000,名詞,一般,*,*,*,*,ＰＴＰＳ,ピーティーピーエス,ピーティーピーエス,7/8,*,ぴ[ーてイーぴーえ]す
ＰＤＳＴ,1345,1345,8000,名詞,一般,*,*,*,*,ＰＤＳＴ,ピーディーエスティー,ピーディーエスティー,7/8,*,ぴ[ーでイーえすてイ]ー
ＰＤＳＤ,1345,1345,8000,名詞,一般,*,*,*,*,ＰＤＳＤ,ピーディーエスディー,ピーディーエスディー,7/8,*,ぴ[ーでイーえすでイ]ー
ＰＤＯ,1345,1345,8000,名詞,一般,*,*,*,*,ＰＤＯ,ピーディーオー,ピーディーオー,5/6,*,ぴ[ーでイーお]ー
ＰＤＣＬ,1345,1345,8000,名詞,一般,*,*,*,*,ＰＤＣＬ,ピーディーシーエル,ピーディーシーエル,0/8,*,ぴ[ーでイーしーえる
ＰＤＣＡＡ,1345,1345,8000,名詞,一般,*,*,*,*,ＰＤＣＡＡ,ピーディーシーエーエー,ピーディーシーエーエー,0/10,*,ぴ[ーでイーしーえーえー
ＰＢＩ,1345,1345,8000,名詞,一般,*,*,*,*,ＰＢＩ,ピービーアイ,ピービーアイ,0/6,*,ぴ[ーびーあい
ＰＢＩＴＳ,1345,1345,8000,名詞,一般,*,*,*,*,ＰＢＩＴＳ,ピービーアイティーエス,ピービーアイティーエス,9/10,*,ぴ[ーびーあいてイーえ]す
ＰＢＦ,1345,1345,8000,名詞,一般,*,*,*,*,ＰＢＦ,ピービーエフ,ピービーエフ,5/6,*,ぴ[ーびーえ]ふ
ＰＢＡ,1345,1345,8000,名詞,一般,*,*,*,*,ＰＢＡ,ピービーエー,ピービーエー,0/6,*,ぴ[ーびーえー
ＰＢＤ,1345,1345,8000,名詞,一般,*,*,*,*,ＰＢＤ,ピービーディー,ピービーディー,4/6,*,ぴ[ーびーでイ]ー
ＰＢＰ,1345,1345,8000,名詞,一般,*,*,*,*,ＰＢＰ,ピービーピー,ピービーピー,0/6,*,ぴ[ーびーぴー
ＰＰＸ,1345,1345,8000,名詞,一般,*,*,*,*,ＰＰＸ,ピーピーエックス,ピーピーエックス,4/8,*,ぴ[ーぴーえ]っくす
ＰＰＦ,1345,1345,8000,名詞,一般,*,*,*,*,ＰＰＦ,ピーピーエフ,ピーピーエフ,0/6,*,ぴ[ーぴーえふ
ＰＰＭＶ,1345,1345,8000,名詞,一般,*,*,*,*,ＰＰＭＶ,ピーピーエムブイ,ピーピーエムブイ,0/8,*,ぴ[ーぴーえむぶい
ＰＰＯＬ,1345,1345,8000,名詞,一般,*,*,*,*,ＰＰＯＬ,ピーピーオーエル,ピーピーオーエル,6/8,*,ぴ[ーぴーおー]える
ＰＰＱＳ,1345,1345,8000,名詞,一般,*,*,*,*,ＰＰＱＳ,ピーピーキューエス,ピーピーキューエス,0/8,*,ぴ[ーぴーきユーえす
ＰＰＫ,1345,1345,8000,名詞,一般,*,*,*,*,ＰＰＫ,ピーピーケー,ピーピーケー,0/6,*,ぴ[ーぴーけー
ＰＶＦ,1345,1345,8000,名詞,一般,*,*,*,*,ＰＶＦ,ピーブイエフ,ピーブイエフ,0/6,*,ぴ[ーぶいえふ
ＰＶＡ,1345,1345,8000,名詞,一般,*,*,*,*,ＰＶＡ,ピーブイエー,ピーブイエー,0/6,*,ぴ[ーぶいえー
ＰＶＯ,1345,1345,8000,名詞,一般,*,*,*,*,ＰＶＯ,ピーブイオー,ピーブイオー,0/6,*,ぴ[ーぶいおー
ＰＶＷ,1345,1345,8000,名詞,一般,*,*,*,*,ＰＶＷ,ピーブイダブリュー,ピーブイダブリュー,0/8,*,ぴ[ーぶいだぶりユー
ＰＶＤＣ,1345,1345,8000,名詞,一般,*,*,*,*,ＰＶＤＣ,ピーブイディーシー,ピーブイディーシー,7/8,*,ぴ[ーぶいでイーし]ー
ＰＶＰＭ,1345,1345,8000,名詞,一般,*,*,*,*,ＰＶＰＭ,ピーブイピーエム,ピーブイピーエム,0/8,*,ぴ[ーぶいぴーえむ
ＰＵ,1345,1345,8000,名詞,一般,*,*,*,*,ＰＵ,ピーユー,ピーユー,0/4,*,ぴ[ーゆー
ＰＵＩＳ,1345,1345,8000,名詞,一般,*,*,*,*,ＰＵＩＳ,ピーユーアイエス,ピーユーアイエス,6/8,*,ぴ[ーゆーあい]えす
ＰＵＲＵＲＵ,1345,1345,8000,名詞,一般,*,*,*,*,ＰＵＲＵＲＵ,ピーユーアールユーアールユー,ピーユーアールユーアールユー,0/14,*,ぴ[ーゆーあーるゆーあーるゆー
ＰＵＮ,1345,1345,8000,名詞,一般,*,*,*,*,ＰＵＮ,ピーユーエヌ,ピーユーエヌ,0/6,*,ぴ[ーゆーえぬ
ＰＵＦＦＹ,1345,1345,8000,名詞,一般,*,*,*,*,ＰＵＦＦＹ,ピーユーエフエフワイ,ピーユーエフエフワイ,0/10,*,ぴ[ーゆーえふえふわい
ＰＵＯ,1345,1345,8000,名詞,一般,*,*,*,*,ＰＵＯ,ピーユーオー,ピーユーオー,0/6,*,ぴ[ーゆーおー
ＰＵＣ,1345,1345,8000,名詞,一般,*,*,*,*,ＰＵＣ,ピーユーシー,ピーユーシー,0/6,*,ぴ[ーゆーしー
ＰＵＣＨ,1345,1345,8000,名詞,一般,*,*,*,*,ＰＵＣＨ,ピーユーシーエイチ,ピーユーシーエイチ,0/9,*,ぴ[ーゆーしーえいち
ＰＵＴ,1345,1345,8000,名詞,一般,*,*,*,*,ＰＵＴ,ピーユーティー,ピーユーティー,4/6,*,ぴ[ーゆーてイ]ー
ＰＵＴＥＭ,1345,1345,8000,名詞,一般,*,*,*,*,ＰＵＴＥＭ,ピーユーティーイーエム,ピーユーティーイーエム,0/10,*,ぴ[ーゆーてイーいーえむ
ＰＵＢＯ,1345,1345,8000,名詞,一般,*,*,*,*,ＰＵＢＯ,ピーユービーオー,ピーユービーオー,0/8,*,ぴ[ーゆーびーおー
ＰＵＹ,1345,1345,8000,名詞,一般,*,*,*,*,ＰＵＹ,ピーユーワイ,ピーユーワイ,0/6,*,ぴ[ーゆーわい
ＰＹ,1345,1345,8000,名詞,一般,*,*,*,*,ＰＹ,ピーワイ,ピーワイ,0/4,*,ぴ[ーわい
ＰＹＥ,1345,1345,8000,名詞,一般,*,*,*,*,ＰＹＥ,ピーワイイー,ピーワイイー,0/6,*,ぴ[ーわいいー
ＰＹＡ,1345,1345,8000,名詞,一般,*,*,*,*,ＰＹＡ,ピーワイエー,ピーワイエー,0/6,*,ぴ[ーわいえー
ＰＹＯ,1345,1345,8000,名詞,一般,*,*,*,*,ＰＹＯ,ピーワイオー,ピーワイオー,0/6,*,ぴ[ーわいおー
ＦｉｓｈｅｒＹ,1345,1345,8000,名詞,一般,*,*,*,*,ＦｉｓｈｅｒＹ,フィッシャーワイ,フィッシャーワイ,3/6,*,ふ[イっしヤ]ーわい
Ｆｅｒｅｎｃ,1349,1349,8000,名詞,固有名詞,人名,一般,*,*,Ｆｅｒｅｎｃ,フェレンツ,フェレンツ,2/4,*,ふ[エれ]んつ
ＦＯＭＡＳＨ,1345,1345,8000,名詞,一般,*,*,*,*,ＦＯＭＡＳＨ,フォーマエスエイチ,フォーマエスエイチ,0/8,*,ふ[オーまえすえいち
ＦＯＭＡＰ,1345,1345,8000,名詞,一般,*,*,*,*,ＦＯＭＡＰ,フォーマピー,フォーマピー,3/5,*,ふ[オーま]ぴー
ＦｕｊｉＴＳＵ,1345,1345,8000,名詞,一般,*,*,*,*,ＦｕｊｉＴＳＵ,フジティーエスユー,フジティーエスユー,6/8,*,ふ[じてイーえす]ゆー
ＦｒｉｅｄｍａｎＮ,1345,1345,8000,名詞,一般,*,*,*,*,ＦｒｉｅｄｍａｎＮ,フリードマンエヌ,フリードマンエヌ,6/8,*,ふ[りーどまん]えぬ
Ｆｒｏｓｔ,1349,1349,8000,名詞,固有名詞,人名,一般,*,*,Ｆｒｏｓｔ,フロスト,フロスト,0/4,*,ふ[ろすと
ＶＩＩ,1345,1345,8000,名詞,一般,*,*,*,*,ＶＩＩ,ブイアイアイ,ブイアイアイ,0/6,*,ぶ[いあいあい
ＶＩＥＳ,1345,1345,8000,名詞,一般,*,*,*,*,ＶＩＥＳ,ブイアイイーエス,ブイアイイーエス,0/8,*,ぶ[いあいいーえす
ＶＩＳ,1345,1345,8000,名詞,一般,*,*,*,*,ＶＩＳ,ブイアイエス,ブイアイエス,4/6,*,ぶ[いあい]えす
ＶＩＳＩＯ,1345,1345,8000,名詞,一般,*,*,*,*,ＶＩＳＩＯ,ブイアイエスアイオー,ブイアイエスアイオー,0/10,*,ぶ[いあいえすあいおー
ＶＩＳＳＩ,1345,1345,8000,名詞,一般,*,*,*,*,ＶＩＳＳＩ,ブイアイエスエスアイ,ブイアイエスエスアイ,0/10,*,ぶ[いあいえすえすあい
ＶＩＳＯＮ,1345,1345,8000,名詞,一般,*,*,*,*,ＶＩＳＯＮ,ブイアイエスオーエヌ,ブイアイエスオーエヌ,0/10,*,ぶ[いあいえすおーえぬ
ＶＩＳＵＯ,1345,1345,8000,名詞,一般,*,*,*,*,ＶＩＳＵＯ,ブイアイエスユーオー,ブイアイエスユーオー,0/10,*,ぶ[いあいえすゆーおー
ＶＩＮＥ,1345,1345,8000,名詞,一般,*,*,*,*,ＶＩＮＥ,ブイアイエヌイー,ブイアイエヌイー,0/8,*,ぶ[いあいえぬいー
ＶＩＮＣＩ,1345,1345,8000,名詞,一般,*,*,*,*,ＶＩＮＣＩ,ブイアイエヌシーアイ,ブイアイエヌシーアイ,0/10,*,ぶ[いあいえぬしーあい
ＶＩＭ,1345,1345,8000,名詞,一般,*,*,*,*,ＶＩＭ,ブイアイエム,ブイアイエム,0/6,*,ぶ[いあいえむ
ＶＩＯ,1345,1345,8000,名詞,一般,*,*,*,*,ＶＩＯ,ブイアイオー,ブイアイオー,0/6,*,ぶ[いあいおー
ＶＩＯＳ,1345,1345,8000,名詞,一般,*,*,*,*,ＶＩＯＳ,ブイアイオーエス,ブイアイオーエス,0/8,*,ぶ[いあいおーえす
ＶＩＣ,1345,1345,8000,名詞,一般,*,*,*,*,ＶＩＣ,ブイアイシー,ブイアイシー,0/6,*,ぶ[いあいしー
ＶＩＣＥ,1345,1345,8000,名詞,一般,*,*,*,*,ＶＩＣＥ,ブイアイシーイー,ブイアイシーイー,0/8,*,ぶ[いあいしーいー
ＶＩＣＬ,1345,1345,8000,名詞,一般,*,*,*,*,ＶＩＣＬ,ブイアイシーエル,ブイアイシーエル,0/8,*,ぶ[いあいしーえる
ＶＩＣＪ,1345,1345,8000,名詞,一般,*,*,*,*,ＶＩＣＪ,ブイアイシージェー,ブイアイシージェー,6/8,*,ぶ[いあいしーじエ]ー
ＶＩＣＰ,1345,1345,8000,名詞,一般,*,*,*,*,ＶＩＣＰ,ブイアイシーピー,ブイアイシーピー,0/8,*,ぶ[いあいしーぴー
ＶＩＺ,1345,1345,8000,名詞,一般,*,*,*,*,ＶＩＺ,ブイアイゼット,ブイアイゼット,4/7,*,ぶ[いあいぜ]っと
ＶＩＴＣ,1345,1345,8000,名詞,一般,*,*,*,*,ＶＩＴＣ,ブイアイティーシー,ブイアイティーシー,7/8,*,ぶ[いあいてイーし]ー
ＶＩＴＺ,1345,1345,8000,名詞,一般,*,*,*,*,ＶＩＴＺ,ブイアイティーゼット,ブイアイティーゼット,7/9,*,ぶ[いあいてイーぜ]っと
ＶＩＢ,1345,1345,8000,名詞,一般,*,*,*,*,ＶＩＢ,ブイアイビー,ブイアイビー,0/6,*,ぶ[いあいびー
ＶＩＢＦ,1345,1345,8000,名詞,一般,*,*,*,*,ＶＩＢＦ,ブイアイビーエフ,ブイアイビーエフ,0/8,*,ぶ[いあいびーえふ
ＶＩＢＬ,1345,1345,8000,名詞,一般,*,*,*,*,ＶＩＢＬ,ブイアイビーエル,ブイアイビーエル,0/8,*,ぶ[いあいびーえる
ＶＩＰＳ,1345,1345,8000,名詞,一般,*,*,*,*,ＶＩＰＳ,ブイアイピーエス,ブイアイピーエス,0/8,*,ぶ[いあいぴーえす
ＶＩＰＯＬ,1345,1345,8000,名詞,一般,*,*,*,*,ＶＩＰＯＬ,ブイアイピーオーエル,ブイアイピーオーエル,8/10,*,ぶ[いあいぴーおー]える
ＶＲＭＬ,1345,1345,8000,名詞,一般,*,*,*,*,ＶＲＭＬ,ブイアールエムエル,ブイアールエムエル,0/9,*,ぶ[いあーるえむえる
ＶＲＧ,1345,1345,8000,名詞,一般,*,*,*,*,ＶＲＧ,ブイアールジー,ブイアールジー,5/7,*,ぶ[いあーる]じー
ＶＲＤ,1345,1345,8000,名詞,一般,*,*,*,*,ＶＲＤ,ブイアールディー,ブイアールディー,5/7,*,ぶ[いあーるでイ]ー
ＶＥＲＳ,1345,1345,8000,名詞,一般,*,*,*,*,ＶＥＲＳ,ブイイーアールエス,ブイイーアールエス,0/9,*,ぶ[いいーあーるえす
ＶＥＲＦＡＳＳ,1345,1345,8000,名詞,一般,*,*,*,*,ＶＥＲＦＡＳＳ,ブイイーアールエフエーエスエス,ブイイーアールエフエーエスエス,0/15,*,ぶ[いいーあーるえふえーえすえす
ＶＥＲＦＡＳＳＵＮＧ,1345,1345,8000,名詞,一般,*,*,*,*,ＶＥＲＦＡＳＳＵＮＧ,ブイイーアールエフエーエスエスユーエヌジー,ブイイーアールエフエーエスエスユーエヌジー,0/21,*,ぶ[いいーあーるえふえーえすえすゆーえぬじー
ＶＥＲＭ,1345,1345,8000,名詞,一般,*,*,*,*,ＶＥＲＭ,ブイイーアールエム,ブイイーアールエム,0/9,*,ぶ[いいーあーるえむ
ＶＥＲＬＡＧＳＢＵＣ,1345,1345,8000,名詞,一般,*,*,*,*,ＶＥＲＬＡＧＳＢＵＣ,ブイイーアールエルエージーエスビーユーシー,ブイイーアールエルエージーエスビーユーシー,0/21,*,ぶ[いいーあーるえるえーじーえすびーゆーしー
ＶＥＲＫＥＨＲＳ,1345,1345,8000,名詞,一般,*,*,*,*,ＶＥＲＫＥＨＲＳ,ブイイーアールケーイーエイチアールエス,ブイイーアールケーイーエイチアールエス,0/19,*,ぶ[いいーあーるけーいーえいちあーるえす
ＶＥＲＴ,1345,1345,8000,名詞,一般,*,*,*,*,ＶＥＲＴ,ブイイーアールティー,ブイイーアールティー,7/9,*,ぶ[いいーあーるてイ]ー
ＶＥＲＢＰＶ,1345,1345,8000,名詞,一般,*,*,*,*,ＶＥＲＢＰＶ,ブイイーアールビーピーブイ,ブイイーアールビーピーブイ,0/13,*,ぶ[いいーあーるびーぴーぶい
ＶＥＲＵＲＳＡ,1345,1345,8000,名詞,一般,*,*,*,*,ＶＥＲＵＲＳＡ,ブイイーアールユーアールエスエー,ブイイーアールユーアールエスエー,0/16,*,ぶ[いいーあーるゆーあーるえすえー
ＶＥＳＴ,1345,1345,8000,名詞,一般,*,*,*,*,ＶＥＳＴ,ブイイーエスティー,ブイイーエスティー,6/8,*,ぶ[いいーえすてイ]ー
ＶＥＮＴ,1345,1345,8000,名詞,一般,*,*,*,*,ＶＥＮＴ,ブイイーエヌティー,ブイイーエヌティー,6/8,*,ぶ[いいーえぬてイ]ー
ＶＥＯ,1345,1345,8000,名詞,一般,*,*,*,*,ＶＥＯ,ブイイーオー,ブイイーオー,0/6,*,ぶ[いいーおー
ＶＥＣ,1345,1345,8000,名詞,一般,*,*,*,*,ＶＥＣ,ブイイーシー,ブイイーシー,0/6,*,ぶ[いいーしー
ＶＥＧＡ,1345,1345,8000,名詞,一般,*,*,*,*,ＶＥＧＡ,ブイイージーエー,ブイイージーエー,0/8,*,ぶ[いいーじーえー
ＶＥＴ,1345,1345,8000,名詞,一般,*,*,*,*,ＶＥＴ,ブイイーティー,ブイイーティー,4/6,*,ぶ[いいーてイ]ー
ＶＥＢ,1345,1345,8000,名詞,一般,*,*,*,*,ＶＥＢ,ブイイービー,ブイイービー,0/6,*,ぶ[いいーびー
ＶＨＩ,1345,1345,8000,名詞,一般,*,*,*,*,ＶＨＩ,ブイエイチアイ,ブイエイチアイ,5/7,*,ぶ[いえいち]あい
ＶＨＬ,1345,1345,8000,名詞,一般,*,*,*,*,ＶＨＬ,ブイエイチエル,ブイエイチエル,0/7,*,ぶ[いえいちえる
ＶＳＩＰ,1345,1345,8000,名詞,一般,*,*,*,*,ＶＳＩＰ,ブイエスアイピー,ブイエスアイピー,6/8,*,ぶ[いえすあい]ぴー
ＶＳＡＭ,1345,1345,8000,名詞,一般,*,*,*,*,ＶＳＡＭ,ブイエスエーエム,ブイエスエーエム,0/8,*,ぶ[いえすえーえむ
ＶＳＯＰ,1345,1345,8000,名詞,一般,*,*,*,*,ＶＳＯＰ,ブイエスオーピー,ブイエスオーピー,0/8,*,ぶ[いえすおーぴー
ＶＳＪＯＭＯ,1348,1348,8000,名詞,固有名詞,一般,*,*,*,ＶＳＪＯＭＯ,ブイエスジョモ,ブイエスジョモ,0/6,*,ぶ[いえすじ[ヨも
ＶＳＴＯＬ,1345,1345,8000,名詞,一般,*,*,*,*,ＶＳＴＯＬ,ブイエストール,ブイエストール,5/7,*,ぶ[いえすと]ーる
ＶＳＰ,1345,1345,8000,名詞,一般,*,*,*,*,ＶＳＰ,ブイエスピー,ブイエスピー,4/6,*,ぶ[いえす]ぴー
ＶＸＲＳ,1345,1345,8000,名詞,一般,*,*,*,*,ＶＸＲＳ,ブイエックスアールエス,ブイエックスアールエス,9/11,*,ぶ[いえっくすあーる]えす
ＶＦＸ,1345,1345,8000,名詞,一般,*,*,*,*,ＶＦＸ,ブイエフエックス,ブイエフエックス,4/8,*,ぶ[いえふえ]っくす
ＶＭＦＡ,1345,1345,8000,名詞,一般,*,*,*,*,ＶＭＦＡ,ブイエムエフエー,ブイエムエフエー,0/8,*,ぶ[いえむえふえー
ＶＭＡＸ,1345,1345,8000,名詞,一般,*,*,*,*,ＶＭＡＸ,ブイエムエーエックス,ブイエムエーエックス,6/10,*,ぶ[いえむえーえ]っくす
ＶＭＡＪ,1345,1345,8000,名詞,一般,*,*,*,*,ＶＭＡＪ,ブイエムエージェー,ブイエムエージェー,6/8,*,ぶ[いえむえーじエ]ー
ＶＬＲ,1345,1345,8000,名詞,一般,*,*,*,*,ＶＬＲ,ブイエルアール,ブイエルアール,5/7,*,ぶ[いえるあ]ーる
ＶＬＣＣ,1345,1345,8000,名詞,一般,*,*,*,*,ＶＬＣＣ,ブイエルシーシー,ブイエルシーシー,6/8,*,ぶ[いえるしー]しー
ＶＬＴ,1345,1345,8000,名詞,一般,*,*,*,*,ＶＬＴ,ブイエルティー,ブイエルティー,4/6,*,ぶ[いえるてイ]ー
ＶＬＰ,1345,1345,8000,名詞,一般,*,*,*,*,ＶＬＰ,ブイエルピー,ブイエルピー,0/6,*,ぶ[いえるぴー
ＶＡＲＩＧ,1345,1345,8000,名詞,一般,*,*,*,*,ＶＡＲＩＧ,ブイエーアールアイジー,ブイエーアールアイジー,9/11,*,ぶ[いえーあーるあい]じー
ＶＡＲＰ,1345,1345,8000,名詞,一般,*,*,*,*,ＶＡＲＰ,ブイエーアールピー,ブイエーアールピー,0/9,*,ぶ[いえーあーるぴー
ＶＡＲＵ,1345,1345,8000,名詞,一般,*,*,*,*,ＶＡＲＵ,ブイエーアールユー,ブイエーアールユー,0/9,*,ぶ[いえーあーるゆー
ＶＡＳＴ,1345,1345,8000,名詞,一般,*,*,*,*,ＶＡＳＴ,ブイエーエスティー,ブイエーエスティー,6/8,*,ぶ[いえーえすてイ]ー
ＶＡＭＰ,1345,1345,8000,名詞,一般,*,*,*,*,ＶＡＭＰ,ブイエーエムピー,ブイエーエムピー,0/8,*,ぶ[いえーえむぴー
ＶＡＭＰＳ,1345,1345,8000,名詞,一般,*,*,*,*,ＶＡＭＰＳ,ブイエーエムピーエス,ブイエーエムピーエス,0/10,*,ぶ[いえーえむぴーえす
ＶＡＬＩＳ,1345,1345,8000,名詞,一般,*,*,*,*,ＶＡＬＩＳ,ブイエーエルアイエス,ブイエーエルアイエス,8/10,*,ぶ[いえーえるあい]えす
ＶＡＪＵ,1345,1345,8000,名詞,一般,*,*,*,*,ＶＡＪＵ,ブイエージェーユー,ブイエージェーユー,7/8,*,ぶ[いえーじエーゆ]ー
ＶＡＢ,1345,1345,8000,名詞,一般,*,*,*,*,ＶＡＢ,ブイエービー,ブイエービー,0/6,*,ぶ[いえーびー
ＶＡＵ,1345,1345,8000,名詞,一般,*,*,*,*,ＶＡＵ,ブイエーユー,ブイエーユー,0/6,*,ぶ[いえーゆー
ＶＡＵＸ,1345,1345,8000,名詞,一般,*,*,*,*,ＶＡＵＸ,ブイエーユーエックス,ブイエーユーエックス,6/10,*,ぶ[いえーゆーえ]っくす
ＶＯＲＧ,1345,1345,8000,名詞,一般,*,*,*,*,ＶＯＲＧ,ブイオーアールジー,ブイオーアールジー,0/9,*,ぶ[いおーあーるじー
ＶＯＲＴＡＣ,1345,1345,8000,名詞,一般,*,*,*,*,ＶＯＲＴＡＣ,ブイオーアールティーエーシー,ブイオーアールティーエーシー,12/13,*,ぶ[いおーあーるてイーえーし]ー
ＶＯＬＫＳ,1345,1345,8000,名詞,一般,*,*,*,*,ＶＯＬＫＳ,ブイオーエルケーエス,ブイオーエルケーエス,0/10,*,ぶ[いおーえるけーえす
ＶＯＣＡＬ,1345,1345,8000,名詞,一般,*,*,*,*,ＶＯＣＡＬ,ブイオーシーエーエル,ブイオーシーエーエル,8/10,*,ぶ[いおーしーえー]える
ＶＯＵＳＥ,1345,1345,8000,名詞,一般,*,*,*,*,ＶＯＵＳＥ,ブイオーユーエスイー,ブイオーユーエスイー,8/10,*,ぶ[いおーゆーえす]いー
ＶＫＴ,1345,1345,8000,名詞,一般,*,*,*,*,ＶＫＴ,ブイケーティー,ブイケーティー,4/6,*,ぶ[いけーてイ]ー
ＶＣＳ,1345,1345,8000,名詞,一般,*,*,*,*,ＶＣＳ,ブイシーエス,ブイシーエス,0/6,*,ぶ[いしーえす
ＶＣＳＥＬ,1345,1345,8000,名詞,一般,*,*,*,*,ＶＣＳＥＬ,ブイシーエスイーエル,ブイシーエスイーエル,0/10,*,ぶ[いしーえすいーえる
ＶＣＧ,1345,1345,8000,名詞,一般,*,*,*,*,ＶＣＧ,ブイシージー,ブイシージー,0/6,*,ぶ[いしーじー
ＶＧ,1345,1345,8000,名詞,一般,*,*,*,*,ＶＧ,ブイジー,ブイジー,0/4,*,ぶ[いじー
ＶＺ,1345,1345,8000,名詞,一般,*,*,*,*,ＶＺ,ブイゼット,ブイゼット,2/5,*,ぶ[いぜ]っと
ＶＷＵ,1345,1345,8000,名詞,一般,*,*,*,*,ＶＷＵ,ブイダブリューユー,ブイダブリューユー,0/8,*,ぶ[いだぶりユーゆー
ＶＴＺ,1345,1345,8000,名詞,一般,*,*,*,*,ＶＴＺ,ブイティーゼット,ブイティーゼット,5/7,*,ぶ[いてイーぜ]っと
ＶＴＴ,1345,1345,8000,名詞,一般,*,*,*,*,ＶＴＴ,ブイティーティー,ブイティーティー,5/6,*,ぶ[いてイーてイ]ー
ＶＤＲＬ,1345,1345,8000,名詞,一般,*,*,*,*,ＶＤＲＬ,ブイディーアールエル,ブイディーアールエル,0/9,*,ぶ[いでイーあーるえる
ＶＤＥ,1345,1345,8000,名詞,一般,*,*,*,*,ＶＤＥ,ブイディーイー,ブイディーイー,5/6,*,ぶ[いでイーい]ー
ＶＤＳ,1345,1345,8000,名詞,一般,*,*,*,*,ＶＤＳ,ブイディーエス,ブイディーエス,5/6,*,ぶ[いでイーえ]す
ＶＤＭ,1345,1345,8000,名詞,一般,*,*,*,*,ＶＤＭ,ブイディーエム,ブイディーエム,5/6,*,ぶ[いでイーえ]む
ＶＤＡ,1345,1345,8000,名詞,一般,*,*,*,*,ＶＤＡ,ブイディーエー,ブイディーエー,5/6,*,ぶ[いでイーえ]ー
ＶＢＥ,1345,1345,8000,名詞,一般,*,*,*,*,ＶＢＥ,ブイビーイー,ブイビーイー,0/6,*,ぶ[いびーいー
ＶＢＬ,1345,1345,8000,名詞,一般,*,*,*,*,ＶＢＬ,ブイビーエル,ブイビーエル,0/6,*,ぶ[いびーえる
ＶＰＲＯ,1345,1345,8000,名詞,一般,*,*,*,*,ＶＰＲＯ,ブイピーアールオー,ブイピーアールオー,0/9,*,ぶ[いぴーあーるおー
ＶＰＯ,1345,1345,8000,名詞,一般,*,*,*,*,ＶＰＯ,ブイピーオー,ブイピーオー,0/6,*,ぶ[いぴーおー
ＶＰＣＣ,1345,1345,8000,名詞,一般,*,*,*,*,ＶＰＣＣ,ブイピーシーシー,ブイピーシーシー,0/8,*,ぶ[いぴーしーしー
ＶＰＶＸ,1345,1345,8000,名詞,一般,*,*,*,*,ＶＰＶＸ,ブイピーブイエックス,ブイピーブイエックス,6/10,*,ぶ[いぴーぶいえ]っくす
ｖＶＶ,1345,1345,8000,名詞,一般,*,*,*,*,ｖＶＶ,ブイブイ,ブイブイ,0/4,*,ぶ[いぶい
ＶＶＩ,1345,1345,8000,名詞,一般,*,*,*,*,ＶＶＩ,ブイブイアイ,ブイブイアイ,0/6,*,ぶ[いぶいあい
ＶＶＦ,1345,1345,8000,名詞,一般,*,*,*,*,ＶＶＦ,ブイブイエフ,ブイブイエフ,0/6,*,ぶ[いぶいえふ
ＶＹＦＢ,1345,1345,8000,名詞,一般,*,*,*,*,ＶＹＦＢ,ブイワイエフビー,ブイワイエフビー,0/8,*,ぶ[いわいえふびー
Ｂｒｉｇｇ,1349,1349,8000,名詞,固有名詞,人名,一般,*,*,Ｂｒｉｇｇ,ブリッグ,ブリッグ,1/4,*,ぶ[り]っぐ
ＢｒｉｇｇＳ,1349,1349,8000,名詞,固有名詞,人名,一般,*,*,ＢｒｉｇｇＳ,ブリッグエス,ブリッグエス,0/6,*,ぶ[りっぐえす
ＢｒｉｔａｉｎＳ,1345,1345,8000,名詞,一般,*,*,*,*,ＢｒｉｔａｉｎＳ,ブリテンエス,ブリテンエス,4/6,*,ぶ[りてん]えす
ＨＥＲＡＳ,1345,1345,8000,名詞,一般,*,*,*,*,ＨＥＲＡＳ,ヘラス,ヘラス,1/3,*,へ]らす
ＢＥＣＫＥＲ,1345,1345,8000,名詞,一般,*,*,*,*,ＢＥＣＫＥＲ,ベックイーアール,ベックイーアール,1/8,*,べ]っくいーあーる
ＢｅｌｌＡ,1349,1349,8000,名詞,固有名詞,人名,一般,*,*,ＢｅｌｌＡ,ベルエー,ベルエー,0/4,*,べ[るえー
Ｂｅｌｓｈａｗ,1349,1349,8000,名詞,固有名詞,人名,一般,*,*,Ｂｅｌｓｈａｗ,ベルショウ,ベルショウ,2/4,*,べ[るし]ヨう
ＢｅｌｌＹ,1345,1345,8000,名詞,一般,*,*,*,*,ＢｅｌｌＹ,ベルワイ,ベルワイ,0/4,*,べ[るわい
ＢＣ,1345,1345,8000,名詞,一般,*,*,*,*,ＢＣ,ベーシー,ベーシー,0/4,*,べ[ーしー
ＢＢ,1345,1345,8000,名詞,一般,*,*,*,*,ＢＢ,ベーベー,ベーベー,0/4,*,べ[ーべー
ＨｏｐｅＳ,1349,1349,8000,名詞,固有名詞,人名,一般,*,*,ＨｏｐｅＳ,ホープエス,ホープエス,3/5,*,ほ[ーぷ]えす
Ｂｏｓｈ,1349,1349,8000,名詞,固有名詞,人名,一般,*,*,Ｂｏｓｈ,ボシュ,ボシュ,1/2,*,ぼ]しユ
ＶＯＬ,1345,1345,8000,名詞,一般,*,*,*,*,ＶＯＬ,ボル,ボル,1/2,*,ぼ]る
ＰＯＳＡ,1345,1345,8000,名詞,一般,*,*,*,*,ＰＯＳＡ,ポスエー,ポスエー,0/4,*,ぽ[すえー
ＰＯＳＣＯ,1345,1345,8000,名詞,一般,*,*,*,*,ＰＯＳＣＯ,ポスシーオー,ポスシーオー,4/6,*,ぽ[すしー]おー
ＰＯＰＡＩ,1345,1345,8000,名詞,一般,*,*,*,*,ＰＯＰＡＩ,ポップエーアイ,ポップエーアイ,5/7,*,ぽ[っぷえー]あい
ＰＯＰＰＯ,1345,1345,8000,名詞,一般,*,*,*,*,ＰＯＰＰＯ,ポップピーオー,ポップピーオー,0/7,*,ぽ[っぷぴーおー
ＭＩＫＥ,1349,1349,8000,名詞,固有名詞,人名,一般,*,*,ＭＩＫＥ,マイク,マイク,1/3,*,ま]いく
ＭｃＤＯＷＥＬＬ,1349,1349,8000,名詞,固有名詞,人名,一般,*,*,ＭｃＤＯＷＥＬＬ,マクダウェル,マクダウェル,3/5,*,ま[くだう]エる
ＭＡＳＡＭＩ,1345,1345,8000,名詞,一般,*,*,*,*,ＭＡＳＡＭＩ,マサエムアイ,マサエムアイ,4/6,*,ま[さえむ]あい
ＭＡＳＡＫＯ,1345,1345,8000,名詞,一般,*,*,*,*,ＭＡＳＡＫＯ,マサケーオー,マサケーオー,4/6,*,ま[さけー]おー
Ｍａｓａｈｉｋｏ,1351,1351,8000,名詞,固有名詞,人名,名,*,*,Ｍａｓａｈｉｋｏ,マサヒコ,マサヒコ,2/4,*,ま[さ]ひこ
Ｍａｓｕｈｉｒｏ,1351,1351,8000,名詞,固有名詞,人名,名,*,*,Ｍａｓｕｈｉｒｏ,マスヒロ,マスヒロ,0/4,*,ま[すひろ
ＭＡＤＨＵ,1349,1349,8000,名詞,固有名詞,人名,一般,*,*,ＭＡＤＨＵ,マドゥ,マドゥ,1/2,*,ま]どウ
ＭａｒｉＭａｒｉ,1349,1349,8000,名詞,固有名詞,人名,一般,*,*,ＭａｒｉＭａｒｉ,マリマリ,マリマリ,0/4,*,ま[りまり
Ｍｉｔｏｍｉ,1350,1350,8000,名詞,固有名詞,人名,姓,*,*,Ｍｉｔｏｍｉ,ミトミ,ミトミ,1/3,*,み]とみ
Ｍｉｙａｚａｗａ,1350,1350,8000,名詞,固有名詞,人名,姓,*,*,Ｍｉｙａｚａｗａ,ミヤザワ,ミヤザワ,0/4,*,み[やざわ
Ｍｉｙａｊｉｍａ,1350,1350,8000,名詞,固有名詞,人名,姓,*,*,Ｍｉｙａｊｉｍａ,ミヤジマ,ミヤジマ,0/4,*,み[やじま
ＭＵＳＥ,1345,1345,8000,名詞,一般,*,*,*,*,ＭＵＳＥ,ミューズ,ミューズ,0/3,*,み[ユ]ーず
ＭＵＳＥＥ,1345,1345,8000,名詞,一般,*,*,*,*,ＭＵＳＥＥ,ミューズイー,ミューズイー,3/5,*,み[ユーず]い]ー
Ｍｉｌｌａｒ,1349,1349,8000,名詞,固有名詞,人名,一般,*,*,Ｍｉｌｌａｒ,ミラー,ミラー,1/3,*,み]らー
Ｍｕｒｏｉ,1350,1350,8000,名詞,固有名詞,人名,姓,*,*,Ｍｕｒｏｉ,ムロイ,ムロイ,1/3,*,む]ろい
ＭＯＴＯＫＯ,1351,1351,8000,名詞,固有名詞,人名,名,*,*,ＭＯＴＯＫＯ,モトコ,モトコ,1/3,*,も]とこ
Ｍｏｒｒｏ,1353,1353,8000,名詞,固有名詞,地域,一般,*,*,Ｍｏｒｒｏ,モロ,モロ,1/2,*,も]ろ
ＹＡＧＵＤＩＮ,1349,1349,8000,名詞,固有名詞,人名,一般,*,*,ＹＡＧＵＤＩＮ,ヤグディン,ヤグディン,2/4,*,や[ぐで]イん
Ｙａｓｕｈｉｒｏ,1351,1351,8000,名詞,固有名詞,人名,名,*,*,Ｙａｓｕｈｉｒｏ,ヤスヒロ,ヤスヒロ,0/4,*,や[すひろ
Ｙａｓｕｆｕｍｉ,1351,1351,8000,名詞,固有名詞,人名,名,*,*,Ｙａｓｕｆｕｍｉ,ヤスフミ,ヤスフミ,0/4,*,や[すふみ
ＹａｍａｕｃｈｉＨｉｒｏｓｈｉ,1349,1349,8000,名詞,固有名詞,人名,一般,*,*,ＹａｍａｕｃｈｉＨｉｒｏｓｈｉ,ヤマウチヒロシ,ヤマウチヒロシ,5/7,*,や[まうちひ]ろし
ＹＵＲＩ,1349,1349,8000,名詞,固有名詞,人名,一般,*,*,ＹＵＲＩ,ユウアールアイ,ユウアールアイ,5/7,*,ゆ[うあーる]あい
ＹＵＭＩ,1345,1345,8000,名詞,一般,*,*,*,*,ＹＵＭＩ,ユウエムアイ,ユウエムアイ,4/6,*,ゆ[うえむ]あい
ＹＵＭＥ,1345,1345,8000,名詞,一般,*,*,*,*,ＹＵＭＥ,ユウエムイー,ユウエムイー,4/6,*,ゆ[うえむ]いー
ＹＵＡＳＡ,1345,1345,8000,名詞,一般,*,*,*,*,ＹＵＡＳＡ,ユウエーエスエー,ユウエーエスエー,0/8,*,ゆ[うえーえすえー
Ｙｕｄｕｋｉ,1351,1351,8000,名詞,固有名詞,人名,名,*,*,Ｙｕｄｕｋｉ,ユズキ,ユズキ,1/3,*,ゆ]ずき
ＵＩＮ,1345,1345,8000,名詞,一般,*,*,*,*,ＵＩＮ,ユーアイエヌ,ユーアイエヌ,0/6,*,ゆ[ーあいえぬ
ＵＩＬ,1345,1345,8000,名詞,一般,*,*,*,*,ＵＩＬ,ユーアイエル,ユーアイエル,0/6,*,ゆ[ーあいえる
ＵＩＣ,1345,1345,8000,名詞,一般,*,*,*,*,ＵＩＣ,ユーアイシー,ユーアイシー,0/6,*,ゆ[ーあいしー
ＵＩＣＳ,1345,1345,8000,名詞,一般,*,*,*,*,ＵＩＣＳ,ユーアイシーエス,ユーアイシーエス,0/8,*,ゆ[ーあいしーえす
ＵＩＣＮ,1345,1345,8000,名詞,一般,*,*,*,*,ＵＩＣＮ,ユーアイシーエヌ,ユーアイシーエヌ,6/8,*,ゆ[ーあいしー]えぬ
ＵＩＣＦ,1345,1345,8000,名詞,一般,*,*,*,*,ＵＩＣＦ,ユーアイシーエフ,ユーアイシーエフ,0/8,*,ゆ[ーあいしーえふ
ＵＩＣＣ,1345,1345,8000,名詞,一般,*,*,*,*,ＵＩＣＣ,ユーアイシーシー,ユーアイシーシー,0/8,*,ゆ[ーあいしーしー
ＵＩＣＺ,1345,1345,8000,名詞,一般,*,*,*,*,ＵＩＣＺ,ユーアイシーズィー,ユーアイシーズィー,6/8,*,ゆ[ーあいしーずイ]ー
ＵＩＪ,1345,1345,8000,名詞,一般,*,*,*,*,ＵＩＪ,ユーアイジェー,ユーアイジェー,4/6,*,ゆ[ーあいじエ]ー
ＵＩＰ,1345,1345,8000,名詞,一般,*,*,*,*,ＵＩＰ,ユーアイピー,ユーアイピー,0/6,*,ゆ[ーあいぴー
ＵＲＥＮＣＯ,1345,1345,8000,名詞,一般,*,*,*,*,ＵＲＥＮＣＯ,ユーアールイーエヌシーオー,ユーアールイーエヌシーオー,0/13,*,ゆ[ーあーるいーえぬしーおー
ＵＲＳ,1345,1345,8000,名詞,一般,*,*,*,*,ＵＲＳ,ユーアールエス,ユーアールエス,5/7,*,ゆ[ーあーる]えす
ＵＲＳＩ,1345,1345,8000,名詞,一般,*,*,*,*,ＵＲＳＩ,ユーアールエスアイ,ユーアールエスアイ,0/9,*,ゆ[ーあーるえすあい
ＵＲＳＡ,1345,1345,8000,名詞,一般,*,*,*,*,ＵＲＳＡ,ユーアールエスエー,ユーアールエスエー,0/9,*,ゆ[ーあーるえすえー
ＵＲＳＯ,1345,1345,8000,名詞,一般,*,*,*,*,ＵＲＳＯ,ユーアールエスオー,ユーアールエスオー,7/9,*,ゆ[ーあーるえす]おー
ＵＲＡＬ,1345,1345,8000,名詞,一般,*,*,*,*,ＵＲＡＬ,ユーアールエーエル,ユーアールエーエル,7/9,*,ゆ[ーあーるえー]える
ＵＲＣＡ,1345,1345,8000,名詞,一般,*,*,*,*,ＵＲＣＡ,ユーアールシーエー,ユーアールシーエー,0/9,*,ゆ[ーあーるしーえー
ＵＲＴ,1345,1345,8000,名詞,一般,*,*,*,*,ＵＲＴ,ユーアールティー,ユーアールティー,5/7,*,ゆ[ーあーるてイ]ー
ＵＲＵ,1345,1345,8000,名詞,一般,*,*,*,*,ＵＲＵ,ユーアールユー,ユーアールユー,5/7,*,ゆ[ーあーる]ゆー
ＵＥＥＲ,1345,1345,8000,名詞,一般,*,*,*,*,ＵＥＥＲ,ユーイーイーアール,ユーイーイーアール,7/9,*,ゆ[ーいーいーあ]ーる
ＵＥＷ,1345,1345,8000,名詞,一般,*,*,*,*,ＵＥＷ,ユーイーダブリュー,ユーイーダブリュー,0/8,*,ゆ[ーいーだぶりユー
ＵＨＲ,1345,1345,8000,名詞,一般,*,*,*,*,ＵＨＲ,ユーエイチアール,ユーエイチアール,6/8,*,ゆ[ーえいちあ]ーる
ＵＨＤＩ,1345,1345,8000,名詞,一般,*,*,*,*,ＵＨＤＩ,ユーエイチディーアイ,ユーエイチディーアイ,8/9,*,ゆ[ーえいちでイーあ]い
ＵＨＰ,1345,1345,8000,名詞,一般,*,*,*,*,ＵＨＰ,ユーエイチピー,ユーエイチピー,0/7,*,ゆ[ーえいちぴー
ＵＳＥＲ,1345,1345,8000,名詞,一般,*,*,*,*,ＵＳＥＲ,ユーエスイーアール,ユーエスイーアール,7/9,*,ゆ[ーえすいーあ]ーる
ＵＳＥＳ,1345,1345,8000,名詞,一般,*,*,*,*,ＵＳＥＳ,ユーエスイーエス,ユーエスイーエス,6/8,*,ゆ[ーえすいー]えす
ＵＳＥＳ,1345,1345,8000,名詞,一般,*,*,*,*,ＵＳＥＳ,ユーエスイーエス,ユーエスイーエス,6/8,*,ゆ[ーえすいー]えす
ＵＳＥＤ,1348,1348,8000,名詞,固有名詞,一般,*,*,*,ＵＳＥＤ,ユーエスイーディー,ユーエスイーディー,0/8,*,ゆ[ーえすいーでイー
ＵＳＳ,1345,1345,8000,名詞,一般,*,*,*,*,ＵＳＳ,ユーエスエス,ユーエスエス,0/6,*,ゆ[ーえすえす
ＵＳＡＦ,1345,1345,8000,名詞,一般,*,*,*,*,ＵＳＡＦ,ユーエスエーエフ,ユーエスエーエフ,6/8,*,ゆ[ーえすえー]えふ
ＵＳＡＭＡ,1345,1345,8000,名詞,一般,*,*,*,*,ＵＳＡＭＡ,ユーエスエーエムエー,ユーエスエーエムエー,8/10,*,ゆ[ーえすえーえむ]えー
ＵＳＡＫＯ,1345,1345,8000,名詞,一般,*,*,*,*,ＵＳＡＫＯ,ユーエスエーケーオー,ユーエスエーケーオー,8/10,*,ゆ[ーえすえーけー]おー
ＵＳＡＫＯ,1345,1345,8000,名詞,一般,*,*,*,*,ＵＳＡＫＯ,ユーエスエーケーオー,ユーエスエーケーオー,8/10,*,ゆ[ーえすえーけー]おー
ＵＳＣＡＲ,1345,1345,8000,名詞,一般,*,*,*,*,ＵＳＣＡＲ,ユーエスシーエーアール,ユーエスシーエーアール,9/11,*,ゆ[ーえすしーえーあ]ーる
ＵＳＣＣ,1345,1345,8000,名詞,一般,*,*,*,*,ＵＳＣＣ,ユーエスシーシー,ユーエスシーシー,6/8,*,ゆ[ーえすしー]しー
ＵＳＪ,1345,1345,8000,名詞,一般,*,*,*,*,ＵＳＪ,ユーエスジェー,ユーエスジェー,4/6,*,ゆ[ーえすじエ]ー
ＵＳＧＡ,1345,1345,8000,名詞,一般,*,*,*,*,ＵＳＧＡ,ユーエスジーエー,ユーエスジーエー,6/8,*,ゆ[ーえすじー]えー
ＵＳＢＨＤＤ,1345,1345,8000,名詞,一般,*,*,*,*,ＵＳＢＨＤＤ,ユーエスビーエイチディーディー,ユーエスビーエイチディーディー,12/13,*,ゆ[ーえすびーえいちでイーでイ]ー
ＵＳＰＳ,1345,1345,8000,名詞,一般,*,*,*,*,ＵＳＰＳ,ユーエスピーエス,ユーエスピーエス,6/8,*,ゆ[ーえすぴー]えす
ＵＳＶ,1345,1345,8000,名詞,一般,*,*,*,*,ＵＳＶ,ユーエスブイ,ユーエスブイ,0/6,*,ゆ[ーえすぶい
ＵＳＵＳ,1345,1345,8000,名詞,一般,*,*,*,*,ＵＳＵＳ,ユーエスユーエス,ユーエスユーエス,0/8,*,ゆ[ーえすゆーえす
ＵＸＩ,1345,1345,8000,名詞,一般,*,*,*,*,ＵＸＩ,ユーエックスアイ,ユーエックスアイ,6/8,*,ゆ[ーえっくす]あい
ＵＸＯ,1345,1345,8000,名詞,一般,*,*,*,*,ＵＸＯ,ユーエックスオー,ユーエックスオー,0/8,*,ゆ[ーえっくすおー
ＵＮＩＩＭＯＧ,1345,1345,8000,名詞,一般,*,*,*,*,ＵＮＩＩＭＯＧ,ユーエヌアイアイエムオージー,ユーエヌアイアイエムオージー,0/14,*,ゆ[ーえぬあいあいえむおーじー
ＵＮＩＦ,1345,1345,8000,名詞,一般,*,*,*,*,ＵＮＩＦ,ユーエヌアイエフ,ユーエヌアイエフ,0/8,*,ゆ[ーえぬあいえふ
ＵＮＩＦＬＬ,1345,1345,8000,名詞,一般,*,*,*,*,ＵＮＩＦＬＬ,ユーエヌアイエフエルエル,ユーエヌアイエフエルエル,0/12,*,ゆ[ーえぬあいえふえるえる
ＵＮＩＰＳ,1345,1345,8000,名詞,一般,*,*,*,*,ＵＮＩＰＳ,ユーエヌアイピーエス,ユーエヌアイピーエス,0/10,*,ゆ[ーえぬあいぴーえす
ＵＮＩＶＥＲＳ,1345,1345,8000,名詞,一般,*,*,*,*,ＵＮＩＶＥＲＳ,ユーエヌアイブイイーアールエス,ユーエヌアイブイイーアールエス,0/15,*,ゆ[ーえぬあいぶいいーあーるえす
ＵＮＲＲＡ,1345,1345,8000,名詞,一般,*,*,*,*,ＵＮＲＲＡ,ユーエヌアールアールエー,ユーエヌアールアールエー,0/12,*,ゆ[ーえぬあーるあーるえー
ＵＮＥＰＴＡ,1345,1345,8000,名詞,一般,*,*,*,*,ＵＮＥＰＴＡ,ユーエヌイーピーティーエー,ユーエヌイーピーティーエー,11/12,*,ゆ[ーえぬいーぴーてイーえ]ー
ＵＮＨＣＨＲ,1345,1345,8000,名詞,一般,*,*,*,*,ＵＮＨＣＨＲ,ユーエヌエイチシーエイチアール,ユーエヌエイチシーエイチアール,0/15,*,ゆ[ーえぬえいちしーえいちあーる
ＵＮＨＣＡＲ,1345,1345,8000,名詞,一般,*,*,*,*,ＵＮＨＣＡＲ,ユーエヌエイチシーエーアール,ユーエヌエイチシーエーアール,0/14,*,ゆ[ーえぬえいちしーえーあーる
ＵＮＳＭＡ,1345,1345,8000,名詞,一般,*,*,*,*,ＵＮＳＭＡ,ユーエヌエスエムエー,ユーエヌエスエムエー,0/10,*,ゆ[ーえぬえすえむえー
ＵＮＳＯ,1345,1345,8000,名詞,一般,*,*,*,*,ＵＮＳＯ,ユーエヌエスオー,ユーエヌエスオー,6/8,*,ゆ[ーえぬえす]おー
ＵＮＳＵＮ,1345,1345,8000,名詞,一般,*,*,*,*,ＵＮＳＵＮ,ユーエヌエスユーエヌ,ユーエヌエスユーエヌ,0/10,*,ゆ[ーえぬえすゆーえぬ
ＵＮＮ,1345,1345,8000,名詞,一般,*,*,*,*,ＵＮＮ,ユーエヌエヌ,ユーエヌエヌ,0/6,*,ゆ[ーえぬえぬ
ＵＮＦ,1345,1345,8000,名詞,一般,*,*,*,*,ＵＮＦ,ユーエヌエフ,ユーエヌエフ,0/6,*,ゆ[ーえぬえふ
ＵＮＭＩＫ,1345,1345,8000,名詞,一般,*,*,*,*,ＵＮＭＩＫ,ユーエヌエムアイケー,ユーエヌエムアイケー,0/10,*,ゆ[ーえぬえむあいけー
ＵＮＭＩＢＨ,1345,1345,8000,名詞,一般,*,*,*,*,ＵＮＭＩＢＨ,ユーエヌエムアイビーエイチ,ユーエヌエムアイビーエイチ,0/13,*,ゆ[ーえぬえむあいびーえいち
ＵＮＭＥＥ,1345,1345,8000,名詞,一般,*,*,*,*,ＵＮＭＥＥ,ユーエヌエムイーイー,ユーエヌエムイーイー,0/10,*,ゆ[ーえぬえむいーいー
ＵＮＭＯＴ,1345,1345,8000,名詞,一般,*,*,*,*,ＵＮＭＯＴ,ユーエヌエムオーティー,ユーエヌエムオーティー,8/10,*,ゆ[ーえぬえむおーてイ]ー
ＵＮＬＨＡ,1345,1345,8000,名詞,一般,*,*,*,*,ＵＮＬＨＡ,ユーエヌエルエイチエー,ユーエヌエルエイチエー,0/11,*,ゆ[ーえぬえるえいちえー
ＵＮＬＯＣＫ,1345,1345,8000,名詞,一般,*,*,*,*,ＵＮＬＯＣＫ,ユーエヌエルオーシーケー,ユーエヌエルオーシーケー,0/12,*,ゆ[ーえぬえるおーしーけー
ＵＮＬＶ,1345,1345,8000,名詞,一般,*,*,*,*,ＵＮＬＶ,ユーエヌエルブイ,ユーエヌエルブイ,0/8,*,ゆ[ーえぬえるぶい
ＵＮＯＭＵＲ,1345,1345,8000,名詞,一般,*,*,*,*,ＵＮＯＭＵＲ,ユーエヌオーエムユーアール,ユーエヌオーエムユーアール,11/13,*,ゆ[ーえぬおーえむゆーあ]ーる
ＵＮＯＣＨＡ,1345,1345,8000,名詞,一般,*,*,*,*,ＵＮＯＣＨＡ,ユーエヌオーシーエイチエー,ユーエヌオーシーエイチエー,0/13,*,ゆ[ーえぬおーしーえいちえー
ＵＮＯＣＡＬ,1345,1345,8000,名詞,一般,*,*,*,*,ＵＮＯＣＡＬ,ユーエヌオーシーエーエル,ユーエヌオーシーエーエル,0/12,*,ゆ[ーえぬおーしーえーえる
ＵＮＫＯ,1345,1345,8000,名詞,一般,*,*,*,*,ＵＮＫＯ,ユーエヌケーオー,ユーエヌケーオー,0/8,*,ゆ[ーえぬけーおー
ＵＮＣ,1345,1345,8000,名詞,一般,*,*,*,*,ＵＮＣ,ユーエヌシー,ユーエヌシー,0/6,*,ゆ[ーえぬしー
ＵＮＣＲＤ,1345,1345,8000,名詞,一般,*,*,*,*,ＵＮＣＲＤ,ユーエヌシーアールディー,ユーエヌシーアールディー,9/11,*,ゆ[ーえぬしーあーるでイ]ー
ＵＮＣＨＡＩＮ,1345,1345,8000,名詞,一般,*,*,*,*,ＵＮＣＨＡＩＮ,ユーエヌシーエイチエーアイエヌ,ユーエヌシーエイチエーアイエヌ,0/15,*,ゆ[ーえぬしーえいちえーあいえぬ
ＵＮＣＬＥ,1345,1345,8000,名詞,一般,*,*,*,*,ＵＮＣＬＥ,ユーエヌシーエルイー,ユーエヌシーエルイー,0/10,*,ゆ[ーえぬしーえるいー
ＵＮＣＬＯＳ,1345,1345,8000,名詞,一般,*,*,*,*,ＵＮＣＬＯＳ,ユーエヌシーエルオーエス,ユーエヌシーエルオーエス,0/12,*,ゆ[ーえぬしーえるおーえす
ＵＮＧＯＭＡＰ,1345,1345,8000,名詞,一般,*,*,*,*,ＵＮＧＯＭＡＰ,ユーエヌジーオーエムエーピー,ユーエヌジーオーエムエーピー,0/14,*,ゆ[ーえぬじーおーえむえーぴー
ＵＮＴＡＴ,1345,1345,8000,名詞,一般,*,*,*,*,ＵＮＴＡＴ,ユーエヌティーエーティー,ユーエヌティーエーティー,9/10,*,ゆ[ーえぬてイーえーてイ]ー
ＵＮＶ,1345,1345,8000,名詞,一般,*,*,*,*,ＵＮＶ,ユーエヌブイ,ユーエヌブイ,0/6,*,ゆ[ーえぬぶい
ＵＮＵＳ,1345,1345,8000,名詞,一般,*,*,*,*,ＵＮＵＳ,ユーエヌユーエス,ユーエヌユーエス,0/8,*,ゆ[ーえぬゆーえす
ＵＮＵＭ,1345,1345,8000,名詞,一般,*,*,*,*,ＵＮＵＭ,ユーエヌユーエム,ユーエヌユーエム,0/8,*,ゆ[ーえぬゆーえむ
ＵＦＳ,1345,1345,8000,名詞,一般,*,*,*,*,ＵＦＳ,ユーエフエス,ユーエフエス,0/6,*,ゆ[ーえふえす
ＵＦＴ,1345,1345,8000,名詞,一般,*,*,*,*,ＵＦＴ,ユーエフティ,ユーエフティ,0/5,*,ゆ[ーえふて]イ
ＵＦＰ,1345,1345,8000,名詞,一般,*,*,*,*,ＵＦＰ,ユーエフピー,ユーエフピー,0/6,*,ゆ[ーえふぴー
ＵＭＩ,1345,1345,8000,名詞,一般,*,*,*,*,ＵＭＩ,ユーエムアイ,ユーエムアイ,0/6,*,ゆ[ーえむあい
ＵＭＭ,1345,1345,8000,名詞,一般,*,*,*,*,ＵＭＭ,ユーエムエム,ユーエムエム,0/6,*,ゆ[ーえむえむ
ＵＭＫ,1345,1345,8000,名詞,一般,*,*,*,*,ＵＭＫ,ユーエムケー,ユーエムケー,0/6,*,ゆ[ーえむけー
ＵＭＣＫ,1345,1345,8000,名詞,一般,*,*,*,*,ＵＭＣＫ,ユーエムシーケー,ユーエムシーケー,0/8,*,ゆ[ーえむしーけー
ＵＭＴＳ,1345,1345,8000,名詞,一般,*,*,*,*,ＵＭＴＳ,ユーエムティーエス,ユーエムティーエス,7/8,*,ゆ[ーえむてイーえ]す
ＵＭＢ,1345,1345,8000,名詞,一般,*,*,*,*,ＵＭＢ,ユーエムビー,ユーエムビー,0/6,*,ゆ[ーえむびー
ＵＭＢＲＯ,1345,1345,8000,名詞,一般,*,*,*,*,ＵＭＢＲＯ,ユーエムビーアールオー,ユーエムビーアールオー,0/11,*,ゆ[ーえむびーあーるおー
ＵＭＰＣ,1345,1345,8000,名詞,一般,*,*,*,*,ＵＭＰＣ,ユーエムピーシー,ユーエムピーシー,0/8,*,ゆ[ーえむぴーしー
ＵＬ,1345,1345,8000,名詞,一般,*,*,*,*,ＵＬ,ユーエル,ユーエル,0/4,*,ゆ[ーえる
ＵＬＥＡＤ,1345,1345,8000,名詞,一般,*,*,*,*,ＵＬＥＡＤ,ユーエルイーエーディー,ユーエルイーエーディー,8/10,*,ゆ[ーえるいーえーでイ]ー
ＵＬＱ,1345,1345,8000,名詞,一般,*,*,*,*,ＵＬＱ,ユーエルキュー,ユーエルキュー,4/6,*,ゆ[ーえるきユ]ー
ＵＬＴＲ,1345,1345,8000,名詞,一般,*,*,*,*,ＵＬＴＲ,ユーエルティーアール,ユーエルティーアール,7/9,*,ゆ[ーえるてイーあ]ーる
ＵＬＴＲＡ,1345,1345,8000,名詞,一般,*,*,*,*,ＵＬＴＲＡ,ユーエルティーアールエー,ユーエルティーアールエー,0/11,*,ゆ[ーえるてイーあーるえー
ＵＬＤ,1345,1345,8000,名詞,一般,*,*,*,*,ＵＬＤ,ユーエルディー,ユーエルディー,4/6,*,ゆ[ーえるでイ]ー
ＵＡＩ,1345,1345,8000,名詞,一般,*,*,*,*,ＵＡＩ,ユーエーアイ,ユーエーアイ,0/6,*,ゆ[ーえーあい
ＵＡＣＴ,1345,1345,8000,名詞,一般,*,*,*,*,ＵＡＣＴ,ユーエーシーティー,ユーエーシーティー,6/8,*,ゆ[ーえーしーてイ]ー
ＵＡＷ,1345,1345,8000,名詞,一般,*,*,*,*,ＵＡＷ,ユーエーダブリュー,ユーエーダブリュー,0/8,*,ゆ[ーえーだぶりユー
ＵＫ,1349,1349,8000,名詞,固有名詞,地域,国,*,*,ＵＫ,ユーケー,ユーケー,0/4,*,ゆ[ーけー
ＵＫＷＤ,1345,1345,8000,名詞,一般,*,*,*,*,ＵＫＷＤ,ユーケーダブリューディー,ユーケーダブリューディー,9/10,*,ゆ[ーけーだぶりユーでイ]ー
ＵＫＵ,1345,1345,8000,名詞,一般,*,*,*,*,ＵＫＵ,ユーケーユー,ユーケーユー,0/6,*,ゆ[ーけーゆー
ＵＫＵＳＡ,1349,1349,8000,名詞,固有名詞,地域,国,*,*,ＵＫＵＳＡ,ユーケーユーエスエー,ユーケーユーエスエー,9/10,*,ゆ[ーけーゆーえすえ]ー
ＵＣ,1345,1345,8000,名詞,一般,*,*,*,*,ＵＣ,ユーシー,ユーシー,3/4,*,ゆ[ーし]ー
ＵＣＣＥ,1345,1345,8000,名詞,一般,*,*,*,*,ＵＣＣＥ,ユーシーシーイー,ユーシーシーイー,6/8,*,ゆ[ーしーしー]いー
ＵＣＣＳ,1345,1345,8000,名詞,一般,*,*,*,*,ＵＣＣＳ,ユーシーシーエス,ユーシーシーエス,6/8,*,ゆ[ーしーしー]えす
ＵＣＧ,1345,1345,8000,名詞,一般,*,*,*,*,ＵＣＧ,ユーシージー,ユーシージー,0/6,*,ゆ[ーしーじー
ＵＣＢ,1345,1345,8000,名詞,一般,*,*,*,*,ＵＣＢ,ユーシービー,ユーシービー,0/6,*,ゆ[ーしーびー
ＵＣＰＢ,1345,1345,8000,名詞,一般,*,*,*,*,ＵＣＰＢ,ユーシーピービー,ユーシーピービー,6/8,*,ゆ[ーしーぴー]びー
ＵＣＵ,1345,1345,8000,名詞,一般,*,*,*,*,ＵＣＵ,ユーシーユー,ユーシーユー,0/6,*,ゆ[ーしーゆー
ＵＪＬＩ,1345,1345,8000,名詞,一般,*,*,*,*,ＵＪＬＩ,ユージェーエルアイ,ユージェーエルアイ,7/8,*,ゆ[ーじエーえるあ]い
ＵＪＡ,1345,1345,8000,名詞,一般,*,*,*,*,ＵＪＡ,ユージェーエー,ユージェーエー,5/6,*,ゆ[ーじエーえ]ー
ＵＪＰＰ,1345,1345,8000,名詞,一般,*,*,*,*,ＵＪＰＰ,ユージェーピーピー,ユージェーピーピー,7/8,*,ゆ[ーじエーぴーぴ]ー
ＵＪＩＳ,1345,1345,8000,名詞,一般,*,*,*,*,ＵＪＩＳ,ユージス,ユージス,0/4,*,ゆ[ーじす
ＵＧＴＴ,1345,1345,8000,名詞,一般,*,*,*,*,ＵＧＴＴ,ユージーティーティー,ユージーティーティー,7/8,*,ゆ[ーじーてイーてイ]ー
ＵＺ,1345,1345,8000,名詞,一般,*,*,*,*,ＵＺ,ユーズィー,ユーズィー,2/4,*,ゆ[ーずイ]ー
ＵＺＩ,1345,1345,8000,名詞,一般,*,*,*,*,ＵＺＩ,ユーズィーアイ,ユーズィーアイ,5/6,*,ゆ[ーずイーあ]い
ＵＺＡＩ,1345,1345,8000,名詞,一般,*,*,*,*,ＵＺＡＩ,ユーゼットエーアイ,ユーゼットエーアイ,0/9,*,ゆ[ーぜっとえーあい
ＵＷＰ,1345,1345,8000,名詞,一般,*,*,*,*,ＵＷＰ,ユーダブリューピー,ユーダブリューピー,7/8,*,ゆ[ーだぶりユーぴ]ー
ＵＴＡＤＡ,1345,1345,8000,名詞,一般,*,*,*,*,ＵＴＡＤＡ,ユーティーエーディーエー,ユーティーエーディーエー,9/10,*,ゆ[ーてイーえーでイーえ]ー
ＵＴＶ,1345,1345,8000,名詞,一般,*,*,*,*,ＵＴＶ,ユーティーブイ,ユーティーブイ,5/6,*,ゆ[ーてイーぶ]い
ＵＤＲ,1345,1345,8000,名詞,一般,*,*,*,*,ＵＤＲ,ユーディーアール,ユーディーアール,5/7,*,ゆ[ーでイーあ]ーる
ＵＤＳ,1345,1345,8000,名詞,一般,*,*,*,*,ＵＤＳ,ユーディーエス,ユーディーエス,5/6,*,ゆ[ーでイーえ]す
ＵＤＯＮ,1345,1345,8000,名詞,一般,*,*,*,*,ＵＤＯＮ,ユーディーオーエヌ,ユーディーオーエヌ,0/8,*,ゆ[ーでイーおーえぬ
ＵＢＩＣ,1345,1345,8000,名詞,一般,*,*,*,*,ＵＢＩＣ,ユービーアイシー,ユービーアイシー,0/8,*,ゆ[ーびーあいしー
ＵＰＲＯＮＡ,1345,1345,8000,名詞,一般,*,*,*,*,ＵＰＲＯＮＡ,ユーピーアールオーエヌエー,ユーピーアールオーエヌエー,0/13,*,ゆ[ーぴーあーるおーえぬえー
ＵＰＨＣＩ,1345,1345,8000,名詞,一般,*,*,*,*,ＵＰＨＣＩ,ユーピーエイチシーアイ,ユーピーエイチシーアイ,0/11,*,ゆ[ーぴーえいちしーあい
ＵＰＳＩＤＥ,1345,1345,8000,名詞,一般,*,*,*,*,ＵＰＳＩＤＥ,ユーピーエスアイディーイー,ユーピーエスアイディーイー,0/12,*,ゆ[ーぴーえすあいでイーいー
ＵＰＮ,1348,1348,8000,名詞,固有名詞,一般,*,*,*,ＵＰＮ,ユーピーエヌ,ユーピーエヌ,5/6,*,ゆ[ーぴーえ]ぬ
ＵＰＮＰ,1345,1345,8000,名詞,一般,*,*,*,*,ＵＰＮＰ,ユーピーエヌピー,ユーピーエヌピー,6/8,*,ゆ[ーぴーえぬ]ぴー
ＵＰＬ,1345,1345,8000,名詞,一般,*,*,*,*,ＵＰＬ,ユーピーエル,ユーピーエル,0/6,*,ゆ[ーぴーえる
ＵＰＪ,1345,1345,8000,名詞,一般,*,*,*,*,ＵＰＪ,ユーピージェー,ユーピージェー,4/6,*,ゆ[ーぴーじエ]ー
ＵＶＡ,1345,1345,8000,名詞,一般,*,*,*,*,ＵＶＡ,ユーブイエー,ユーブイエー,0/6,*,ゆ[ーぶいえー
ＵＵＡ,1345,1345,8000,名詞,一般,*,*,*,*,ＵＵＡ,ユーユーエー,ユーユーエー,0/6,*,ゆ[ーゆーえー
ＵＵＧ,1345,1345,8000,名詞,一般,*,*,*,*,ＵＵＧ,ユーユージー,ユーユージー,0/6,*,ゆ[ーゆーじー
Ｙｏｒｉｓ,1349,1349,8000,名詞,固有名詞,人名,一般,*,*,Ｙｏｒｉｓ,ユーリス,ユーリス,0/4,*,ゆ[ーりす
ＥＵＲＥＫＡ,1345,1345,8000,名詞,一般,*,*,*,*,ＥＵＲＥＫＡ,ユーレカ,ユーレカ,0/4,*,ゆ[ーれか
ＵＹＳ,1345,1345,8000,名詞,一般,*,*,*,*,ＵＹＳ,ユーワイエス,ユーワイエス,0/6,*,ゆ[ーわいえす
ＹＯＫＯＭＯ,1345,1345,8000,名詞,一般,*,*,*,*,ＹＯＫＯＭＯ,ヨウコエムオー,ヨウコエムオー,6/7,*,よ[うこえ[む]おー
Ｊｏｓｅｐｈ,1349,1349,8000,名詞,固有名詞,人名,一般,*,*,Ｊｏｓｅｐｈ,ヨゼフ,ヨゼフ,1/3,*,よ]ぜふ
ＹＯＮＤＡ,1348,1348,8000,名詞,固有名詞,一般,*,*,*,ＹＯＮＤＡ,ヨンダ,ヨンダ,1/3,*,よ]んだ
ＲＡＣＩＳＭ,1345,1345,8000,名詞,一般,*,*,*,*,ＲＡＣＩＳＭ,ラックアイエスエム,ラックアイエスエム,0/9,*,ら[っくあいえすえむ
ＲＡＣＥＲ,1345,1345,8000,名詞,一般,*,*,*,*,ＲＡＣＥＲ,ラックイーアール,ラックイーアール,1/8,*,ら]っくいーあ]ーる
ＲＡＭＩＯＳ,1345,1345,8000,名詞,一般,*,*,*,*,ＲＡＭＩＯＳ,ラミオス,ラミオス,0/4,*,ら[みおす
ＲＡＭＤＡＣ,1345,1345,8000,名詞,一般,*,*,*,*,ＲＡＭＤＡＣ,ラムディーエーシー,ラムディーエーシー,0/8,*,ら[むでイーえーしー
ＲＡＭＰ,1345,1345,8000,名詞,一般,*,*,*,*,ＲＡＭＰ,ラムピー,ラムピー,0/4,*,ら[むぴー
ＲＩＣＫ,1349,1349,8000,名詞,固有名詞,人名,一般,*,*,ＲＩＣＫ,リック,リック,1/3,*,り]っく
Ｌｉｔｗａｋ,1349,1349,8000,名詞,固有名詞,人名,一般,*,*,Ｌｉｔｗａｋ,リトワック,リトワック,2/5,*,り[とわ]っく
ＬＩＶＲＥ,1345,1345,8000,名詞,一般,*,*,*,*,ＬＩＶＲＥ,リブアールイー,リブアールイー,5/7,*,り[ぶあーる]いー
ＬＩＶＥＲ,1345,1345,8000,名詞,一般,*,*,*,*,ＬＩＶＥＲ,リブイーアール,リブイーアール,5/7,*,り[ぶいーあ]ーる
Ｌｕｄｉｖｉｎｅ,1349,1349,8000,名詞,固有名詞,人名,一般,*,*,Ｌｕｄｉｖｉｎｅ,リュディビーヌ,リュディビーヌ,2/5,*,り[ユでイび]ーぬ
ＲＥＩＴＡ,1345,1345,8000,名詞,一般,*,*,*,*,ＲＥＩＴＡ,リートエー,リートエー,0/5,*,り[ーとえー
Ｌｕｏｎｇ,1349,1349,8000,名詞,固有名詞,人名,一般,*,*,Ｌｕｏｎｇ,ルオン,ルオン,1/3,*,る]おん
ＲＡＹＭＯＮＤ,1349,1349,8000,名詞,固有名詞,人名,一般,*,*,ＲＡＹＭＯＮＤ,レイモンド,レイモンド,1/5,*,れ]いもんど
Ｌｅｓｎｉｋ,1349,1349,8000,名詞,固有名詞,人名,一般,*,*,Ｌｅｓｎｉｋ,レスニック,レスニック,2/5,*,れ[すに]っく
Ｒｏｍａｎｏ,1349,1349,8000,名詞,固有名詞,人名,一般,*,*,Ｒｏｍａｎｏ,ロマーノ,ロマーノ,2/4,*,ろ[ま]ーの
ＲＯＭＡＮ,1345,1345,8000,名詞,一般,*,*,*,*,ＲＯＭＡＮ,ロムエーエヌ,ロムエーエヌ,4/6,*,ろ[むえー]えぬ
ＲＯＭＡＮＣ,1345,1345,8000,名詞,一般,*,*,*,*,ＲＯＭＡＮＣ,ロムエーエヌシー,ロムエーエヌシー,0/8,*,ろ[むえーえぬしー
ＲＯＭＡＪ,1345,1345,8000,名詞,一般,*,*,*,*,ＲＯＭＡＪ,ロムエージェー,ロムエージェー,4/6,*,ろ[むえーじエ]ー
ＲＯＭＰＩＣ,1345,1345,8000,名詞,一般,*,*,*,*,ＲＯＭＰＩＣ,ロムピーアイシー,ロムピーアイシー,0/8,*,ろ[むぴーあいしー
ＬＯＥＷＹ,1349,1349,8000,名詞,固有名詞,人名,一般,*,*,ＬＯＥＷＹ,ローウィ,ローウィ,1/3,*,ろ]ーうイ
ＹＩＮ,1345,1345,8000,名詞,一般,*,*,*,*,ＹＩＮ,ワイアイエヌ,ワイアイエヌ,0/6,*,わ[いあいえぬ
ＹＩＡ,1345,1345,8000,名詞,一般,*,*,*,*,ＹＩＡ,ワイアイエー,ワイアイエー,0/6,*,わ[いあいえー
ＹＩＱ,1345,1345,8000,名詞,一般,*,*,*,*,ＹＩＱ,ワイアイキュー,ワイアイキュー,4/6,*,わ[いあいきユ]ー
ＹＩＱＩ,1345,1345,8000,名詞,一般,*,*,*,*,ＹＩＱＩ,ワイアイキューアイ,ワイアイキューアイ,0/8,*,わ[いあいきユーあい
ＹＩＹＫ,1345,1345,8000,名詞,一般,*,*,*,*,ＹＩＹＫ,ワイアイワイケー,ワイアイワイケー,0/8,*,わ[いあいわいけー
ＹＩＹＪ,1345,1345,8000,名詞,一般,*,*,*,*,ＹＩＹＪ,ワイアイワイジェー,ワイアイワイジェー,6/8,*,わ[いあいわいじエ]ー
ＹＡ,1345,1345,8000,名詞,一般,*,*,*,*,ＹＡ,ワイアー,ワイアー,0/4,*,わ[いあー
ＹＥＬＬ,1345,1345,8000,名詞,一般,*,*,*,*,ＹＥＬＬ,ワイイーエルエル,ワイイーエルエル,0/8,*,わ[いいーえるえる
ＹＥＡＨ,1345,1345,8000,名詞,一般,*,*,*,*,ＹＥＡＨ,ワイイーエーエイチ,ワイイーエーエイチ,0/9,*,わ[いいーえーえいち
ＹＥＡＮ,1345,1345,8000,名詞,一般,*,*,*,*,ＹＥＡＮ,ワイイーエーエヌ,ワイイーエーエヌ,0/8,*,わ[いいーえーえぬ
ＹＥＧ,1345,1345,8000,名詞,一般,*,*,*,*,ＹＥＧ,ワイイージー,ワイイージー,0/6,*,わ[いいーじー
ＹＥＴ,1345,1345,8000,名詞,一般,*,*,*,*,ＹＥＴ,ワイイーティー,ワイイーティー,4/6,*,わ[いいーてイ]ー
ＹＥＹ,1345,1345,8000,名詞,一般,*,*,*,*,ＹＥＹ,ワイイーワイ,ワイイーワイ,0/6,*,わ[いいーわい
ＹＨＷＨ,1345,1345,8000,名詞,一般,*,*,*,*,ＹＨＷＨ,ワイエイチダブリューエイチ,ワイエイチダブリューエイチ,10/12,*,わ[いえいちだぶりユーえ]いち
ＹＳＩ,1345,1345,8000,名詞,一般,*,*,*,*,ＹＳＩ,ワイエスアイ,ワイエスアイ,0/6,*,わ[いえすあい
ＹＳＥＹ,1345,1345,8000,名詞,一般,*,*,*,*,ＹＳＥＹ,ワイエスイーワイ,ワイエスイーワイ,0/8,*,わ[いえすいーわい
ＹＸ,1345,1345,8000,名詞,一般,*,*,*,*,ＹＸ,ワイエックス,ワイエックス,2/6,*,わ[いえ]っくす
ＹＭＲ,1345,1345,8000,名詞,一般,*,*,*,*,ＹＭＲ,ワイエムアール,ワイエムアール,5/7,*,わ[いえむあ]ーる
ＹＭＳ,1345,1345,8000,名詞,一般,*,*,*,*,ＹＭＳ,ワイエムエス,ワイエムエス,0/6,*,わ[いえむえす
ＹＭＯＳＳ,1345,1345,8000,名詞,一般,*,*,*,*,ＹＭＯＳＳ,ワイエムオーエスエス,ワイエムオーエスエス,8/10,*,わ[いえむおーえす]えす
ＹＭＣ,1345,1345,8000,名詞,一般,*,*,*,*,ＹＭＣ,ワイエムシー,ワイエムシー,0/6,*,わ[いえむしー
ＹＬＥ,1345,1345,8000,名詞,一般,*,*,*,*,ＹＬＥ,ワイエルイー,ワイエルイー,0/6,*,わ[いえるいー
ＹＡＩＲＩ,1345,1345,8000,名詞,一般,*,*,*,*,ＹＡＩＲＩ,ワイエーアイアールアイ,ワイエーアイアールアイ,0/11,*,わ[いえーあいあーるあい
ＹＡＲ,1345,1345,8000,名詞,一般,*,*,*,*,ＹＡＲ,ワイエーアール,ワイエーアール,5/7,*,わ[いえーあ]ーる
ＹＡＳＨＡ,1345,1345,8000,名詞,一般,*,*,*,*,ＹＡＳＨＡ,ワイエーエスエイチエー,ワイエーエスエイチエー,0/11,*,わ[いえーえすえいちえー
ＹＡＮＩ,1345,1345,8000,名詞,一般,*,*,*,*,ＹＡＮＩ,ワイエーエヌアイ,ワイエーエヌアイ,0/8,*,わ[いえーえぬあい
ＹＡＦＯ,1345,1345,8000,名詞,一般,*,*,*,*,ＹＡＦＯ,ワイエーエフオー,ワイエーエフオー,0/8,*,わ[いえーえふおー
ＹＡＦＯＯ,1345,1345,8000,名詞,一般,*,*,*,*,ＹＡＦＯＯ,ワイエーエフオーオー,ワイエーエフオーオー,0/10,*,わ[いえーえふおーおー
ＹＡＭＩ,1345,1345,8000,名詞,一般,*,*,*,*,ＹＡＭＩ,ワイエーエムアイ,ワイエーエムアイ,0/8,*,わ[いえーえむあい
ＹＡＭＡＴＯ,1345,1345,8000,名詞,一般,*,*,*,*,ＹＡＭＡＴＯ,ワイエーエムエーティーオー,ワイエーエムエーティーオー,0/12,*,わ[いえーえむえーてイーおー
ＹＡＡＲ,1345,1345,8000,名詞,一般,*,*,*,*,ＹＡＡＲ,ワイエーエーアール,ワイエーエーアール,7/9,*,わ[いえーえーあ]ーる
ＹＡＯＩ,1345,1345,8000,名詞,一般,*,*,*,*,ＹＡＯＩ,ワイエーオーアイ,ワイエーオーアイ,0/8,*,わ[いえーおーあい
ＹＡＫＵＺＡ,1345,1345,8000,名詞,一般,*,*,*,*,ＹＡＫＵＺＡ,ワイエーケーユーゼットエー,ワイエーケーユーゼットエー,0/13,*,わ[いえーけーゆーぜっとえー
ＹＡＣＨＡ,1345,1345,8000,名詞,一般,*,*,*,*,ＹＡＣＨＡ,ワイエーシーエイチエー,ワイエーシーエイチエー,0/11,*,わ[いえーしーえいちえー
ＹＡＺ,1345,1345,8000,名詞,一般,*,*,*,*,ＹＡＺ,ワイエーゼット,ワイエーゼット,4/7,*,わ[いえーぜ]っと
ＹＡＷＡＲＡ,1345,1345,8000,名詞,一般,*,*,*,*,ＹＡＷＡＲＡ,ワイエーダブリューエーアールエー,ワイエーダブリューエーアールエー,0/15,*,わ[いえーだぶりユーえーあーるえー
ＹＡＢＡＩ,1345,1345,8000,名詞,一般,*,*,*,*,ＹＡＢＡＩ,ワイエービーエーアイ,ワイエービーエーアイ,0/10,*,わ[いえーびーえーあい
ＹＯＨ,1345,1345,8000,名詞,一般,*,*,*,*,ＹＯＨ,ワイオーエイチ,ワイオーエイチ,5/7,*,わ[いおーえ]いち
ＹＯＳ,1345,1345,8000,名詞,一般,*,*,*,*,ＹＯＳ,ワイオーエス,ワイオーエス,0/6,*,わ[いおーえす
ＹＯＳＳＹ,1345,1345,8000,名詞,一般,*,*,*,*,ＹＯＳＳＹ,ワイオーエスエスワイ,ワイオーエスエスワイ,0/10,*,わ[いおーえすえすわい
ＹＯＮ,1345,1345,8000,名詞,一般,*,*,*,*,ＹＯＮ,ワイオーエヌ,ワイオーエヌ,0/6,*,わ[いおーえぬ
ＹＯＮＥＸ,1345,1345,8000,名詞,一般,*,*,*,*,ＹＯＮＥＸ,ワイオーエヌイーエックス,ワイオーエヌイーエックス,8/12,*,わ[いおーえぬいーえ]っくす
ＹＯＮＤＥＮ,1345,1345,8000,名詞,一般,*,*,*,*,ＹＯＮＤＥＮ,ワイオーエヌディーイーエヌ,ワイオーエヌディーイーエヌ,0/12,*,わ[いおーえぬでイーいーえぬ
ＹＯＭ,1345,1345,8000,名詞,一般,*,*,*,*,ＹＯＭ,ワイオーエム,ワイオーエム,4/6,*,わ[いおー]えむ
ＹＯＭＩ,1345,1345,8000,名詞,一般,*,*,*,*,ＹＯＭＩ,ワイオーエムアイ,ワイオーエムアイ,0/8,*,わ[いおーえむあい
ＹＯＭＡ,1345,1345,8000,名詞,一般,*,*,*,*,ＹＯＭＡ,ワイオーエムエー,ワイオーエムエー,0/8,*,わ[いおーえむえー
ＹＯＯ,1345,1345,8000,名詞,一般,*,*,*,*,ＹＯＯ,ワイオーオー,ワイオーオー,0/6,*,わ[いおーおー
ＹＯＫＥ,1345,1345,8000,名詞,一般,*,*,*,*,ＹＯＫＥ,ワイオーケーイー,ワイオーケーイー,0/8,*,わ[いおーけーいー
ＹＯＫＯ,1345,1345,8000,名詞,一般,*,*,*,*,ＹＯＫＯ,ワイオーケーオー,ワイオーケーオー,0/8,*,わ[いおーけーおー
ＹＯＢ,1345,1345,8000,名詞,一般,*,*,*,*,ＹＯＢ,ワイオービー,ワイオービー,0/6,*,わ[いおーびー
ＹＯＢＯ,1345,1345,8000,名詞,一般,*,*,*,*,ＹＯＢＯ,ワイオービーオー,ワイオービーオー,0/8,*,わ[いおーびーおー
ＹＱ,1345,1345,8000,名詞,一般,*,*,*,*,ＹＱ,ワイキュー,ワイキュー,0/4,*,わ[いきユー
ＹＫＺ,1345,1345,8000,名詞,一般,*,*,*,*,ＹＫＺ,ワイケーズィー,ワイケーズィー,4/6,*,わ[いけーずイ]ー
ＹＣＭ,1345,1345,8000,名詞,一般,*,*,*,*,ＹＣＭ,ワイシーエム,ワイシーエム,0/6,*,わ[いしーえむ
ＹＣＣ,1345,1345,8000,名詞,一般,*,*,*,*,ＹＣＣ,ワイシーシー,ワイシーシー,0/6,*,わ[いしーしー
ＹＧＩＣ,1345,1345,8000,名詞,一般,*,*,*,*,ＹＧＩＣ,ワイジーアイシー,ワイジーアイシー,0/8,*,わ[いじーあいしー
ＹＴＭＹ,1345,1345,8000,名詞,一般,*,*,*,*,ＹＴＭＹ,ワイティーエムワイ,ワイティーエムワイ,0/8,*,わ[いてイーえむわい
ＹＴＫＹ,1345,1345,8000,名詞,一般,*,*,*,*,ＹＴＫＹ,ワイティーケーワイ,ワイティーケーワイ,0/8,*,わ[いてイーけーわい
ＹＴＧ,1345,1345,8000,名詞,一般,*,*,*,*,ＹＴＧ,ワイティージー,ワイティージー,5/6,*,わ[いてイーじ]ー
ＹＴＴ,1345,1345,8000,名詞,一般,*,*,*,*,ＹＴＴ,ワイティーティー,ワイティーティー,5/6,*,わ[いてイーてイ]ー
ＹＤＳ,1345,1345,8000,名詞,一般,*,*,*,*,ＹＤＳ,ワイディーエス,ワイディーエス,5/6,*,わ[いでイーえ]す
ＹＢＳ,1345,1345,8000,名詞,一般,*,*,*,*,ＹＢＳ,ワイビーエス,ワイビーエス,0/6,*,わ[いびーえす
ＹＶ,1345,1345,8000,名詞,一般,*,*,*,*,ＹＶ,ワイブイ,ワイブイ,0/4,*,わ[いぶい
ＹＶＥ,1345,1345,8000,名詞,一般,*,*,*,*,ＹＶＥ,ワイブイイー,ワイブイイー,0/6,*,わ[いぶいいー
ＹＶＹ,1345,1345,8000,名詞,一般,*,*,*,*,ＹＶＹ,ワイブイワイ,ワイブイワイ,0/6,*,わ[いぶいわい
ＹＵＲＩ,1345,1345,8000,名詞,一般,*,*,*,*,ＹＵＲＩ,ワイユーアールアイ,ワイユーアールアイ,0/9,*,わ[いゆーあーるあい
ＹＵＥ,1345,1345,8000,名詞,一般,*,*,*,*,ＹＵＥ,ワイユーイー,ワイユーイー,0/6,*,わ[いゆーいー
ＹＵＨＫＩ,1345,1345,8000,名詞,一般,*,*,*,*,ＹＵＨＫＩ,ワイユーエイチケーアイ,ワイユーエイチケーアイ,0/11,*,わ[いゆーえいちけーあい
ＹＵＭＩ,1345,1345,8000,名詞,一般,*,*,*,*,ＹＵＭＩ,ワイユーエムアイ,ワイユーエムアイ,6/8,*,わ[いゆーえむ]あい
ＹＵＭＭＹ,1345,1345,8000,名詞,一般,*,*,*,*,ＹＵＭＭＹ,ワイユーエムエムワイ,ワイユーエムエムワイ,0/10,*,わ[いゆーえむえむわい
ＹＵＫＯ,1345,1345,8000,名詞,一般,*,*,*,*,ＹＵＫＯ,ワイユーケーオー,ワイユーケーオー,6/8,*,わ[いゆーけー]おー
ＹＵＺＯ,1345,1345,8000,名詞,一般,*,*,*,*,ＹＵＺＯ,ワイユーズィーオー,ワイユーズィーオー,7/8,*,わ[いゆーずイーお]ー
ＹＵＺＵ,1345,1345,8000,名詞,一般,*,*,*,*,ＹＵＺＵ,ワイユーゼットユー,ワイユーゼットユー,0/9,*,わ[いゆーぜっとゆー
ＹＵＷＡ,1345,1345,8000,名詞,一般,*,*,*,*,ＹＵＷＡ,ワイユーダブリューエー,ワイユーダブリューエー,9/10,*,わ[いゆーだぶりユーえ]ー
ＹＵＵＮＡ,1345,1345,8000,名詞,一般,*,*,*,*,ＹＵＵＮＡ,ワイユーユーエヌエー,ワイユーユーエヌエー,0/10,*,わ[いゆーゆーえぬえー
ＹＵＵＫＡ,1345,1345,8000,名詞,一般,*,*,*,*,ＹＵＵＫＡ,ワイユーユーケーエー,ワイユーユーケーエー,0/10,*,わ[いゆーゆーけーえー
ＹＹ,1345,1345,8000,名詞,一般,*,*,*,*,ＹＹ,ワイワイ,ワイワイ,0/4,*,わ[いわい
ＷＡＮＯＮＡＮＯ,1345,1345,8000,名詞,一般,*,*,*,*,ＷＡＮＯＮＡＮＯ,ワノエヌエーエヌオー,ワノエヌエーエヌオー,8/10,*,わ[のえぬえーえぬ]おー
ＷＡＮＷＡＮ,1345,1345,8000,名詞,一般,*,*,*,*,ＷＡＮＷＡＮ,ワンワン,ワンワン,2/4,*,わ[ん]わん