えぶく,1345,1345,8000,名詞,一般,*,*,*,*,えぶく,エブク,エブク,1/3,*,え]ぶく
えぶり,1345,1345,8000,名詞,一般,*,*,*,*,えぶり,エブリ,エブリ,0/3,*,え[ぶり
えへへへ,1345,1345,8000,名詞,一般,*,*,*,*,えへへへ,エヘヘヘ,エヘヘヘ,0/4,*,え[へへへ
えべっさん,1345,1345,8000,名詞,一般,*,*,*,*,えべっさん,エベッサン,エベッサン,1/5,*,え[べ]っさん
えみちゃん,1351,1351,8000,名詞,固有名詞,人名,名,*,*,えみちゃん,エミチャン,エミチャン,2/4,*,え[みち]ヤん
えみりちゃん,1351,1351,8000,名詞,固有名詞,人名,名,*,*,えみりちゃん,エミリチャン,エミリチャン,3/5,*,え[みりち]ヤん
えりかさん,1351,1351,8000,名詞,固有名詞,人名,名,*,*,えりかさん,エリカサン,エリカサン,3/5,*,え[りか]さん
えりしん,1349,1349,8000,名詞,固有名詞,人名,一般,*,*,えりしん,エリシン,エリシン,2/4,*,え[り]しん
えりたん,1351,1351,8000,名詞,固有名詞,人名,名,*,*,えりたん,エリタン,エリタン,2/4,*,え[り]たん
えりりんこ,1345,1345,8000,名詞,一般,*,*,*,*,えりりんこ,エリリンコ,エリリンコ,3/5,*,え[りり]んこ
えんかん,1349,1349,8000,名詞,固有名詞,人名,一般,*,*,えんかん,エンカン,エンカン,0/4,*,え[んかん
えんどう,1350,1350,8000,名詞,固有名詞,人名,姓,*,*,えんどう,エンドウ,エンドウ,0/4,*,え[んどう
えんぶり,1345,1345,8000,名詞,一般,*,*,*,*,えんぶり,エンブリ,エンブリ,0/4,*,え[んぶり
おあち,1345,1345,8000,名詞,一般,*,*,*,*,おあち,オアチ,オアチ,1/3,*,お]あち
おいらせ,1353,1353,8000,名詞,固有名詞,地域,一般,*,*,おいらせ,オイラセ,オイラセ,0/4,*,お[いらせ
おうつ,1345,1345,8000,名詞,一般,*,*,*,*,おうつ,オウツ,オウツ,1/3,*,お]うつ
おうみ,1350,1350,8000,名詞,固有名詞,人名,姓,*,*,おうみ,オウミ,オウミ,1/3,*,お]うみ
おおあらい,1353,1353,8000,名詞,固有名詞,地域,一般,*,*,おおあらい,オオアライ,オオアライ,3/5,*,お[おあ]らい
おおい,1353,1353,8000,名詞,固有名詞,地域,一般,*,*,おおい,オオイ,オオイ,0/3,*,お[おい
おおえ,1350,1350,8000,名詞,固有名詞,人名,姓,*,*,おおえ,オオエ,オオエ,0/3,*,お[おえ
おおえいくこ,1349,1349,8000,名詞,固有名詞,人名,一般,*,*,おおえいくこ,オオエイクコ,オオエイクコ,4/6,*,お[おえい]くこ
おおえやま,1349,1349,8000,名詞,固有名詞,人名,一般,*,*,おおえやま,オオエヤマ,オオエヤマ,0/5,*,お[おえやま
おおかげ,1350,1350,8000,名詞,固有名詞,人名,姓,*,*,おおかげ,オオカゲ,オオカゲ,2/4,*,お[お]かげ
おおくぼひさこ,1349,1349,8000,名詞,固有名詞,人名,一般,*,*,おおくぼひさこ,オオクボヒサコ,オオクボヒサコ,5/7,*,お[おくぼひ]さこ
おおくら,1350,1350,8000,名詞,固有名詞,人名,姓,*,*,おおくら,オオクラ,オオクラ,2/4,*,お[お]くら
おおさき,1353,1353,8000,名詞,固有名詞,地域,一般,*,*,おおさき,オオサキ,オオサキ,1/4,*,お]おさき
おおさこひでき,1349,1349,8000,名詞,固有名詞,人名,一般,*,*,おおさこひでき,オオサコヒデキ,オオサコヒデキ,5/7,*,お[おさこひ]でき
おおさんしょうさん,1349,1349,8000,名詞,固有名詞,人名,一般,*,*,おおさんしょうさん,オオサンショウサン,オオサンショウサン,6/8,*,お[おさんしヨう]さん
おおすみ,1353,1353,8000,名詞,固有名詞,地域,一般,*,*,おおすみ,オオスミ,オオスミ,0/4,*,お[おすみ
おおなめざわ,1353,1353,8000,名詞,固有名詞,地域,一般,*,*,おおなめざわ,オオナメザワ,オオナメザワ,0/6,*,お[おなめざわ
おおぬき,1350,1350,8000,名詞,固有名詞,人名,姓,*,*,おおぬき,オオヌキ,オオヌキ,2/4,*,お[お]ぬき
おおの,1350,1350,8000,名詞,固有名詞,人名,姓,*,*,おおの,オオノ,オオノ,1/3,*,お]おの
おおのきよみさん,1349,1349,8000,名詞,固有名詞,人名,一般,*,*,おおのきよみさん,オオノキヨミサン,オオノキヨミサン,6/8,*,お[おのきよみ]さん
おおのりん,1349,1349,8000,名詞,固有名詞,人名,一般,*,*,おおのりん,オオノリン,オオノリン,3/5,*,お[おの]りん
おおば,1350,1350,8000,名詞,固有名詞,人名,姓,*,*,おおば,オオバ,オオバ,0/3,*,お[おば
おおばやししょう,1349,1349,8000,名詞,固有名詞,人名,一般,*,*,おおばやししょう,オオバヤシショウ,オオバヤシショウ,5/7,*,お[おばやしし]ヨう
おおみや,1353,1353,8000,名詞,固有名詞,地域,一般,*,*,おおみや,オオミヤ,オオミヤ,0/4,*,お[おみや
おおむらゆりこ,1349,1349,8000,名詞,固有名詞,人名,一般,*,*,おおむらゆりこ,オオムラユリコ,オオムラユリコ,5/7,*,お[おむらゆ]りこ
おおゆみ,1349,1349,8000,名詞,固有名詞,人名,一般,*,*,おおゆみ,オオユミ,オオユミ,2/4,*,お[お]ゆみ
おかくら,1350,1350,8000,名詞,固有名詞,人名,姓,*,*,おかくら,オカクラ,オカクラ,0/4,*,お[かくら
おかしない,1353,1353,8000,名詞,固有名詞,地域,一般,*,*,おかしない,オカシナイ,オカシナイ,3/5,*,お[かし]ない
おかまおかま,1345,1345,8000,名詞,一般,*,*,*,*,おかまおかま,オカマオカマ,オカマオカマ,4/6,*,お[かまお]かま
おかもと,1350,1350,8000,名詞,固有名詞,人名,姓,*,*,おかもと,オカモト,オカモト,0/4,*,お[かもと
おかやま,1353,1353,8000,名詞,固有名詞,地域,一般,*,*,おかやま,オカヤマ,オカヤマ,2/4,*,お[か]やま
おが,1349,1349,8000,名詞,固有名詞,人名,一般,*,*,おが,オガ,オガ,1/2,*,お]が
おがたよしのり,1349,1349,8000,名詞,固有名詞,人名,一般,*,*,おがたよしのり,オガタヨシノリ,オガタヨシノリ,5/7,*,お[がたよし]のり
おがわ,1350,1350,8000,名詞,固有名詞,人名,姓,*,*,おがわ,オガワ,オガワ,0/3,*,お[がわ
おがわけん,1349,1349,8000,名詞,固有名詞,人名,一般,*,*,おがわけん,オガワケン,オガワケン,3/5,*,お[がわ]けん
おがわさだお,1349,1349,8000,名詞,固有名詞,人名,一般,*,*,おがわさだお,オガワサダオ,オガワサダオ,4/6,*,お[がわさ]だお
おがわさん,1350,1350,8000,名詞,固有名詞,人名,姓,*,*,おがわさん,オガワサン,オガワサン,3/5,*,お[がわ]さん
おがわしんご,1349,1349,8000,名詞,固有名詞,人名,一般,*,*,おがわしんご,オガワシンゴ,オガワシンゴ,4/6,*,お[がわし]んご
おきくさん,1351,1351,8000,名詞,固有名詞,人名,名,*,*,おきくさん,オキクサン,オキクサン,3/5,*,お[きく]さん
おきざお,1345,1345,8000,名詞,一般,*,*,*,*,おきざお,オキザオ,オキザオ,0/4,*,お[きざお
おきせ,1351,1351,8000,名詞,固有名詞,人名,名,*,*,おきせ,オキセ,オキセ,0/3,*,お[きせ
おきせさん,1351,1351,8000,名詞,固有名詞,人名,名,*,*,おきせさん,オキセサン,オキセサン,3/5,*,お[きせ]さん
おきみ,1349,1349,8000,名詞,固有名詞,人名,一般,*,*,おきみ,オキミ,オキミ,0/3,*,お[きみ
おきみさん,1349,1349,8000,名詞,固有名詞,人名,一般,*,*,おきみさん,オキミサン,オキミサン,3/5,*,お[きみ]さん
おぐ,1349,1349,8000,名詞,固有名詞,人名,一般,*,*,おぐ,オグ,オグ,1/2,*,お]ぐ
おぐさん,1349,1349,8000,名詞,固有名詞,人名,一般,*,*,おぐさん,オグサン,オグサン,0/4,*,お[ぐさん
おごいさあ,1345,1345,8000,名詞,一般,*,*,*,*,おごいさあ,オゴイサア,オゴイサア,0/5,*,お[ごいさあ
おごじょ,1345,1345,8000,名詞,一般,*,*,*,*,おごじょ,オゴジョ,オゴジョ,0/3,*,お[ごじ]ヨ
おさむさん,1351,1351,8000,名詞,固有名詞,人名,名,*,*,おさむさん,オサムサン,オサムサン,3/5,*,お[さむ]さん
おざきみち,1349,1349,8000,名詞,固有名詞,人名,一般,*,*,おざきみち,オザキミチ,オザキミチ,3/5,*,お[ざき]みち
おしゃまんべ,1353,1353,8000,名詞,固有名詞,地域,一般,*,*,おしゃまんべ,オシャマンベ,オシャマンベ,3/5,*,お[しヤま]んべ
おしょろ,1353,1353,8000,名詞,固有名詞,地域,一般,*,*,おしょろ,オショロ,オショロ,1/3,*,お[し]ヨろ
おしんちゃん,1351,1351,8000,名詞,固有名詞,人名,名,*,*,おしんちゃん,オシンチャン,オシンチャン,3/5,*,お[しんち]ヤん
おしんばあさん,1351,1351,8000,名詞,固有名詞,人名,名,*,*,おしんばあさん,オシンバアサン,オシンバアサン,5/7,*,お[しんばあ]さん
おすえ,1351,1351,8000,名詞,固有名詞,人名,名,*,*,おすえ,オスエ,オスエ,1/3,*,お]すえ
おすがさん,1351,1351,8000,名詞,固有名詞,人名,名,*,*,おすがさん,オスガサン,オスガサン,3/5,*,お[すが]さん
おすみ,1351,1351,8000,名詞,固有名詞,人名,名,*,*,おすみ,オスミ,オスミ,1/3,*,お]すみ
おたね,1351,1351,8000,名詞,固有名詞,人名,名,*,*,おたね,オタネ,オタネ,2/3,*,お[た]ね
おたねた,1345,1345,8000,名詞,一般,*,*,*,*,おたねた,オタネタ,オタネタ,0/4,*,お[たねた
おだいとう,1350,1350,8000,名詞,固有名詞,人名,姓,*,*,おだいとう,オダイトウ,オダイトウ,3/5,*,お[だい]とう
おち,1350,1350,8000,名詞,固有名詞,人名,姓,*,*,おち,オチ,オチ,1/2,*,お]ち
おっかあさん,1345,1345,8000,名詞,一般,*,*,*,*,おっかあさん,オッカサン,オッカサン,0/5,*,お[っかさん
おっかさん,1345,1345,8000,名詞,一般,*,*,*,*,おっかさん,オッカサン,オッカサン,0/5,*,お[っかさん
おっかど,1345,1345,8000,名詞,一般,*,*,*,*,おっかど,オッカド,オッカド,0/4,*,お[っかど
おっかなびっくり,1345,1345,8000,名詞,一般,*,*,*,*,おっかなびっくり,オッカナビックリ,オッカナビックリ,4/8,*,お[っかなび]っくり
おっさんおっさん,1345,1345,8000,名詞,一般,*,*,*,*,おっさんおっさん,オッサンオッサン,オッサンオッサン,4/8,*,お[っさんお]っさん
おっしっこ,1345,1345,8000,名詞,一般,*,*,*,*,おっしっこ,オッシッコ,オッシッコ,0/5,*,お[っしっこ
おっしっこうんち,1345,1345,8000,名詞,一般,*,*,*,*,おっしっこうんち,オッシッコウンチ,オッシッコウンチ,6/8,*,お[っしっこう]んち
おっちゃんおっちゃん,1345,1345,8000,名詞,一般,*,*,*,*,おっちゃんおっちゃん,オッチャンオッチャン,オッチャンオッチャン,7/8,*,お[っちヤんおっち]ヤん
おっちゃーん,1345,1345,8000,名詞,一般,*,*,*,*,おっちゃーん,オッチャーン,オッチャーン,2/5,*,お[っちヤ]ーん
おっやじー,1345,1345,8000,名詞,一般,*,*,*,*,おっやじー,オッヤジイ,オッヤジイ,4/5,*,お[っやじ]い
おつう,1351,1351,8000,名詞,固有名詞,人名,名,*,*,おつう,オツウ,オツウ,2/3,*,お[つ]う
おつぼ,1353,1353,8000,名詞,固有名詞,地域,一般,*,*,おつぼ,オツボ,オツボ,1/3,*,お]つぼ
おてい,1351,1351,8000,名詞,固有名詞,人名,名,*,*,おてい,オテイ,オテイ,2/3,*,お[て]い
おでーん,1345,1345,8000,名詞,一般,*,*,*,*,おでーん,オデーン,オデーン,0/4,*,お[でーん
おとく,1351,1351,8000,名詞,固有名詞,人名,名,*,*,おとく,オトク,オトク,2/3,*,お[と]く
おとはかんのん,1349,1349,8000,名詞,固有名詞,人名,一般,*,*,おとはかんのん,オトワカンノン,オトワカンノン,5/7,*,お[とわかん]のん
おとーさん,1345,1345,8000,名詞,一般,*,*,*,*,おとーさん,オトーサン,オトーサン,0/5,*,お[とーさん
おなぐら,1345,1345,8000,名詞,一般,*,*,*,*,おなぐら,オナグラ,オナグラ,0/4,*,お[なぐら
おならねた,1345,1345,8000,名詞,一般,*,*,*,*,おならねた,オナラネタ,オナラネタ,0/5,*,お[ならねた
おにお,1353,1353,8000,名詞,固有名詞,地域,一般,*,*,おにお,オニオ,オニオ,0/3,*,お[にお
おにぐち,1353,1353,8000,名詞,固有名詞,地域,一般,*,*,おにぐち,オニグチ,オニグチ,0/4,*,お[にぐち
おにまるちょう,1353,1353,8000,名詞,固有名詞,地域,一般,*,*,おにまるちょう,オニマルチョウ,オニマルチョウ,4/6,*,お[にまるち]ヨう
おねーたま,1351,1351,8000,名詞,固有名詞,人名,名,*,*,おねーたま,オネタマ,オネタマ,2/4,*,お[ね]たま
おのえ,1350,1350,8000,名詞,固有名詞,人名,姓,*,*,おのえ,オノエ,オノエ,0/3,*,お[のえ
おのえきくごろう,1349,1349,8000,名詞,固有名詞,人名,一般,*,*,おのえきくごろう,オノエキクゴロウ,オノエキクゴロウ,7/8,*,お[のえきく[ご]ろう
おのでら,1350,1350,8000,名詞,固有名詞,人名,姓,*,*,おのでら,オノデラ,オノデラ,0/4,*,お[のでら
おのまゆ,1349,1349,8000,名詞,固有名詞,人名,一般,*,*,おのまゆ,オノマユ,オノマユ,2/4,*,お[の]まゆ
おはん,1351,1351,8000,名詞,固有名詞,人名,名,*,*,おはん,オハン,オハン,1/3,*,お]はん
おばこ,1345,1345,8000,名詞,一般,*,*,*,*,おばこ,オバコ,オバコ,0/3,*,お[ばこ
おひょいさん,1345,1345,8000,名詞,一般,*,*,*,*,おひょいさん,オヒョイサン,オヒョイサン,0/5,*,お[ひヨいさん
おふささん,1351,1351,8000,名詞,固有名詞,人名,名,*,*,おふささん,オフササン,オフササン,3/5,*,お[ふさ]さん
おふすま,1345,1345,8000,名詞,一般,*,*,*,*,おふすま,オフスマ,オフスマ,2/4,*,お[ふ]すま
おふみさん,1351,1351,8000,名詞,固有名詞,人名,名,*,*,おふみさん,オフミサン,オフミサン,3/5,*,お[ふみ]さん
おふみはん,1351,1351,8000,名詞,固有名詞,人名,名,*,*,おふみはん,オフミハン,オフミハン,3/5,*,お[ふみ]はん
おぼっちゃま,1350,1350,8000,名詞,固有名詞,人名,姓,*,*,おぼっちゃま,オボッチャマ,オボッチャマ,3/5,*,お[ぼっち]ヤま
おぼんこ,1349,1349,8000,名詞,固有名詞,人名,一般,*,*,おぼんこ,オボンコ,オボンコ,0/4,*,お[ぼんこ
おまぁりさん,1345,1345,8000,名詞,一般,*,*,*,*,おまぁりさん,オマアリサン,オマアリサン,0/6,*,お[まありさん
おまけ,1345,1345,8000,名詞,一般,*,*,*,*,おまけ,オマケ,オマケ,0/3,*,お[まけ
おまさ,1351,1351,8000,名詞,固有名詞,人名,名,*,*,おまさ,オマサ,オマサ,2/3,*,お[ま]さ
おまささん,1351,1351,8000,名詞,固有名詞,人名,名,*,*,おまささん,オマササン,オマササン,3/5,*,お[まさ]さん
おまるさん,1345,1345,8000,名詞,一般,*,*,*,*,おまるさん,オマルサン,オマルサン,3/5,*,お[まる]さん
おまんさん,1349,1349,8000,名詞,固有名詞,人名,一般,*,*,おまんさん,オマンサン,オマンサン,3/5,*,お[まん]さん
おみつさん,1351,1351,8000,名詞,固有名詞,人名,名,*,*,おみつさん,オミツサン,オミツサン,3/5,*,お[みつ]さん
おめでたどす,1345,1345,8000,名詞,一般,*,*,*,*,おめでたどす,オメデタドス,オメデタドス,4/6,*,お[めでた]どす
おややさん,1351,1351,8000,名詞,固有名詞,人名,名,*,*,おややさん,オヤヤサン,オヤヤサン,3/5,*,お[やや]さん
おりょうさん,1351,1351,8000,名詞,固有名詞,人名,名,*,*,おりょうさん,オリョウサン,オリョウサン,3/5,*,お[りヨう]さん
おりょうちゃん,1351,1351,8000,名詞,固有名詞,人名,名,*,*,おりょうちゃん,オリョウチャン,オリョウチャン,4/5,*,お[りヨうち]ヤん
おりんちゃん,1351,1351,8000,名詞,固有名詞,人名,名,*,*,おりんちゃん,オリンチャン,オリンチャン,3/5,*,お[りんち]ヤん
おるいさん,1351,1351,8000,名詞,固有名詞,人名,名,*,*,おるいさん,オルイサン,オルイサン,3/5,*,お[るい]さん
おわかさん,1351,1351,8000,名詞,固有名詞,人名,名,*,*,おわかさん,オワカサン,オワカサン,3/5,*,お[わか]さん
おんご,1345,1345,8000,名詞,一般,*,*,*,*,おんご,オンゴ,オンゴ,1/3,*,お]んご
おんごん,1345,1345,8000,名詞,一般,*,*,*,*,おんごん,オンゴン,オンゴン,0/4,*,お[んごん
おんじさん,1345,1345,8000,名詞,一般,*,*,*,*,おんじさん,オンジサン,オンジサン,3/5,*,お[んじ]さん
おんばこ,1345,1345,8000,名詞,一般,*,*,*,*,おんばこ,オンバコ,オンバコ,0/4,*,お[んばこ
おーすとらりあ,1349,1349,8000,名詞,固有名詞,地域,国,*,*,おーすとらりあ,オーストラリア,オーストラリア,0/7,*,お[ーすとらりあ
おーる,1349,1349,8000,名詞,固有名詞,人名,一般,*,*,おーる,オール,オール,0/3,*,お[ーる
かい,1351,1351,8000,名詞,固有名詞,人名,名,*,*,かい,カイ,カイ,1/2,*,か]い
かえで,1351,1351,8000,名詞,固有名詞,人名,名,*,*,かえで,カエデ,カエデ,0/3,*,か[えで
かおりくみこ,1349,1349,8000,名詞,固有名詞,人名,一般,*,*,かおりくみこ,カオリクミコ,カオリクミコ,4/6,*,か[おりく]みこ
かかっこ,1345,1345,8000,名詞,一般,*,*,*,*,かかっこ,カカッコ,カカッコ,1/4,*,か[か]っこ
かきえもん,1351,1351,8000,名詞,固有名詞,人名,名,*,*,かきえもん,カキエモン,カキエモン,0/5,*,か[きえもん
かくい,1350,1350,8000,名詞,固有名詞,人名,姓,*,*,かくい,カクイ,カクイ,0/3,*,か[くい
かくりゅう,1349,1349,8000,名詞,固有名詞,人名,一般,*,*,かくりゅう,カクリュウ,カクリュウ,2/4,*,か[くり]ユう
かぐま,1345,1345,8000,名詞,一般,*,*,*,*,かぐま,カグマ,カグマ,1/3,*,か]ぐま
かぐやひめ,1349,1349,8000,名詞,固有名詞,人名,一般,*,*,かぐやひめ,カグヤヒメ,カグヤヒメ,3/5,*,か[ぐや]ひめ
かけがわ,1353,1353,8000,名詞,固有名詞,地域,一般,*,*,かけがわ,カケガワ,カケガワ,0/4,*,か[けがわ
かげしま,1350,1350,8000,名詞,固有名詞,人名,姓,*,*,かげしま,カゲシマ,カゲシマ,0/4,*,か[げしま
かこさとし,1349,1349,8000,名詞,固有名詞,人名,一般,*,*,かこさとし,カコサトシ,カコサトシ,3/5,*,か[こさ]とし
かこさとしさん,1349,1349,8000,名詞,固有名詞,人名,一般,*,*,かこさとしさん,カコサトシサン,カコサトシサン,5/7,*,か[こさとし]さん
かこちゃん,1350,1350,8000,名詞,固有名詞,人名,姓,*,*,かこちゃん,カコチャン,カコチャン,2/4,*,か[こち]ヤん
かこっこ,1345,1345,8000,名詞,一般,*,*,*,*,かこっこ,カコッコ,カコッコ,1/4,*,か[こ]っこ
かごしま,1353,1353,8000,名詞,固有名詞,地域,一般,*,*,かごしま,カゴシマ,カゴシマ,0/4,*,か[ごしま
かさいしんすけ,1349,1349,8000,名詞,固有名詞,人名,一般,*,*,かさいしんすけ,カサイシンスケ,カサイシンスケ,5/7,*,か[さいしん]すけ
かさおか,1353,1353,8000,名詞,固有名詞,地域,一般,*,*,かさおか,カサオカ,カサオカ,0/4,*,か[さおか
かさしま,1353,1353,8000,名詞,固有名詞,地域,一般,*,*,かさしま,カサシマ,カサシマ,0/4,*,か[さしま
かざし,1345,1345,8000,名詞,一般,*,*,*,*,かざし,カザシ,カザシ,2/3,*,か[ざ]し
かしめ,1345,1345,8000,名詞,一般,*,*,*,*,かしめ,カシメ,カシメ,0/3,*,か[しめ
かしょう,1351,1351,8000,名詞,固有名詞,人名,名,*,*,かしょう,カショウ,カショウ,1/3,*,か[し]ヨう
かしわいだい,1353,1353,8000,名詞,固有名詞,地域,一般,*,*,かしわいだい,カシワイダイ,カシワイダイ,0/6,*,か[しわいだい
かじた,1350,1350,8000,名詞,固有名詞,人名,姓,*,*,かじた,カジタ,カジタ,1/3,*,か]じた
かじたさん,1350,1350,8000,名詞,固有名詞,人名,姓,*,*,かじたさん,カジタサン,カジタサン,3/5,*,か[じた]さん
かすみさとし,1349,1349,8000,名詞,固有名詞,人名,一般,*,*,かすみさとし,カスミサトシ,カスミサトシ,4/6,*,か[すみさ]とし
かすみさん,1351,1351,8000,名詞,固有名詞,人名,名,*,*,かすみさん,カスミサン,カスミサン,3/5,*,か[すみ]さん
かすみちゃん,1351,1351,8000,名詞,固有名詞,人名,名,*,*,かすみちゃん,カスミチャン,カスミチャン,3/5,*,か[すみち]ヤん
かずえさん,1351,1351,8000,名詞,固有名詞,人名,名,*,*,かずえさん,カズエサン,カズエサン,3/5,*,か[ずえ]さん
かずおさん,1351,1351,8000,名詞,固有名詞,人名,名,*,*,かずおさん,カズオサン,カズオサン,3/5,*,か[ずお]さん
かずきさ,1351,1351,8000,名詞,固有名詞,人名,名,*,*,かずきさ,カズキサ,カズキサ,2/4,*,か[ず]きさ
かずきさん,1351,1351,8000,名詞,固有名詞,人名,名,*,*,かずきさん,カズキサン,カズキサン,3/5,*,か[ずき]さん
かずのり,1351,1351,8000,名詞,固有名詞,人名,名,*,*,かずのり,カズノリ,カズノリ,2/4,*,か[ず]のり
かずひこ,1351,1351,8000,名詞,固有名詞,人名,名,*,*,かずひこ,カズヒコ,カズヒコ,2/4,*,か[ず]ひこ
かずひこさん,1351,1351,8000,名詞,固有名詞,人名,名,*,*,かずひこさん,カズヒコサン,カズヒコサン,4/6,*,か[ずひこ]さん
かずほ,1351,1351,8000,名詞,固有名詞,人名,名,*,*,かずほ,カズホ,カズホ,1/3,*,か]ずほ
かずみ,1351,1351,8000,名詞,固有名詞,人名,名,*,*,かずみ,カズミ,カズミ,0/3,*,か[ずみ
かずみさん,1351,1351,8000,名詞,固有名詞,人名,名,*,*,かずみさん,カズミサン,カズミサン,3/5,*,か[ずみ]さん
かずみちゃん,1351,1351,8000,名詞,固有名詞,人名,名,*,*,かずみちゃん,カズミチャン,カズミチャン,3/5,*,か[ずみち]ヤん
かせたいしゅう,1349,1349,8000,名詞,固有名詞,人名,一般,*,*,かせたいしゅう,カセタイシュウ,カセタイシュウ,4/6,*,か[せたいし]ユう
かたかみ,1345,1345,8000,名詞,一般,*,*,*,*,かたかみ,カタカミ,カタカミ,0/4,*,か[たかみ
かちどき,1353,1353,8000,名詞,固有名詞,地域,一般,*,*,かちどき,カチドキ,カチドキ,0/4,*,か[ちどき
かったい,1345,1345,8000,名詞,一般,*,*,*,*,かったい,カッタイ,カッタイ,1/4,*,か]ったい
かったくり,1345,1345,8000,名詞,一般,*,*,*,*,かったくり,カッタクリ,カッタクリ,0/5,*,か[ったくり
かっちゃんさん,1349,1349,8000,名詞,固有名詞,人名,一般,*,*,かっちゃんさん,カッチャンサン,カッチャンサン,4/6,*,か[っちヤん]さん
かっぴさん,1349,1349,8000,名詞,固有名詞,人名,一般,*,*,かっぴさん,カッピサン,カッピサン,0/5,*,か[っぴさん
かっぺい,1351,1351,8000,名詞,固有名詞,人名,名,*,*,かっぺい,カッペイ,カッペイ,0/4,*,か[っぺい
かつくら,1348,1348,8000,名詞,固有名詞,一般,*,*,*,かつくら,カツクラ,カツクラ,2/4,*,か[つ]くら
かつさん,1351,1351,8000,名詞,固有名詞,人名,名,*,*,かつさん,カツサン,カツサン,2/4,*,か[つ]さん
かづき,1350,1350,8000,名詞,固有名詞,人名,姓,*,*,かづき,カヅキ,カヅキ,1/3,*,か]づき
かづきおせん,1349,1349,8000,名詞,固有名詞,人名,一般,*,*,かづきおせん,カヅキオセン,カヅキオセン,1/6,*,か]づきお[せん
かづきれいこさん,1349,1349,8000,名詞,固有名詞,人名,一般,*,*,かづきれいこさん,カヅキレイコサン,カヅキレイコサン,6/8,*,か[づきれいこ]さん
かづの,1353,1353,8000,名詞,固有名詞,地域,一般,*,*,かづの,カヅノ,カヅノ,1/3,*,か]づの
かとうあい,1349,1349,8000,名詞,固有名詞,人名,一般,*,*,かとうあい,カトウアイ,カトウアイ,3/5,*,か[とう]あい
かとうともこ,1349,1349,8000,名詞,固有名詞,人名,一般,*,*,かとうともこ,カトウトモコ,カトウトモコ,4/6,*,か[とうと]もこ
かとうゆみこ,1349,1349,8000,名詞,固有名詞,人名,一般,*,*,かとうゆみこ,カトウユミコ,カトウユミコ,1/6,*,か]とうゆ]みこ
かとうれいこ,1349,1349,8000,名詞,固有名詞,人名,一般,*,*,かとうれいこ,カトウレイコ,カトウレイコ,1/6,*,か]とうれ]いこ
かなちゃーん,1351,1351,8000,名詞,固有名詞,人名,名,*,*,かなちゃーん,カナチャーン,カナチャーン,2/5,*,か[なちヤ]ーん
かなやん,1351,1351,8000,名詞,固有名詞,人名,名,*,*,かなやん,カナヤン,カナヤン,2/4,*,か[な]やん
かねむら,1350,1350,8000,名詞,固有名詞,人名,姓,*,*,かねむら,カネムラ,カネムラ,0/4,*,か[ねむら
かのうさん,1350,1350,8000,名詞,固有名詞,人名,姓,*,*,かのうさん,カノウサン,カノウサン,3/5,*,か[のう]さん
かほる,1351,1351,8000,名詞,固有名詞,人名,名,*,*,かほる,カホル,カホル,0/3,*,か[ほる
かまやつひろしさん,1349,1349,8000,名詞,固有名詞,人名,一般,*,*,かまやつひろしさん,カマヤツヒロシサン,カマヤツヒロシサン,7/9,*,か[まやつひろし]さん
かみくて,1353,1353,8000,名詞,固有名詞,地域,一般,*,*,かみくて,カミクテ,カミクテ,0/4,*,か[みくて
かむなび,1348,1348,8000,名詞,固有名詞,一般,*,*,*,かむなび,カムナビ,カムナビ,0/4,*,か[むなび
かめがい,1350,1350,8000,名詞,固有名詞,人名,姓,*,*,かめがい,カメガイ,カメガイ,2/4,*,か[め]がい
かめさん,1349,1349,8000,名詞,固有名詞,人名,一般,*,*,かめさん,カメサン,カメサン,2/4,*,か[め]さん
かめなし,1350,1350,8000,名詞,固有名詞,人名,姓,*,*,かめなし,カメナシ,カメナシ,0/4,*,か[めなし
かめやま,1353,1353,8000,名詞,固有名詞,地域,一般,*,*,かめやま,カメヤマ,カメヤマ,2/4,*,か[め]やま
からく,1353,1353,8000,名詞,固有名詞,地域,一般,*,*,からく,カラク,カラク,0/3,*,か[らく
からっけえき,1345,1345,8000,名詞,一般,*,*,*,*,からっけえき,カラッケエキ,カラッケエキ,0/6,*,か[らっけえき
からてんぼ,1345,1345,8000,名詞,一般,*,*,*,*,からてんぼ,カラテンボ,カラテンボ,0/5,*,か[らてんぼ
かるっぱ,1345,1345,8000,名詞,一般,*,*,*,*,かるっぱ,カルッパ,カルッパ,1/4,*,か[る]っぱ
かるっぱま,1345,1345,8000,名詞,一般,*,*,*,*,かるっぱま,カルッパマ,カルッパマ,0/5,*,か[るっぱま
かわぐちくにお,1349,1349,8000,名詞,固有名詞,人名,一般,*,*,かわぐちくにお,カワグチクニオ,カワグチクニオ,5/7,*,か[わぐちく]にお
かわしまりょう,1349,1349,8000,名詞,固有名詞,人名,一般,*,*,かわしまりょう,カワシマリョウ,カワシマリョウ,4/6,*,か[わしまり]ヨう
かわたれ,1345,1345,8000,名詞,一般,*,*,*,*,かわたれ,カワタレ,カワタレ,0/4,*,か[わたれ
かわば,1353,1353,8000,名詞,固有名詞,地域,一般,*,*,かわば,カワバ,カワバ,1/3,*,か]わば
くわんおん,1349,1349,8000,名詞,固有名詞,人名,一般,*,*,くわんおん,カンオン,カンオン,0/4,*,か[んおん
かんざわ,1350,1350,8000,名詞,固有名詞,人名,姓,*,*,かんざわ,カンザワ,カンザワ,0/4,*,か[んざわ
かんだあきこ,1349,1349,8000,名詞,固有名詞,人名,一般,*,*,かんだあきこ,カンダアキコ,カンダアキコ,4/6,*,か[んだあ]きこ
かんだかずみ,1349,1349,8000,名詞,固有名詞,人名,一般,*,*,かんだかずみ,カンダカズミ,カンダカズミ,4/6,*,か[んだか]ずみ
かんぼじあ,1349,1349,8000,名詞,固有名詞,地域,国,*,*,かんぼじあ,カンボジア,カンボジア,0/5,*,か[んぼじあ
かんやん,1345,1345,8000,名詞,一般,*,*,*,*,かんやん,カンヤン,カンヤン,2/4,*,か[ん]やん
かんりゅうさい,1351,1351,8000,名詞,固有名詞,人名,名,*,*,かんりゅうさい,カンリュウサイ,カンリュウサイ,2/6,*,か[んり]ユうさい
がががががっ,1345,1345,8000,名詞,一般,*,*,*,*,がががががっ,ガガガガガッ,ガガガガガッ,0/6,*,が[ががががっ
がざみ,1345,1345,8000,名詞,一般,*,*,*,*,がざみ,ガザミ,ガザミ,0/3,*,が[ざみ
がじり,1345,1345,8000,名詞,一般,*,*,*,*,がじり,ガジリ,ガジリ,0/3,*,が[じり
がばいばあちゃん,1345,1345,8000,名詞,一般,*,*,*,*,がばいばあちゃん,ガバイバアチャン,ガバイバアチャン,7/7,*,が[ばいばあ[ち]ヤん
がめつさ,1345,1345,8000,名詞,一般,*,*,*,*,がめつさ,ガメツサ,ガメツサ,0/4,*,が[めつさ
がらっぱち,1345,1345,8000,名詞,一般,*,*,*,*,がらっぱち,ガラッパチ,ガラッパチ,0/5,*,が[らっぱち
がんけ,1345,1345,8000,名詞,一般,*,*,*,*,がんけ,ガンケ,ガンケ,0/3,*,が[んけ
がんじゅさん,1345,1345,8000,名詞,一般,*,*,*,*,がんじゅさん,ガンジュサン,ガンジュサン,2/5,*,が[んじユ]さん
きいち,1351,1351,8000,名詞,固有名詞,人名,名,*,*,きいち,キイチ,キイチ,1/3,*,き]いち
きくこさん,1345,1345,8000,名詞,一般,*,*,*,*,きくこさん,キクコサン,キクコサン,3/5,*,き[くこ]さん
きくさん,1351,1351,8000,名詞,固有名詞,人名,名,*,*,きくさん,キクサン,キクサン,2/4,*,き[く]さん
きくちゃん,1351,1351,8000,名詞,固有名詞,人名,名,*,*,きくちゃん,キクチャン,キクチャン,2/4,*,き[くち]ヤん
きざったらしさ,1345,1345,8000,名詞,一般,*,*,*,*,きざったらしさ,キザッタラシサ,キザッタラシサ,5/7,*,き[ざったら]しさ
きしまや,1349,1349,8000,名詞,固有名詞,人名,一般,*,*,きしまや,キシマヤ,キシマヤ,2/4,*,き[し]まや
きしゅそ,1349,1349,8000,名詞,固有名詞,人名,一般,*,*,きしゅそ,キシュソ,キシュソ,0/3,*,き[しユそ
きたぐて,1353,1353,8000,名詞,固有名詞,地域,一般,*,*,きたぐて,キタグテ,キタグテ,0/4,*,き[たぐて
きたやまようこ,1349,1349,8000,名詞,固有名詞,人名,一般,*,*,きたやまようこ,キタヤマヨウコ,キタヤマヨウコ,5/7,*,き[たやまよ]うこ
きっこ,1351,1351,8000,名詞,固有名詞,人名,名,*,*,きっこ,キッコ,キッコ,1/3,*,き]っこ
きっこさん,1351,1351,8000,名詞,固有名詞,人名,名,*,*,きっこさん,キッコサン,キッコサン,0/5,*,き[っこさん
きつねぐて,1353,1353,8000,名詞,固有名詞,地域,一般,*,*,きつねぐて,キツネグテ,キツネグテ,0/5,*,き[つねぐて
きぬ,1353,1353,8000,名詞,固有名詞,地域,一般,*,*,きぬ,キヌ,キヌ,1/2,*,き]ぬ
きぬえ,1351,1351,8000,名詞,固有名詞,人名,名,*,*,きぬえ,キヌエ,キヌエ,0/3,*,き[ぬえ
きぬちゃん,1353,1353,8000,名詞,固有名詞,地域,一般,*,*,きぬちゃん,キヌチャン,キヌチャン,2/4,*,き[ぬち]ヤん
きぬちゃん,1345,1345,8000,名詞,一般,*,*,*,*,きぬちゃん,キヌチャン,キヌチャン,2/4,*,き[ぬち]ヤん
きのしたゆふけい,1349,1349,8000,名詞,固有名詞,人名,一般,*,*,きのしたゆふけい,キノシタユフケイ,キノシタユフケイ,7/8,*,き[のしたゆ[ふ]けい
きばさ,1345,1345,8000,名詞,一般,*,*,*,*,きばさ,キバサ,キバサ,1/3,*,き]ばさ
きみこさん,1351,1351,8000,名詞,固有名詞,人名,名,*,*,きみこさん,キミコサン,キミコサン,3/5,*,き[みこ]さん
きみさん,1351,1351,8000,名詞,固有名詞,人名,名,*,*,きみさん,キミサン,キミサン,2/4,*,き[み]さん
きむらさん,1350,1350,8000,名詞,固有名詞,人名,姓,*,*,きむらさん,キムラサン,キムラサン,3/5,*,き[むら]さん
きもおた,1345,1345,8000,名詞,一般,*,*,*,*,きもおた,キモオタ,キモオタ,0/4,*,き[もおた
きゃべせん,1345,1345,8000,名詞,一般,*,*,*,*,きゃべせん,キャベセン,キャベセン,2/4,*,き[ヤべ]せん
きゃみ,1349,1349,8000,名詞,固有名詞,人名,一般,*,*,きゃみ,キャミ,キャミ,1/2,*,き]ヤみ
きょうへい,1351,1351,8000,名詞,固有名詞,人名,名,*,*,きょうへい,キョウヘイ,キョウヘイ,0/4,*,き[ヨうへい
きょせん,1351,1351,8000,名詞,固有名詞,人名,名,*,*,きょせん,キョセン,キョセン,0/3,*,き[ヨ]せん
きよかわ,1350,1350,8000,名詞,固有名詞,人名,姓,*,*,きよかわ,キヨカワ,キヨカワ,2/4,*,き[よ]かわ
きよしさあん,1351,1351,8000,名詞,固有名詞,人名,名,*,*,きよしさあん,キヨシサアン,キヨシサアン,4/6,*,き[よしさ]あん
きよちゃん,1345,1345,8000,名詞,一般,*,*,*,*,きよちゃん,キヨチャン,キヨチャン,2/4,*,き[よち]ヤん
きよと,1351,1351,8000,名詞,固有名詞,人名,名,*,*,きよと,キヨト,キヨト,1/3,*,き]よと
きよひこ,1351,1351,8000,名詞,固有名詞,人名,名,*,*,きよひこ,キヨヒコ,キヨヒコ,2/4,*,き[よ]ひこ
きよまろ,1351,1351,8000,名詞,固有名詞,人名,名,*,*,きよまろ,キヨマロ,キヨマロ,0/4,*,き[よまろ
きよみさん,1351,1351,8000,名詞,固有名詞,人名,名,*,*,きよみさん,キヨミサン,キヨミサン,3/5,*,き[よみ]さん
きよりん,1351,1351,8000,名詞,固有名詞,人名,名,*,*,きよりん,キヨリン,キヨリン,0/4,*,き[よりん
きらず,1345,1345,8000,名詞,一般,*,*,*,*,きらず,キラズ,キラズ,0/3,*,き[らず
きりふり,1353,1353,8000,名詞,固有名詞,地域,一般,*,*,きりふり,キリフリ,キリフリ,0/4,*,き[りふり
きりゅう,1353,1353,8000,名詞,固有名詞,地域,一般,*,*,きりゅう,キリュウ,キリュウ,1/3,*,き[り]ユう
きんもち,1351,1351,8000,名詞,固有名詞,人名,名,*,*,きんもち,キンモチ,キンモチ,0/4,*,き[んもち
きーほーさん,1349,1349,8000,名詞,固有名詞,人名,一般,*,*,きーほーさん,キーホーサン,キーホーサン,4/6,*,き[ーほー]さん
ぎざ,1345,1345,8000,名詞,一般,*,*,*,*,ぎざ,ギザ,ギザ,1/2,*,ぎ]ざ
ぎざどん,1345,1345,8000,名詞,一般,*,*,*,*,ぎざどん,ギザドン,ギザドン,2/4,*,ぎ[ざ]どん
ぎっくり,1345,1345,8000,名詞,一般,*,*,*,*,ぎっくり,ギックリ,ギックリ,3/4,*,ぎ[っく]り
ぎのわん,1353,1353,8000,名詞,固有名詞,地域,一般,*,*,ぎのわん,ギノワン,ギノワン,0/4,*,ぎ[のわん
ぎぼあいこ,1349,1349,8000,名詞,固有名詞,人名,一般,*,*,ぎぼあいこ,ギボアイコ,ギボアイコ,3/5,*,ぎ[ぼあ]いこ
ぎゅっぴー,1349,1349,8000,名詞,固有名詞,人名,一般,*,*,ぎゅっぴー,ギュッピー,ギュッピー,0/4,*,ぎ[ユ]っぴー
ぎょくと,1349,1349,8000,名詞,固有名詞,人名,一般,*,*,ぎょくと,ギョクト,ギョクト,0/3,*,ぎ[ヨ]くと
ぎらぎらしさ,1345,1345,8000,名詞,一般,*,*,*,*,ぎらぎらしさ,ギラギラシサ,ギラギラシサ,0/6,*,ぎ[らぎらしさ
ぎんざ,1353,1353,8000,名詞,固有名詞,地域,一般,*,*,ぎんざ,ギンザ,ギンザ,0/3,*,ぎ[んざ
ぎんざすいす,1345,1345,8000,名詞,一般,*,*,*,*,ぎんざすいす,ギンザスイス,ギンザスイス,4/6,*,ぎ[んざす]いす
くう,1349,1349,8000,名詞,固有名詞,人名,一般,*,*,くう,クウ,クウ,1/2,*,く]う
くう,1351,1351,8000,名詞,固有名詞,人名,名,*,*,くう,クウ,クウ,1/2,*,く]う
くうちゃん,1345,1345,8000,名詞,一般,*,*,*,*,くうちゃん,クウチャン,クウチャン,2/4,*,く[うち]ヤん
くうん,1358,1358,8000,名詞,接尾,一般,*,*,*,くうん,クウン,クウン,1/3,*,く]うん
くがかつなん,1349,1349,8000,名詞,固有名詞,人名,一般,*,*,くがかつなん,クガカツナン,クガカツナン,4/6,*,く[がかつ]なん
くさなぎつよし,1349,1349,8000,名詞,固有名詞,人名,一般,*,*,くさなぎつよし,クサナギツヨシ,クサナギツヨシ,5/7,*,く[さなぎつ]よし
くすいむん,1345,1345,8000,名詞,一般,*,*,*,*,くすいむん,クスイムン,クスイムン,0/5,*,く[すいむん
くだかけ,1345,1345,8000,名詞,一般,*,*,*,*,くだかけ,クダカケ,クダカケ,0/4,*,く[だかけ
くっさん,1345,1345,8000,名詞,一般,*,*,*,*,くっさん,クッサン,クッサン,0/4,*,く[っさん
くて,1353,1353,8000,名詞,固有名詞,地域,一般,*,*,くて,クテ,クテ,1/2,*,く]て
くてきた,1353,1353,8000,名詞,固有名詞,地域,一般,*,*,くてきた,クテキタ,クテキタ,0/4,*,く[てきた
くてばた,1353,1353,8000,名詞,固有名詞,地域,一般,*,*,くてばた,クテバタ,クテバタ,0/4,*,く[てばた
くどう,1350,1350,8000,名詞,固有名詞,人名,姓,*,*,くどう,クドウ,クドウ,1/3,*,く]どう
くどうちゃん,1350,1350,8000,名詞,固有名詞,人名,姓,*,*,くどうちゃん,クドウチャン,クドウチャン,3/5,*,く[どうち]ヤん
くどっち,1349,1349,8000,名詞,固有名詞,人名,一般,*,*,くどっち,クドッチ,クドッチ,1/4,*,く[ど]っち
くどみ,1345,1345,8000,名詞,一般,*,*,*,*,くどみ,クドミ,クドミ,0/3,*,く[どみ
くにのとこたち,1349,1349,8000,名詞,固有名詞,人名,一般,*,*,くにのとこたち,クニノトコタチ,クニノトコタチ,0/7,*,く[にのとこたち
くね,1345,1345,8000,名詞,一般,*,*,*,*,くね,クネ,クネ,1/2,*,く]ね
くぼた,1350,1350,8000,名詞,固有名詞,人名,姓,*,*,くぼた,クボタ,クボタ,1/3,*,く]ぼた
くぼやすこ,1349,1349,8000,名詞,固有名詞,人名,一般,*,*,くぼやすこ,クボヤスコ,クボヤスコ,3/5,*,く[ぼや]すこ
くまいちゃ,1345,1345,8000,名詞,一般,*,*,*,*,くまいちゃ,クマイチャ,クマイチャ,3/4,*,く[まい]ちヤ
くまうた,1348,1348,8000,名詞,固有名詞,一般,*,*,*,くまうた,クマウタ,クマウタ,0/4,*,く[まうた
くまざきさん,1350,1350,8000,名詞,固有名詞,人名,姓,*,*,くまざきさん,クマザキサン,クマザキサン,0/6,*,く[まざきさん
くみこ,1351,1351,8000,名詞,固有名詞,人名,名,*,*,くみこ,クミコ,クミコ,1/3,*,く]みこ
くみちゃん,1351,1351,8000,名詞,固有名詞,人名,名,*,*,くみちゃん,クミチャン,クミチャン,2/4,*,く[みち]ヤん
くらま,1353,1353,8000,名詞,固有名詞,地域,一般,*,*,くらま,クラマ,クラマ,1/3,*,く]らま
くるしゅ,1345,1345,8000,名詞,一般,*,*,*,*,くるしゅ,クルシュ,クルシュ,0/3,*,く[るしユ
くるまにあ,1348,1348,8000,名詞,固有名詞,一般,*,*,*,くるまにあ,クルマニア,クルマニア,3/5,*,く[るま]にあ
くるみざわるい,1349,1349,8000,名詞,固有名詞,人名,一般,*,*,くるみざわるい,クルミザワルイ,クルミザワルイ,5/7,*,く[るみざわ]るい
くるよさん,1351,1351,8000,名詞,固有名詞,人名,名,*,*,くるよさん,クルヨサン,クルヨサン,3/5,*,く[るよ]さん
くろぐいせ,1353,1353,8000,名詞,固有名詞,地域,一般,*,*,くろぐいせ,クログイセ,クログイセ,0/5,*,く[ろぐいせ
くわがた,1350,1350,8000,名詞,固有名詞,人名,姓,*,*,くわがた,クワガタ,クワガタ,2/4,*,く[わ]がた
くわがたけいさい,1349,1349,8000,名詞,固有名詞,人名,一般,*,*,くわがたけいさい,クワガタケイサイ,クワガタケイサイ,6/8,*,く[わがたけい]さい
くわたますみ,1349,1349,8000,名詞,固有名詞,人名,一般,*,*,くわたますみ,クワタマスミ,クワタマスミ,4/6,*,く[わたま]すみ
くわばらたかし,1349,1349,8000,名詞,固有名詞,人名,一般,*,*,くわばらたかし,クワバラタカシ,クワバラタカシ,5/7,*,く[わばらた]かし
くんだり,1358,1358,8000,名詞,接尾,一般,*,*,*,くんだり,クンダリ,クンダリ,0/4,*,く[んだり
ぐっちゃ,1349,1349,8000,名詞,固有名詞,人名,一般,*,*,ぐっちゃ,グッチャ,グッチャ,0/3,*,ぐ[っちヤ
ぐにゃりさん,1345,1345,8000,名詞,一般,*,*,*,*,ぐにゃりさん,グニャリサン,グニャリサン,3/5,*,ぐ[にヤり]さん
ぐるぐる,1345,1345,8000,名詞,一般,*,*,*,*,ぐるぐる,グルグル,グルグル,0/4,*,ぐ[るぐる
ぐるめーむ,1348,1348,8000,名詞,固有名詞,一般,*,*,*,ぐるめーむ,グルメーム,グルメーム,4/5,*,ぐ[るめー]む
ぐれさ,1345,1345,8000,名詞,一般,*,*,*,*,ぐれさ,グレサ,グレサ,0/3,*,ぐ[れさ
ぐれさん,1345,1345,8000,名詞,一般,*,*,*,*,ぐれさん,グレサン,グレサン,0/4,*,ぐ[れさん
ぐろまわり,1353,1353,8000,名詞,固有名詞,地域,一般,*,*,ぐろまわり,グロマワリ,グロマワリ,0/5,*,ぐ[ろまわり
ぐんばが,1345,1345,8000,名詞,一般,*,*,*,*,ぐんばが,グンバガ,グンバガ,0/4,*,ぐ[んばが
ぐんま,1353,1353,8000,名詞,固有名詞,地域,一般,*,*,ぐんま,グンマ,グンマ,1/3,*,ぐ]んま
けーこ,1351,1351,8000,名詞,固有名詞,人名,名,*,*,けーこ,ケイコ,ケイコ,1/3,*,け]いこ
けいこちゃん,1351,1351,8000,名詞,固有名詞,人名,名,*,*,けいこちゃん,ケイコチャン,ケイコチャン,3/5,*,け[いこち]ヤん
けいご,1351,1351,8000,名詞,固有名詞,人名,名,*,*,けいご,ケイゴ,ケイゴ,1/3,*,け]いご
けいたろう,1351,1351,8000,名詞,固有名詞,人名,名,*,*,けいたろう,ケイタロウ,ケイタロウ,0/5,*,け[いたろう
けいちゃん,1351,1351,8000,名詞,固有名詞,人名,名,*,*,けいちゃん,ケイチャン,ケイチャン,2/4,*,け[いち]ヤん
けーちゃんさん,1351,1351,8000,名詞,固有名詞,人名,名,*,*,けーちゃんさん,ケイチャンサン,ケイチャンサン,4/6,*,け[いちヤん]さん
けいてるよ,1349,1349,8000,名詞,固有名詞,人名,一般,*,*,けいてるよ,ケイテルヨ,ケイテルヨ,3/5,*,け[いて]るよ
けいと,1351,1351,8000,名詞,固有名詞,人名,名,*,*,けいと,ケイト,ケイト,1/3,*,け]いと
けいとだま,1345,1345,8000,名詞,一般,*,*,*,*,けいとだま,ケイトダマ,ケイトダマ,3/5,*,け[いと]だま
けさちいな,1345,1345,8000,名詞,一般,*,*,*,*,けさちいな,ケサチイナ,ケサチイナ,3/5,*,け[さち]いな
けじめけじめ,1345,1345,8000,名詞,一般,*,*,*,*,けじめけじめ,ケジメケジメ,ケジメケジメ,4/6,*,け[じめけ]じめ
けせねぎつ,1345,1345,8000,名詞,一般,*,*,*,*,けせねぎつ,ケセネギツ,ケセネギツ,0/5,*,け[せねぎつ
けつまんこ,1345,1345,8000,名詞,一般,*,*,*,*,けつまんこ,ケツマンコ,ケツマンコ,3/5,*,け[つま]んこ
けつもどき,1345,1345,8000,名詞,一般,*,*,*,*,けつもどき,ケツモドキ,ケツモドキ,3/5,*,け[つも]どき
けぬがわ,1353,1353,8000,名詞,固有名詞,地域,一般,*,*,けぬがわ,ケヌガワ,ケヌガワ,0/4,*,け[ぬがわ
けばさ,1345,1345,8000,名詞,一般,*,*,*,*,けばさ,ケバサ,ケバサ,0/3,*,け[ばさ
けらえいこ,1349,1349,8000,名詞,固有名詞,人名,一般,*,*,けらえいこ,ケラエイコ,ケラエイコ,3/5,*,け[らえ]いこ
けんいちろう,1349,1349,8000,名詞,固有名詞,人名,一般,*,*,けんいちろう,ケンイチロウ,ケンイチロウ,4/6,*,け[んいち]ろう
けんえん,1349,1349,8000,名詞,固有名詞,人名,一般,*,*,けんえん,ケンエン,ケンエン,0/4,*,け[んえん
けんけんけんけん,1345,1345,8000,名詞,一般,*,*,*,*,けんけんけんけん,ケンケンケンケン,ケンケンケンケン,0/8,*,け[んけんけんけん
けんけんさん,1345,1345,8000,名詞,一般,*,*,*,*,けんけんさん,ケンケンサン,ケンケンサン,4/6,*,け[んけん]さん
けんし,1351,1351,8000,名詞,固有名詞,人名,名,*,*,けんし,ケンシ,ケンシ,1/3,*,け]んし
けんしん,1351,1351,8000,名詞,固有名詞,人名,名,*,*,けんしん,ケンシン,ケンシン,0/4,*,け[んしん
けんじろう,1351,1351,8000,名詞,固有名詞,人名,名,*,*,けんじろう,ケンジロウ,ケンジロウ,1/5,*,け]んじろう
けんと,1351,1351,8000,名詞,固有名詞,人名,名,*,*,けんと,ケント,ケント,1/3,*,け]んと
けんなおこ,1349,1349,8000,名詞,固有名詞,人名,一般,*,*,けんなおこ,ケンナオコ,ケンナオコ,3/5,*,け[んな]おこ
けんほ,1345,1345,8000,名詞,一般,*,*,*,*,けんほ,ケンホ,ケンホ,1/3,*,け]んほ
けんやん,1351,1351,8000,名詞,固有名詞,人名,名,*,*,けんやん,ケンヤン,ケンヤン,2/4,*,け[ん]やん
げげる,1351,1351,8000,名詞,固有名詞,人名,名,*,*,げげる,ゲゲル,ゲゲル,0/3,*,げ[げる
げぶつ,1345,1345,8000,名詞,一般,*,*,*,*,げぶつ,ゲブツ,ゲブツ,0/3,*,げ[ぶつ
げろふじ,1353,1353,8000,名詞,固有名詞,地域,一般,*,*,げろふじ,ゲロフジ,ゲロフジ,2/4,*,げ[ろ]ふじ
げんき,1351,1351,8000,名詞,固有名詞,人名,名,*,*,げんき,ゲンキ,ゲンキ,1/3,*,げ]んき
げんざぶろう,1351,1351,8000,名詞,固有名詞,人名,名,*,*,げんざぶろう,ゲンザブロウ,ゲンザブロウ,0/6,*,げ[んざぶろう
げんじ,1349,1349,8000,名詞,固有名詞,人名,一般,*,*,げんじ,ゲンジ,ゲンジ,1/3,*,げ]んじ
げんぶ,1351,1351,8000,名詞,固有名詞,人名,名,*,*,げんぶ,ゲンブ,ゲンブ,1/3,*,げ]んぶ
げんぼう,1349,1349,8000,名詞,固有名詞,人名,一般,*,*,げんぼう,ゲンボウ,ゲンボウ,0/4,*,げ[んぼう
こういちろう,1351,1351,8000,名詞,固有名詞,人名,名,*,*,こういちろう,コウイチロウ,コウイチロウ,4/6,*,こ[ういち]ろう
こうぎょく,1349,1349,8000,名詞,固有名詞,人名,一般,*,*,こうぎょく,コウギョク,コウギョク,0/4,*,こ[うぎヨく
こうげい,1348,1348,8000,名詞,固有名詞,一般,*,*,*,こうげい,コウゲイ,コウゲイ,0/4,*,こ[うげい
こうぞうごん,1351,1351,8000,名詞,固有名詞,人名,名,*,*,こうぞうごん,コウゾウゴン,コウゾウゴン,4/6,*,こ[うぞう]ごん
こうたくみん,1349,1349,8000,名詞,固有名詞,人名,一般,*,*,こうたくみん,コウタクミン,コウタクミン,4/6,*,こ[うたく]みん
こうたろう,1351,1351,8000,名詞,固有名詞,人名,名,*,*,こうたろう,コウタロウ,コウタロウ,0/5,*,こ[うたろう
こうなご,1345,1345,8000,名詞,一般,*,*,*,*,こうなご,コウナゴ,コウナゴ,0/4,*,こ[うなご
こすぎやすみ,1349,1349,8000,名詞,固有名詞,人名,一般,*,*,こすぎやすみ,コスギヤスミ,コスギヤスミ,4/6,*,こ[すぎや]すみ
こたうめさん,1345,1345,8000,名詞,一般,*,*,*,*,こたうめさん,コタウメサン,コタウメサン,4/6,*,こ[たうめ]さん
こたつむり,1345,1345,8000,名詞,一般,*,*,*,*,こたつむり,コタツムリ,コタツムリ,3/5,*,こ[たつ]むり
こたま,1345,1345,8000,名詞,一般,*,*,*,*,こたま,コタマ,コタマ,0/3,*,こ[たま
こたろうさん,1351,1351,8000,名詞,固有名詞,人名,名,*,*,こたろうさん,コタロウサン,コタロウサン,4/6,*,こ[たろう]さん
こっき,1351,1351,8000,名詞,固有名詞,人名,名,*,*,こっき,コッキ,コッキ,1/3,*,こ]っき
こっちさん,1345,1345,8000,名詞,一般,*,*,*,*,こっちさん,コッチサン,コッチサン,0/5,*,こ[っちさん
こっちゃん,1345,1345,8000,名詞,一般,*,*,*,*,こっちゃん,コッチャン,コッチャン,2/4,*,こ[っち]ヤん
こってりさ,1345,1345,8000,名詞,一般,*,*,*,*,こってりさ,コッテリサ,コッテリサ,0/5,*,こ[ってりさ
ことおうしゅう,1349,1349,8000,名詞,固有名詞,人名,一般,*,*,ことおうしゅう,コトオウシュウ,コトオウシュウ,4/6,*,こ[とおうし]ユう
ことみ,1351,1351,8000,名詞,固有名詞,人名,名,*,*,ことみ,コトミ,コトミ,0/3,*,こ[とみ
ことみさん,1351,1351,8000,名詞,固有名詞,人名,名,*,*,ことみさん,コトミサン,コトミサン,3/5,*,こ[とみ]さん
ことみつき,1349,1349,8000,名詞,固有名詞,人名,一般,*,*,ことみつき,コトミツキ,コトミツキ,0/5,*,こ[とみつき
こないだおすぎさん,1349,1349,8000,名詞,固有名詞,人名,一般,*,*,こないだおすぎさん,コナイダオスギサン,コナイダオスギサン,7/9,*,こ[ないだおすぎ]さん
こないだしまむら,1345,1345,8000,名詞,一般,*,*,*,*,こないだしまむら,コナイダシマムラ,コナイダシマムラ,6/8,*,こ[ないだしま]むら
こばやしはるお,1349,1349,8000,名詞,固有名詞,人名,一般,*,*,こばやしはるお,コバヤシハルオ,コバヤシハルオ,5/7,*,こ[ばやしは]るお
こばやしひでお,1349,1349,8000,名詞,固有名詞,人名,一般,*,*,こばやしひでお,コバヤシヒデオ,コバヤシヒデオ,5/7,*,こ[ばやしひ]でお
こぺる,1348,1348,8000,名詞,固有名詞,一般,*,*,*,こぺる,コペル,コペル,1/3,*,こ]ぺる
こまつ,1353,1353,8000,名詞,固有名詞,地域,一般,*,*,こまつ,コマツ,コマツ,0/3,*,こ[まつ
こまりな,1349,1349,8000,名詞,固有名詞,人名,一般,*,*,こまりな,コマリナ,コマリナ,0/4,*,こ[まりな
こまりん,1349,1349,8000,名詞,固有名詞,人名,一般,*,*,こまりん,コマリン,コマリン,0/4,*,こ[まりん
こりゃびっくり,1345,1345,8000,名詞,一般,*,*,*,*,こりゃびっくり,コリャビックリ,コリャビックリ,3/6,*,こ[りヤび]っくり
ころいち,1345,1345,8000,名詞,一般,*,*,*,*,ころいち,コロイチ,コロイチ,2/4,*,こ[ろ]いち
こんぺい,1351,1351,8000,名詞,固有名詞,人名,名,*,*,こんぺい,コンペイ,コンペイ,0/4,*,こ[んぺい
こんぺいさん,1351,1351,8000,名詞,固有名詞,人名,名,*,*,こんぺいさん,コンペイサン,コンペイサン,4/6,*,こ[んぺい]さん
こーんさん,1345,1345,8000,名詞,一般,*,*,*,*,こーんさん,コーンサン,コーンサン,0/5,*,こ[ーんさん
ごあ,1345,1345,8000,名詞,一般,*,*,*,*,ごあ,ゴア,ゴア,1/2,*,ご]あ
ごう,1351,1351,8000,名詞,固有名詞,人名,名,*,*,ごう,ゴウ,ゴウ,1/2,*,ご]う
ごうごう,1345,1345,8000,名詞,一般,*,*,*,*,ごうごう,ゴウゴウ,ゴウゴウ,0/4,*,ご[うごう
ごえもん,1351,1351,8000,名詞,固有名詞,人名,名,*,*,ごえもん,ゴエモン,ゴエモン,0/4,*,ご[えもん
ごきごき,1345,1345,8000,名詞,一般,*,*,*,*,ごきごき,ゴキゴキ,ゴキゴキ,0/4,*,ご[きごき
ごきぶりちゃん,1345,1345,8000,名詞,一般,*,*,*,*,ごきぶりちゃん,ゴキブリチャン,ゴキブリチャン,4/6,*,ご[きぶりち]ヤん
ごくう,1351,1351,8000,名詞,固有名詞,人名,名,*,*,ごくう,ゴクウ,ゴクウ,1/3,*,ご]くう
ごこさん,1345,1345,8000,名詞,一般,*,*,*,*,ごこさん,ゴコサン,ゴコサン,0/4,*,ご[こさん
ごず,1345,1345,8000,名詞,一般,*,*,*,*,ごず,ゴズ,ゴズ,1/2,*,ご]ず
ごぜ,1345,1345,8000,名詞,一般,*,*,*,*,ごぜ,ゴゼ,ゴゼ,1/2,*,ご]ぜ
ごちそうさ,1345,1345,8000,名詞,一般,*,*,*,*,ごちそうさ,ゴチソウサ,ゴチソウサ,3/5,*,ご[ちそ]うさ
ごちちゃん,1345,1345,8000,名詞,一般,*,*,*,*,ごちちゃん,ゴチチャン,ゴチチャン,2/4,*,ご[ちち]ヤん
ごちゃごちゃさ,1345,1345,8000,名詞,一般,*,*,*,*,ごちゃごちゃさ,ゴチャゴチャサ,ゴチャゴチャサ,4/5,*,ご[ちヤごち]ヤさ
ごったまぜ,1345,1345,8000,名詞,一般,*,*,*,*,ごったまぜ,ゴッタマゼ,ゴッタマゼ,0/5,*,ご[ったまぜ
ごぶちゃん,1349,1349,8000,名詞,固有名詞,人名,一般,*,*,ごぶちゃん,ゴブチャン,ゴブチャン,2/4,*,ご[ぶち]ヤん
ごまかしごまかし,1345,1345,8000,名詞,一般,*,*,*,*,ごまかしごまかし,ゴマカシゴマカシ,ゴマカシゴマカシ,0/8,*,ご[まかしごまかし
ごまかせへへ,1345,1345,8000,名詞,一般,*,*,*,*,ごまかせへへ,ゴマカセヘヘ,ゴマカセヘヘ,4/6,*,ご[まかせ]へへ
ごん,1349,1349,8000,名詞,固有名詞,人名,一般,*,*,ごん,ゴン,ゴン,1/2,*,ご]ん
ごん,1345,1345,8000,名詞,一般,*,*,*,*,ごん,ゴン,ゴン,1/2,*,ご]ん
ごんじ,1345,1345,8000,名詞,一般,*,*,*,*,ごんじ,ゴンジ,ゴンジ,1/3,*,ご]んじ
ごんださん,1345,1345,8000,名詞,一般,*,*,*,*,ごんださん,ゴンダサン,ゴンダサン,0/5,*,ご[んださん
ごんち,1348,1348,8000,名詞,固有名詞,一般,*,*,*,ごんち,ゴンチ,ゴンチ,0/3,*,ご[んち
ごんちゃん,1345,1345,8000,名詞,一般,*,*,*,*,ごんちゃん,ゴンチャン,ゴンチャン,2/4,*,ご[んち]ヤん
ごんべいさん,1351,1351,8000,名詞,固有名詞,人名,名,*,*,ごんべいさん,ゴンベイサン,ゴンベイサン,4/6,*,ご[んべい]さん
さいかい,1348,1348,8000,名詞,固有名詞,一般,*,*,*,さいかい,サイカイ,サイカイ,0/4,*,さ[いかい
さいきよう,1349,1349,8000,名詞,固有名詞,人名,一般,*,*,さいきよう,サイキョウ,サイキョウ,2/4,*,さ[いき]ヨう
さいぎよう,1349,1349,8000,名詞,固有名詞,人名,一般,*,*,さいぎよう,サイギョウ,サイギョウ,2/4,*,さ[いぎ]ヨう
さいとうさとる,1349,1349,8000,名詞,固有名詞,人名,一般,*,*,さいとうさとる,サイトウサトル,サイトウサトル,5/7,*,さ[いとうさ]とる
さいもんふみ,1349,1349,8000,名詞,固有名詞,人名,一般,*,*,さいもんふみ,サイモンフミ,サイモンフミ,1/6,*,さ]いもん]ふみ
さえぐささん,1350,1350,8000,名詞,固有名詞,人名,姓,*,*,さえぐささん,サエグササン,サエグササン,0/6,*,さ[えぐささん
さえさん,1351,1351,8000,名詞,固有名詞,人名,名,*,*,さえさん,サエサン,サエサン,2/4,*,さ[え]さん
さおいた,1345,1345,8000,名詞,一般,*,*,*,*,さおいた,サオイタ,サオイタ,0/4,*,さ[おいた
さおひめ,1349,1349,8000,名詞,固有名詞,人名,一般,*,*,さおひめ,サオヒメ,サオヒメ,2/4,*,さ[お]ひめ
さかいまき,1349,1349,8000,名詞,固有名詞,人名,一般,*,*,さかいまき,サカイマキ,サカイマキ,3/5,*,さ[かい]まき
さかぐちけんじ,1349,1349,8000,名詞,固有名詞,人名,一般,*,*,さかぐちけんじ,サカグチケンジ,サカグチケンジ,5/7,*,さ[かぐちけ]んじ
さかねちゃーん,1351,1351,8000,名詞,固有名詞,人名,名,*,*,さかねちゃーん,サカネチャーン,サカネチャーン,3/6,*,さ[かねちヤ]ーん
さかばやし,1348,1348,8000,名詞,固有名詞,一般,*,*,*,さかばやし,サカバヤシ,サカバヤシ,0/5,*,さ[かばやし
さかもと,1350,1350,8000,名詞,固有名詞,人名,姓,*,*,さかもと,サカモト,サカモト,0/4,*,さ[かもと
さかもとさん,1350,1350,8000,名詞,固有名詞,人名,姓,*,*,さかもとさん,サカモトサン,サカモトサン,4/6,*,さ[かもと]さん
さかもとてつや,1349,1349,8000,名詞,固有名詞,人名,一般,*,*,さかもとてつや,サカモトテツヤ,サカモトテツヤ,5/7,*,さ[かもとて]つや
さかもとまさゆき,1349,1349,8000,名詞,固有名詞,人名,一般,*,*,さかもとまさゆき,サカモトマサユキ,サカモトマサユキ,6/8,*,さ[かもとまさ]ゆき
さきいと,1345,1345,8000,名詞,一般,*,*,*,*,さきいと,サキイト,サキイト,0/4,*,さ[きいと
さきさん,1351,1351,8000,名詞,固有名詞,人名,名,*,*,さきさん,サキサン,サキサン,2/4,*,さ[き]さん
さきば,1345,1345,8000,名詞,一般,*,*,*,*,さきば,サキバ,サキバ,0/3,*,さ[きば
さぎぬま,1353,1353,8000,名詞,固有名詞,地域,一般,*,*,さぎぬま,サギヌマ,サギヌマ,0/4,*,さ[ぎぬま
さくまあきら,1349,1349,8000,名詞,固有名詞,人名,一般,*,*,さくまあきら,サクマアキラ,サクマアキラ,4/6,*,さ[くまあ]きら
さくまゆみこ,1349,1349,8000,名詞,固有名詞,人名,一般,*,*,さくまゆみこ,サクマユミコ,サクマユミコ,4/6,*,さ[くまゆ]みこ
さくら,1351,1351,8000,名詞,固有名詞,人名,名,*,*,さくら,サクラ,サクラ,0/3,*,さ[くら
さくらあかね,1349,1349,8000,名詞,固有名詞,人名,一般,*,*,さくらあかね,サクラアカネ,サクラアカネ,4/6,*,さ[くらあ]かね
さくらい,1350,1350,8000,名詞,固有名詞,人名,姓,*,*,さくらい,サクライ,サクライ,2/4,*,さ[く]らい
さくらがわ,1350,1350,8000,名詞,固有名詞,人名,姓,*,*,さくらがわ,サクラガワ,サクラガワ,3/5,*,さ[くら]がわ
さくらひめ,1349,1349,8000,名詞,固有名詞,人名,一般,*,*,さくらひめ,サクラヒメ,サクラヒメ,3/5,*,さ[くら]ひめ
さくらふぶき,1349,1349,8000,名詞,固有名詞,人名,一般,*,*,さくらふぶき,サクラフブキ,サクラフブキ,4/6,*,さ[くらふ]ぶき
さくらみち,1349,1349,8000,名詞,固有名詞,人名,一般,*,*,さくらみち,サクラミチ,サクラミチ,3/5,*,さ[くら]みち
ささ,1345,1345,8000,名詞,一般,*,*,*,*,ささ,ササ,ササ,1/2,*,さ]さ
ささき,1350,1350,8000,名詞,固有名詞,人名,姓,*,*,ささき,ササキ,ササキ,0/3,*,さ[さき
ささめ,1345,1345,8000,名詞,一般,*,*,*,*,ささめ,ササメ,ササメ,0/3,*,さ[さめ
ささやさん,1345,1345,8000,名詞,一般,*,*,*,*,ささやさん,ササヤサン,ササヤサン,3/5,*,さ[さや]さん
さだおさん,1349,1349,8000,名詞,固有名詞,人名,一般,*,*,さだおさん,サダオサン,サダオサン,3/5,*,さ[だお]さん
さださん,1351,1351,8000,名詞,固有名詞,人名,名,*,*,さださん,サダサン,サダサン,2/4,*,さ[だ]さん
さだちゃん,1351,1351,8000,名詞,固有名詞,人名,名,*,*,さだちゃん,サダチャン,サダチャン,2/4,*,さ[だち]ヤん
さだはる,1349,1349,8000,名詞,固有名詞,人名,一般,*,*,さだはる,サダハル,サダハル,2/4,*,さ[だ]はる
さっさ,1345,1345,8000,名詞,一般,*,*,*,*,さっさ,サッサ,サッサ,1/3,*,さ]っさ
さっちん,1349,1349,8000,名詞,固有名詞,人名,一般,*,*,さっちん,サッチン,サッチン,1/4,*,さ]っちん
さっとぅぶぁ,1348,1348,8000,名詞,固有名詞,一般,*,*,*,さっとぅぶぁ,サットゥブア,サットゥブア,2/5,*,さ[っと]ウぶあ
さつきちゃん,1351,1351,8000,名詞,固有名詞,人名,名,*,*,さつきちゃん,サツキチャン,サツキチャン,3/5,*,さ[つきち]ヤん
さつま,1351,1351,8000,名詞,固有名詞,人名,名,*,*,さつま,サツマ,サツマ,1/3,*,さ]つま
さつまふじ,1353,1353,8000,名詞,固有名詞,地域,一般,*,*,さつまふじ,サツマフジ,サツマフジ,3/5,*,さ[つま]ふじ
さとうとしお,1349,1349,8000,名詞,固有名詞,人名,一般,*,*,さとうとしお,サトウトシオ,サトウトシオ,1/6,*,さ]とうと]しお
さとうまきこ,1345,1345,8000,名詞,一般,*,*,*,*,さとうまきこ,サトウマキコ,サトウマキコ,4/6,*,さ[とうま]きこ
さとうみつこ,1349,1349,8000,名詞,固有名詞,人名,一般,*,*,さとうみつこ,サトウミツコ,サトウミツコ,4/6,*,さ[とうみ]つこ
さとこ,1351,1351,8000,名詞,固有名詞,人名,名,*,*,さとこ,サトコ,サトコ,1/3,*,さ]とこ
さとこさん,1351,1351,8000,名詞,固有名詞,人名,名,*,*,さとこさん,サトコサン,サトコサン,3/5,*,さ[とこ]さん
さなえちゃん,1351,1351,8000,名詞,固有名詞,人名,名,*,*,さなえちゃん,サナエチャン,サナエチャン,3/5,*,さ[なえち]ヤん
さぬきふじ,1353,1353,8000,名詞,固有名詞,地域,一般,*,*,さぬきふじ,サヌキフジ,サヌキフジ,3/5,*,さ[ぬき]ふじ
さねまさ,1351,1351,8000,名詞,固有名詞,人名,名,*,*,さねまさ,サネマサ,サネマサ,0/4,*,さ[ねまさ
さはら,1351,1351,8000,名詞,固有名詞,人名,名,*,*,さはら,サハラ,サハラ,1/3,*,さ]はら
さばあ,1345,1345,8000,名詞,一般,*,*,*,*,さばあ,サバア,サバア,1/3,*,さ]ばあ
さぶさぶ,1349,1349,8000,名詞,固有名詞,人名,一般,*,*,さぶさぶ,サブサブ,サブサブ,0/4,*,さ[ぶさぶ
さぶさん,1351,1351,8000,名詞,固有名詞,人名,名,*,*,さぶさん,サブサン,サブサン,2/4,*,さ[ぶ]さん
さぶちゃん,1351,1351,8000,名詞,固有名詞,人名,名,*,*,さぶちゃん,サブチャン,サブチャン,2/4,*,さ[ぶち]ヤん
さめうら,1353,1353,8000,名詞,固有名詞,地域,一般,*,*,さめうら,サメウラ,サメウラ,0/4,*,さ[めうら
さもしさ,1345,1345,8000,名詞,一般,*,*,*,*,さもしさ,サモシサ,サモシサ,0/4,*,さ[もしさ
さや,1353,1353,8000,名詞,固有名詞,地域,一般,*,*,さや,サヤ,サヤ,1/2,*,さ]や
さやき,1351,1351,8000,名詞,固有名詞,人名,名,*,*,さやき,サヤキ,サヤキ,1/3,*,さ]やき
さやま,1350,1350,8000,名詞,固有名詞,人名,姓,*,*,さやま,サヤマ,サヤマ,1/3,*,さ]やま
さやまいちろう,1349,1349,8000,名詞,固有名詞,人名,一般,*,*,さやまいちろう,サヤマイチロウ,サヤマイチロウ,1/7,*,さ]やまいち]ろう
さやまかおり,1349,1349,8000,名詞,固有名詞,人名,一般,*,*,さやまかおり,サヤマカオリ,サヤマカオリ,4/6,*,さ[やまか]おり
さやまみどり,1349,1349,8000,名詞,固有名詞,人名,一般,*,*,さやまみどり,サヤマミドリ,サヤマミドリ,1/6,*,さ]やまみ]どり
さりな,1351,1351,8000,名詞,固有名詞,人名,名,*,*,さりな,サリナ,サリナ,1/3,*,さ]りな
さるまか,1345,1345,8000,名詞,一般,*,*,*,*,さるまか,サルマカ,サルマカ,0/4,*,さ[るまか
さわかちゃん,1351,1351,8000,名詞,固有名詞,人名,名,*,*,さわかちゃん,サワカチャン,サワカチャン,3/5,*,さ[わかち]ヤん
さん,1351,1351,8000,名詞,固有名詞,人名,名,*,*,さん,サン,サン,1/2,*,さ]ん
さんこつ,1345,1345,8000,名詞,一般,*,*,*,*,さんこつ,サンコツ,サンコツ,0/4,*,さ[んこつ
さんしん,1351,1351,8000,名詞,固有名詞,人名,名,*,*,さんしん,サンシン,サンシン,2/4,*,さ[ん]しん
さんぺい,1348,1348,8000,名詞,固有名詞,一般,*,*,*,さんぺい,サンペイ,サンペイ,0/4,*,さ[んぺい
さんぺいさん,1351,1351,8000,名詞,固有名詞,人名,名,*,*,さんぺいさん,サンペイサン,サンペイサン,0/6,*,さ[んぺいさん
さんまち,1353,1353,8000,名詞,固有名詞,地域,一般,*,*,さんまち,サンマチ,サンマチ,1/4,*,さ]んまち
さんりんぼう,1349,1349,8000,名詞,固有名詞,人名,一般,*,*,さんりんぼう,サンリンボウ,サンリンボウ,4/6,*,さ[んりん]ぼう
ざあさん,1345,1345,8000,名詞,一般,*,*,*,*,ざあさん,ザアサン,ザアサン,0/4,*,ざ[あさん
ざおうさん,1345,1345,8000,名詞,一般,*,*,*,*,ざおうさん,ザオウサン,ザオウサン,3/5,*,ざ[おう]さん
ざこば,1351,1351,8000,名詞,固有名詞,人名,名,*,*,ざこば,ザコバ,ザコバ,1/3,*,ざ]こば
ざわさん,1345,1345,8000,名詞,一般,*,*,*,*,ざわさん,ザワサン,ザワサン,0/4,*,ざ[わさん
ざんぬいゆ,1345,1345,8000,名詞,一般,*,*,*,*,ざんぬいゆ,ザンヌイユ,ザンヌイユ,3/5,*,ざ[んぬ]いゆ
しおらしさ,1345,1345,8000,名詞,一般,*,*,*,*,しおらしさ,シオラシサ,シオラシサ,0/5,*,し[おらしさ
しかとしかと,1345,1345,8000,名詞,一般,*,*,*,*,しかとしかと,シカトシカト,シカトシカト,0/6,*,し[かとしかと
しからーさん,1345,1345,8000,名詞,一般,*,*,*,*,しからーさん,シカラサン,シカラサン,0/5,*,し[からさん
しがなさ,1345,1345,8000,名詞,一般,*,*,*,*,しがなさ,シガナサ,シガナサ,0/4,*,し[がなさ
しがらき,1353,1353,8000,名詞,固有名詞,地域,一般,*,*,しがらき,シガラキ,シガラキ,2/4,*,し[が]らき
しげあき,1351,1351,8000,名詞,固有名詞,人名,名,*,*,しげあき,シゲアキ,シゲアキ,2/4,*,し[げ]あき
しげのぶ,1351,1351,8000,名詞,固有名詞,人名,名,*,*,しげのぶ,シゲノブ,シゲノブ,2/4,*,し[げ]のぶ
しさん,1345,1345,8000,名詞,一般,*,*,*,*,しさん,シサン,シサン,0/3,*,し[さん
ししんです,1345,1345,8000,名詞,一般,*,*,*,*,ししんです,シシンデス,シシンデス,0/5,*,し[しんです
しずえ,1351,1351,8000,名詞,固有名詞,人名,名,*,*,しずえ,シズエ,シズエ,0/3,*,し[ずえ
しづかちゃん,1351,1351,8000,名詞,固有名詞,人名,名,*,*,しづかちゃん,シズカチャン,シズカチャン,3/5,*,し[ずかち]ヤん
しずちゃん,1351,1351,8000,名詞,固有名詞,人名,名,*,*,しずちゃん,シズチャン,シズチャン,2/4,*,し[ずち]ヤん
しだら,1345,1345,8000,名詞,一般,*,*,*,*,しだら,シダラ,シダラ,0/3,*,し[だら
しっきり,1345,1345,8000,名詞,一般,*,*,*,*,しっきり,シッキリ,シッキリ,0/4,*,し[っきり
しどみ,1345,1345,8000,名詞,一般,*,*,*,*,しどみ,シドミ,シドミ,0/3,*,し[どみ
しな,1358,1358,8000,名詞,接尾,一般,*,*,*,しな,シナ,シナ,1/2,*,し]な
しのこおさん,1349,1349,8000,名詞,固有名詞,人名,一般,*,*,しのこおさん,シノコオサン,シノコオサン,4/6,*,し[のこお]さん
しのざき,1350,1350,8000,名詞,固有名詞,人名,姓,*,*,しのざき,シノザキ,シノザキ,2/4,*,し[の]ざき
しのやまきしん,1349,1349,8000,名詞,固有名詞,人名,一般,*,*,しのやまきしん,シノヤマキシン,シノヤマキシン,5/7,*,し[のやまき]しん
しばたはつみ,1349,1349,8000,名詞,固有名詞,人名,一般,*,*,しばたはつみ,シバタハツミ,シバタハツミ,4/6,*,し[ばたは]つみ
しまお,1350,1350,8000,名詞,固有名詞,人名,姓,*,*,しまお,シマオ,シマオ,1/3,*,し]まお
しまつぐみ,1345,1345,8000,名詞,一般,*,*,*,*,しまつぐみ,シマツグミ,シマツグミ,3/5,*,し[まつ]ぐみ
しまなみ,1348,1348,8000,名詞,固有名詞,一般,*,*,*,しまなみ,シマナミ,シマナミ,0/4,*,し[まなみ
しまね,1353,1353,8000,名詞,固有名詞,地域,一般,*,*,しまね,シマネ,シマネ,1/3,*,し]まね
しまもと,1350,1350,8000,名詞,固有名詞,人名,姓,*,*,しまもと,シマモト,シマモト,2/4,*,し[ま]もと
しみずやす,1349,1349,8000,名詞,固有名詞,人名,一般,*,*,しみずやす,シミズヤス,シミズヤス,3/5,*,し[みず]やす
しみずゆき,1349,1349,8000,名詞,固有名詞,人名,一般,*,*,しみずゆき,シミズユキ,シミズユキ,3/5,*,し[みず]ゆき
しむちゃん,1345,1345,8000,名詞,一般,*,*,*,*,しむちゃん,シムチャン,シムチャン,2/4,*,し[むち]ヤん
しもくて,1353,1353,8000,名詞,固有名詞,地域,一般,*,*,しもくて,シモクテ,シモクテ,0/4,*,し[もくて
しもさん,1345,1345,8000,名詞,一般,*,*,*,*,しもさん,シモサン,シモサン,2/4,*,し[も]さん
しものあぜ,1353,1353,8000,名詞,固有名詞,地域,一般,*,*,しものあぜ,シモノアゼ,シモノアゼ,3/5,*,し[もの]あぜ
しゃあさん,1345,1345,8000,名詞,一般,*,*,*,*,しゃあさん,シャアサン,シャアサン,2/4,*,し[ヤあ]さん
しゃか,1345,1345,8000,名詞,一般,*,*,*,*,しゃか,シャカ,シャカ,1/2,*,し]ヤか
しゃかり,1348,1348,8000,名詞,固有名詞,一般,*,*,*,しゃかり,シャカリ,シャカリ,0/3,*,し[ヤ]かり
しやくあ,1349,1349,8000,名詞,固有名詞,人名,一般,*,*,しやくあ,シャクア,シャクア,0/3,*,し[ヤ]くあ
しゃくけい,1345,1345,8000,名詞,一般,*,*,*,*,しゃくけい,シャクケイ,シャクケイ,0/4,*,し[ヤくけい
しゃぐじ,1345,1345,8000,名詞,一般,*,*,*,*,しゃぐじ,シャグジ,シャグジ,0/3,*,し[ヤぐじ
しゃっこ,1345,1345,8000,名詞,一般,*,*,*,*,しゃっこ,シャッコ,シャッコ,0/3,*,し[ヤ]っこ
しゃーさん,1349,1349,8000,名詞,固有名詞,人名,一般,*,*,しゃーさん,シャーサン,シャーサン,0/4,*,し[ヤーさん
しゅうご,1351,1351,8000,名詞,固有名詞,人名,名,*,*,しゅうご,シュウゴ,シュウゴ,1/3,*,し]ユうご
しゅうりょう,1349,1349,8000,名詞,固有名詞,人名,一般,*,*,しゅうりょう,シュウリョウ,シュウリョウ,1/4,*,し]ユうり]ヨう