ぁ,2,2,10000,フィラー,*,*,*,*,*,ぁ,ァ,ァ,1/*,*
あ,2,2,10000,フィラー,*,*,*,*,*,あ,ア,ア,1/*,*
あ,2,2,3825,フィラー,*,*,*,*,*,あ,ア,ア,1/*,C3
あいうえお,2,2,1633,フィラー,*,*,*,*,*,あいうえお,アイウエオ,アイウエオ,3/*,*
あの,2,2,1699,フィラー,*,*,*,*,*,あの,アノ,アノ,0/*,C3
あのー,2,2,3558,フィラー,*,*,*,*,*,あのー,アノー,アノー,0/*,C2
あはっ,2,2,1633,フィラー,*,*,*,*,*,あはっ,アハッ,アハッ,0/*,C1
あはは,2,2,1633,フィラー,*,*,*,*,*,あはは,アハハ,アハハ,0/*,C1
あははっ,2,2,1633,フィラー,*,*,*,*,*,あははっ,アハハッ,アハハッ,0/*,C1
あははは,2,2,1633,フィラー,*,*,*,*,*,あははは,アハハハ,アハハハ,0/*,C1
あはははっ,2,2,1633,フィラー,*,*,*,*,*,あはははっ,アハハハッ,アハハハッ,0/*,C1
あはははは,2,2,1633,フィラー,*,*,*,*,*,あはははは,アハハハハ,アハハハハ,0/*,C1
あははははっ,2,2,1633,フィラー,*,*,*,*,*,あははははっ,アハハハハッ,アハハハハッ,0/*,C1
あははははは,2,2,1633,フィラー,*,*,*,*,*,あははははは,アハハハハハ,アハハハハハ,0/*,C1
あはははははっ,2,2,1633,フィラー,*,*,*,*,*,あはははははっ,アハハハハハッ,アハハハハハッ,0/*,C1
あはははははー,2,2,1633,フィラー,*,*,*,*,*,あはははははー,アハハハハハー,アハハハハハー,0/*,C1
あははははー,2,2,1633,フィラー,*,*,*,*,*,あははははー,アハハハハー,アハハハハー,0/*,C1
あはははー,2,2,1633,フィラー,*,*,*,*,*,あはははー,アハハハー,アハハハー,0/*,C1
あははー,2,2,1633,フィラー,*,*,*,*,*,あははー,アハハー,アハハー,0/*,C1
あはー,2,2,1633,フィラー,*,*,*,*,*,あはー,アハー,アハー,0/*,C1
あー,2,2,3767,フィラー,*,*,*,*,*,あー,アー,アー,1/*,C3
あーっ,2,2,1633,フィラー,*,*,*,*,*,あーっ,アーッ,アーッ,1/*,C3
ぃ,2,2,10000,フィラー,*,*,*,*,*,ぃ,ィ,ィ,1/*,*
い,2,2,10000,フィラー,*,*,*,*,*,い,イ,イ,1/*,*
いぇ,2,2,10000,フィラー,*,*,*,*,*,いぇ,イェ,イェ,1/*,*
ぅ,2,2,10000,フィラー,*,*,*,*,*,ぅ,ゥ,ゥ,1/*,*
う,2,2,10000,フィラー,*,*,*,*,*,う,ウ,ウ,1/*,*
うぃ,2,2,10000,フィラー,*,*,*,*,*,うぃ,ウィ,ウィ,1/*,*
うぇ,2,2,10000,フィラー,*,*,*,*,*,うぇ,ウェ,ウェ,1/*,*
うぉ,2,2,10000,フィラー,*,*,*,*,*,うぉ,ウォ,ウォ,1/*,*
うっ,2,2,10000,フィラー,*,*,*,*,*,うっ,ウッ,ウッ,1/*,*
うっぷ,2,2,10000,フィラー,*,*,*,*,*,うっぷ,ウップ,ウップ,0/*,*
うわっ,2,2,9021,フィラー,*,*,*,*,*,うわっ,ウワッ,ウワッ,2/*,*
うわーん,2,2,10000,フィラー,*,*,*,*,*,うわーん,ウワーン,ウワーン,1/*,*
うん,2,2,2522,フィラー,*,*,*,*,*,うん,ウン,ウン,1/*,C3
うんと,2,2,2537,フィラー,*,*,*,*,*,うんと,ウント,ウント,3/*,C1
ぇ,2,2,10000,フィラー,*,*,*,*,*,ぇ,ェ,ェ,1/*,*
え,2,2,10000,フィラー,*,*,*,*,*,え,エ,エ,1/*,*
え,2,2,2760,フィラー,*,*,*,*,*,え,エ,エ,1/*,C3
ええと,2,2,5013,フィラー,*,*,*,*,*,ええと,エエト,エート,0/*,C1
えっと,2,2,1633,フィラー,*,*,*,*,*,えっと,エット,エット,0/*,C1
えと,2,2,1633,フィラー,*,*,*,*,*,えと,エト,エト,0/*,C3
えへへ,2,2,1633,フィラー,*,*,*,*,*,えへへ,エヘヘ,エヘヘ,0/*,C1
えへへへ,2,2,1633,フィラー,*,*,*,*,*,えへへへ,エヘヘヘ,エヘヘヘ,0/*,C1
えへへー,2,2,1633,フィラー,*,*,*,*,*,えへへー,エヘヘー,エヘヘー,0/*,C1
えー,2,2,3913,フィラー,*,*,*,*,*,えー,エー,エー,0/*,C3
えーっと,2,2,3731,フィラー,*,*,*,*,*,えーっと,エーット,エーット,0/*,C1
えーと,2,2,3442,フィラー,*,*,*,*,*,えーと,エート,エート,0/*,C1
ぉ,2,2,10000,フィラー,*,*,*,*,*,ぉ,ォ,ォ,1/*,*
お,2,2,10000,フィラー,*,*,*,*,*,お,オ,オ,1/*,*
か,2,2,10000,フィラー,*,*,*,*,*,か,カ,カ,1/*,*
かきくけこ,2,2,1633,フィラー,*,*,*,*,*,かきくけこ,カキクケコ,カキクケコ,3/*,*
が,2,2,10000,フィラー,*,*,*,*,*,が,ガ,ガ,1/*,*
がぎぐげご,2,2,1633,フィラー,*,*,*,*,*,がぎぐげご,ガギグゲゴ,ガギグゲゴ,3/*,*
き,2,2,10000,フィラー,*,*,*,*,*,き,キ,キ,1/*,*
きぇ,2,2,10000,フィラー,*,*,*,*,*,きぇ,キェ,キェ,1/*,*
きゃ,2,2,10000,フィラー,*,*,*,*,*,きゃ,キャ,キャ,1/*,*
きゃきゅきょ,2,2,1633,フィラー,*,*,*,*,*,きゃきゅきょ,キャキュキョ,キャキュキョ,0/*,*
きゅ,2,2,10000,フィラー,*,*,*,*,*,きゅ,キュ,キュ,1/*,*
きょ,2,2,10000,フィラー,*,*,*,*,*,きょ,キョ,キョ,1/*,*
ぎ,2,2,10000,フィラー,*,*,*,*,*,ぎ,ギ,ギ,1/*,*
ぎぇ,2,2,10000,フィラー,*,*,*,*,*,ぎぇ,ギェ,ギェ,1/*,*
ぎゃ,2,2,10000,フィラー,*,*,*,*,*,ぎゃ,ギャ,ギャ,1/*,*
ぎゃぎゅぎょ,2,2,1633,フィラー,*,*,*,*,*,ぎゃぎゅぎょ,ギャギュギョ,ギャギュギョ,0/*,*
ぎゅ,2,2,10000,フィラー,*,*,*,*,*,ぎゅ,ギュ,ギュ,1/*,*
ぎょ,2,2,10000,フィラー,*,*,*,*,*,ぎょ,ギョ,ギョ,1/*,*
く,2,2,10000,フィラー,*,*,*,*,*,く,ク,ク,1/*,*
くしゅん,2,2,10000,フィラー,*,*,*,*,*,くしゅん,クシュン,クシュン,2/*,*
くすっ,2,2,10000,フィラー,*,*,*,*,*,くすっ,クスッ,クスッ,2/*,*
くすん,2,2,10000,フィラー,*,*,*,*,*,くすん,クスン,クスン,2/*,*
くっ,2,2,10000,フィラー,*,*,*,*,*,くっ,クッ,クッ,1/*,*
ぐ,2,2,10000,フィラー,*,*,*,*,*,ぐ,グ,グ,1/*,*
ぐふふ,2,2,10000,フィラー,*,*,*,*,*,ぐふふ,グフフ,グフフ,1/*,*
け,2,2,10000,フィラー,*,*,*,*,*,け,ケ,ケ,1/*,*
げ,2,2,10000,フィラー,*,*,*,*,*,げ,ゲ,ゲ,1/*,*
こ,2,2,10000,フィラー,*,*,*,*,*,こ,コ,コ,1/*,*
ご,2,2,10000,フィラー,*,*,*,*,*,ご,ゴ,ゴ,1/*,*
ごほん,2,2,10000,フィラー,*,*,*,*,*,ごほん,ゴホン,ゴホン,2/*,*
さ,2,2,10000,フィラー,*,*,*,*,*,さ,サ,サ,1/*,*
さしすせそ,2,2,1633,フィラー,*,*,*,*,*,さしすせそ,サシスセソ,サシスセソ,3/*,*
ざ,2,2,10000,フィラー,*,*,*,*,*,ざ,ザ,ザ,1/*,*
ざじずぜぞ,2,2,1633,フィラー,*,*,*,*,*,ざじずぜぞ,ザジズゼゾ,ザジズゼゾ,3/*,*
し,2,2,10000,フィラー,*,*,*,*,*,し,シ,シ,1/*,*
しぇ,2,2,10000,フィラー,*,*,*,*,*,しぇ,シェ,シェ,1/*,*
しゃ,2,2,10000,フィラー,*,*,*,*,*,しゃ,シャ,シャ,1/*,*
しゃしゅしょ,2,2,1633,フィラー,*,*,*,*,*,しゃしゅしょ,シャシュショ,シャシュショ,0/*,*
しゅ,2,2,10000,フィラー,*,*,*,*,*,しゅ,シュ,シュ,1/*,*
しょ,2,2,10000,フィラー,*,*,*,*,*,しょ,ショ,ショ,1/*,*
じ,2,2,10000,フィラー,*,*,*,*,*,じ,ジ,ジ,1/*,*
じぇ,2,2,10000,フィラー,*,*,*,*,*,じぇ,ジェ,ジェ,1/*,*
じゃ,2,2,10000,フィラー,*,*,*,*,*,じゃ,ジャ,ジャ,1/*,*
じゃじゃーん,2,2,10000,フィラー,*,*,*,*,*,じゃじゃーん,ジャジャーン,ジャジャーン,0/*,*
じゃじゅじょ,2,2,1633,フィラー,*,*,*,*,*,じゃじゅじょ,ジャジュジョ,ジャジュジョ,0/*,*
じゅ,2,2,10000,フィラー,*,*,*,*,*,じゅ,ジュ,ジュ,1/*,*
じょ,2,2,10000,フィラー,*,*,*,*,*,じょ,ジョ,ジョ,1/*,*
す,2,2,10000,フィラー,*,*,*,*,*,す,ス,ス,1/*,*
すぃ,2,2,10000,フィラー,*,*,*,*,*,すぃ,スィ,スィ,1/*,*
ず,2,2,10000,フィラー,*,*,*,*,*,ず,ズ,ズ,1/*,*
ずぃ,2,2,10000,フィラー,*,*,*,*,*,ずぃ,ズィ,ズィ,1/*,*
せ,2,2,10000,フィラー,*,*,*,*,*,せ,セ,セ,1/*,*
せーの,2,2,10000,フィラー,*,*,*,*,*,せーの,セーノ,セーノ,1/*,*
ぜ,2,2,10000,フィラー,*,*,*,*,*,ぜ,ゼ,ゼ,1/*,*
そ,2,2,10000,フィラー,*,*,*,*,*,そ,ソ,ソ,1/*,*
そうですね,2,2,4205,フィラー,*,*,*,*,*,そうですね,ソウデスネ,ソーデス’ネ,1/*,C1
その,2,2,5649,フィラー,*,*,*,*,*,その,ソノ,ソノ,0/*,C3
そのー,2,2,3731,フィラー,*,*,*,*,*,そのー,ソノー,ソノー,0/*,C2
ぞ,2,2,10000,フィラー,*,*,*,*,*,ぞ,ゾ,ゾ,1/*,*
た,2,2,10000,フィラー,*,*,*,*,*,た,タ,タ,1/*,*
たちつてと,2,2,1633,フィラー,*,*,*,*,*,たちつてと,タチツテト,タチツテト,3/*,*
だ,2,2,10000,フィラー,*,*,*,*,*,だ,ダ,ダ,1/*,*
だぢづでど,2,2,1633,フィラー,*,*,*,*,*,だぢづでど,ダヂヅデド,ダヂヅデド,3/*,*
ち,2,2,10000,フィラー,*,*,*,*,*,ち,チ,チ,1/*,*
ちぇ,2,2,10000,フィラー,*,*,*,*,*,ちぇ,チェ,チェ,1/*,*
ちゃ,2,2,10000,フィラー,*,*,*,*,*,ちゃ,チャ,チャ,1/*,*
ちゃちゅちょ,2,2,1633,フィラー,*,*,*,*,*,ちゃちゅちょ,チャチュチョ,チャチュチョ,0/*,*
ちゅ,2,2,10000,フィラー,*,*,*,*,*,ちゅ,チュ,チュ,1/*,*
ちょ,2,2,10000,フィラー,*,*,*,*,*,ちょ,チョ,チョ,1/*,*
ぢ,2,2,10000,フィラー,*,*,*,*,*,ぢ,ヂ,ヂ,1/*,*
ぢゃぢゅぢょ,2,2,1633,フィラー,*,*,*,*,*,ぢゃぢゅぢょ,ヂャヂュヂョ,ジャジュジョ,0/*,*
っ,2,2,10000,フィラー,*,*,*,*,*,っ,ッ,ッ,1/*,*
つ,2,2,10000,フィラー,*,*,*,*,*,つ,ツ,ツ,1/*,*
つぁ,2,2,10000,フィラー,*,*,*,*,*,つぁ,ツァ,ツァ,1/*,*
つぃ,2,2,10000,フィラー,*,*,*,*,*,つぃ,ツィ,ツィ,1/*,*
つぇ,2,2,10000,フィラー,*,*,*,*,*,つぇ,ツェ,ツェ,1/*,*
つぉ,2,2,10000,フィラー,*,*,*,*,*,つぉ,ツォ,ツォ,1/*,*
づ,2,2,10000,フィラー,*,*,*,*,*,づ,ヅ,ヅ,1/*,*
て,2,2,10000,フィラー,*,*,*,*,*,て,テ,テ,1/*,*
てぃ,2,2,10000,フィラー,*,*,*,*,*,てぃ,ティ,ティ,1/*,*
てゃ,2,2,10000,フィラー,*,*,*,*,*,てゃ,テャ,テャ,1/*,*
てゅ,2,2,10000,フィラー,*,*,*,*,*,てゅ,テュ,テュ,1/*,*
てょ,2,2,10000,フィラー,*,*,*,*,*,てょ,テョ,テョ,1/*,*
で,2,2,10000,フィラー,*,*,*,*,*,で,デ,デ,1/*,*
でぃ,2,2,10000,フィラー,*,*,*,*,*,でぃ,ディ,ディ,1/*,*
でぇ,2,2,10000,フィラー,*,*,*,*,*,でぇ,デェ,デェ,1/*,*
でゃ,2,2,10000,フィラー,*,*,*,*,*,でゃ,デャ,デャ,1/*,*
でゅ,2,2,10000,フィラー,*,*,*,*,*,でゅ,デュ,デュ,1/*,*
でょ,2,2,10000,フィラー,*,*,*,*,*,でょ,デョ,デョ,1/*,*
と,2,2,10000,フィラー,*,*,*,*,*,と,ト,ト,1/*,*
と,2,2,6449,フィラー,*,*,*,*,*,と,ト,ト,0/*,C3
とぅ,2,2,10000,フィラー,*,*,*,*,*,とぅ,トゥ,トゥ,1/*,*
とほほ,2,2,1633,フィラー,*,*,*,*,*,とほほ,トホホ,トホホ,0/*,*
ど,2,2,10000,フィラー,*,*,*,*,*,ど,ド,ド,1/*,*
どぅ,2,2,10000,フィラー,*,*,*,*,*,どぅ,ドゥ,ドゥ,1/*,*
な,2,2,10000,フィラー,*,*,*,*,*,な,ナ,ナ,1/*,*
なにぬねの,2,2,1633,フィラー,*,*,*,*,*,なにぬねの,ナニヌネノ,ナニヌネノ,3/*,*
に,2,2,10000,フィラー,*,*,*,*,*,に,ニ,ニ,1/*,*
にぇ,2,2,10000,フィラー,*,*,*,*,*,にぇ,ニェ,ニェ,1/*,*
にゃ,2,2,10000,フィラー,*,*,*,*,*,にゃ,ニャ,ニャ,1/*,*
にゃにゅにょ,2,2,1633,フィラー,*,*,*,*,*,にゃにゅにょ,ニャニュニョ,ニャニュニョ,0/*,*
にゅ,2,2,10000,フィラー,*,*,*,*,*,にゅ,ニュ,ニュ,1/*,*
にょ,2,2,10000,フィラー,*,*,*,*,*,にょ,ニョ,ニョ,1/*,*
ぬ,2,2,10000,フィラー,*,*,*,*,*,ぬ,ヌ,ヌ,1/*,*
ね,2,2,10000,フィラー,*,*,*,*,*,ね,ネ,ネ,1/*,*
の,2,2,10000,フィラー,*,*,*,*,*,の,ノ,ノ,1/*,*
は,2,2,10000,フィラー,*,*,*,*,*,は,ハ,ハ,1/*,*
ははっ,2,2,1633,フィラー,*,*,*,*,*,ははっ,ハハッ,ハハッ,0/*,*
はははは,2,2,1633,フィラー,*,*,*,*,*,はははは,ハハハハ,ハハハハ,0/*,*
ははははは,2,2,1633,フィラー,*,*,*,*,*,ははははは,ハハハハハ,ハハハハハ,0/*,*
はははははは,2,2,1633,フィラー,*,*,*,*,*,はははははは,ハハハハハハ,ハハハハハハ,0/*,*
はひふへほ,2,2,1633,フィラー,*,*,*,*,*,はひふへほ,ハヒフヘホ,ハヒフヘホ,3/*,*
ば,2,2,10000,フィラー,*,*,*,*,*,ば,バ,バ,1/*,*
ばびぶべぼ,2,2,1633,フィラー,*,*,*,*,*,ばびぶべぼ,バビブベボ,バビブベボ,3/*,*
ぱ,2,2,10000,フィラー,*,*,*,*,*,ぱ,パ,パ,1/*,*
ぱぴぷぺぽ,2,2,1633,フィラー,*,*,*,*,*,ぱぴぷぺぽ,パピプペポ,パピプペポ,3/*,*
ぱんぱかぱーん,2,2,10000,フィラー,*,*,*,*,*,ぱんぱかぱーん,パンパカパーン,パンパカパーン,0/*,*
ひ,2,2,10000,フィラー,*,*,*,*,*,ひ,ヒ,ヒ,1/*,*
ひぇ,2,2,10000,フィラー,*,*,*,*,*,ひぇ,ヒェ,ヒェ,1/*,*
ひゃ,2,2,10000,フィラー,*,*,*,*,*,ひゃ,ヒャ,ヒャ,1/*,*
ひゃひゅひょ,2,2,1633,フィラー,*,*,*,*,*,ひゃひゅひょ,ヒャヒュヒョ,ヒャヒュヒョ,0/*,*
ひゅ,2,2,10000,フィラー,*,*,*,*,*,ひゅ,ヒュ,ヒュ,1/*,*
ひょ,2,2,10000,フィラー,*,*,*,*,*,ひょ,ヒョ,ヒョ,1/*,*
び,2,2,10000,フィラー,*,*,*,*,*,び,ビ,ビ,1/*,*
びぇ,2,2,10000,フィラー,*,*,*,*,*,びぇ,ビェ,ビェ,1/*,*
びゃ,2,2,10000,フィラー,*,*,*,*,*,びゃ,ビャ,ビャ,1/*,*
びゃびゅびょ,2,2,1633,フィラー,*,*,*,*,*,びゃびゅびょ,ビャビュビョ,ビャビュビョ,0/*,*
びゅ,2,2,10000,フィラー,*,*,*,*,*,びゅ,ビュ,ビュ,1/*,*
びょ,2,2,10000,フィラー,*,*,*,*,*,びょ,ビョ,ビョ,1/*,*
ぴ,2,2,10000,フィラー,*,*,*,*,*,ぴ,ピ,ピ,1/*,*
ぴぇ,2,2,10000,フィラー,*,*,*,*,*,ぴぇ,ピェ,ピェ,1/*,*
ぴゃ,2,2,10000,フィラー,*,*,*,*,*,ぴゃ,ピャ,ピャ,1/*,*
ぴゃぴゅぴょ,2,2,1633,フィラー,*,*,*,*,*,ぴゃぴゅぴょ,ピャピュピョ,ピャピュピョ,0/*,*
ぴゅ,2,2,10000,フィラー,*,*,*,*,*,ぴゅ,ピュ,ピュ,1/*,*
ぴょ,2,2,10000,フィラー,*,*,*,*,*,ぴょ,ピョ,ピョ,1/*,*
ふ,2,2,10000,フィラー,*,*,*,*,*,ふ,フ,フ,1/*,*
ふぁ,2,2,10000,フィラー,*,*,*,*,*,ふぁ,ファ,ファ,1/*,*
ふぃ,2,2,10000,フィラー,*,*,*,*,*,ふぃ,フィ,フィ,1/*,*
ふぇ,2,2,10000,フィラー,*,*,*,*,*,ふぇ,フェ,フェ,1/*,*
ふぉ,2,2,10000,フィラー,*,*,*,*,*,ふぉ,フォ,フォ,1/*,*
ふっふっふ,2,2,1633,フィラー,*,*,*,*,*,ふっふっふ,フッフッフ,フッフッフ,1/*,C1
ぶ,2,2,10000,フィラー,*,*,*,*,*,ぶ,ブ,ブ,1/*,*
ぷ,2,2,10000,フィラー,*,*,*,*,*,ぷ,プ,プ,1/*,*
へ,2,2,10000,フィラー,*,*,*,*,*,へ,ヘ,ヘ,1/*,*
へっへっへ,2,2,1633,フィラー,*,*,*,*,*,へっへっへ,ヘッヘッヘ,ヘッヘッヘ,1/*,*
へへ,2,2,1633,フィラー,*,*,*,*,*,へへ,ヘヘ,ヘヘ,0/*,*
へへへ,2,2,1633,フィラー,*,*,*,*,*,へへへ,ヘヘヘ,ヘヘヘ,0/*,*
べ,2,2,10000,フィラー,*,*,*,*,*,べ,ベ,ベ,1/*,*
ぺ,2,2,10000,フィラー,*,*,*,*,*,ぺ,ペ,ペ,1/*,*
ほ,2,2,10000,フィラー,*,*,*,*,*,ほ,ホ,ホ,1/*,*
ぼ,2,2,10000,フィラー,*,*,*,*,*,ぼ,ボ,ボ,1/*,*
ぽ,2,2,10000,フィラー,*,*,*,*,*,ぽ,ポ,ポ,1/*,*
ま,2,2,10000,フィラー,*,*,*,*,*,ま,マ,マ,1/*,*
ま,2,2,4969,フィラー,*,*,*,*,*,ま,マ,マ,1/*,C3
まあ,2,2,3213,フィラー,*,*,*,*,*,まあ,マア,マー,1/*,C4
まみむめも,2,2,1633,フィラー,*,*,*,*,*,まみむめも,マミムメモ,マミムメモ,3/*,*
み,2,2,10000,フィラー,*,*,*,*,*,み,ミ,ミ,1/*,*
みぇ,2,2,10000,フィラー,*,*,*,*,*,みぇ,ミェ,ミェ,1/*,*
みゃ,2,2,10000,フィラー,*,*,*,*,*,みゃ,ミャ,ミャ,1/*,*
みゃみゅみょ,2,2,1633,フィラー,*,*,*,*,*,みゃみゅみょ,ミャミュミョ,ミャミュミョ,0/*,*
みゅ,2,2,10000,フィラー,*,*,*,*,*,みゅ,ミュ,ミュ,1/*,*
みょ,2,2,10000,フィラー,*,*,*,*,*,みょ,ミョ,ミョ,1/*,*
む,2,2,10000,フィラー,*,*,*,*,*,む,ム,ム,1/*,*
め,2,2,10000,フィラー,*,*,*,*,*,め,メ,メ,1/*,*
も,2,2,10000,フィラー,*,*,*,*,*,も,モ,モ,1/*,*
もー,2,2,10000,フィラー,*,*,*,*,*,もー,モー,モー,1/*,*
ゃ,2,2,10000,フィラー,*,*,*,*,*,ゃ,ャ,ャ,1/*,*
や,2,2,10000,フィラー,*,*,*,*,*,や,ヤ,ヤ,1/*,*
やゆよ,2,2,1633,フィラー,*,*,*,*,*,やゆよ,ヤユヨ,ヤユヨ,0/*,*
やー,2,2,10000,フィラー,*,*,*,*,*,やー,ヤー,ヤー,1/*,*
ゅ,2,2,10000,フィラー,*,*,*,*,*,ゅ,ュ,ュ,1/*,*
ゆ,2,2,10000,フィラー,*,*,*,*,*,ゆ,ユ,ユ,1/*,*
ょ,2,2,10000,フィラー,*,*,*,*,*,ょ,ョ,ョ,1/*,*
よ,2,2,10000,フィラー,*,*,*,*,*,よ,ヨ,ヨ,1/*,*
ら,2,2,10000,フィラー,*,*,*,*,*,ら,ラ,ラ,1/*,*
らりるれろ,2,2,1633,フィラー,*,*,*,*,*,らりるれろ,ラリルレロ,ラリルレロ,3/*,*
り,2,2,10000,フィラー,*,*,*,*,*,り,リ,リ,1/*,*
りぇ,2,2,10000,フィラー,*,*,*,*,*,りぇ,リェ,リェ,1/*,*
りゃ,2,2,10000,フィラー,*,*,*,*,*,りゃ,リャ,リャ,1/*,*
りゃりゅりょ,2,2,1633,フィラー,*,*,*,*,*,りゃりゅりょ,リャリュリョ,リャリュリョ,0/*,*
りゅ,2,2,10000,フィラー,*,*,*,*,*,りゅ,リュ,リュ,1/*,*
りょ,2,2,10000,フィラー,*,*,*,*,*,りょ,リョ,リョ,1/*,*
る,2,2,10000,フィラー,*,*,*,*,*,る,ル,ル,1/*,*
れ,2,2,10000,フィラー,*,*,*,*,*,れ,レ,レ,1/*,*
ろ,2,2,10000,フィラー,*,*,*,*,*,ろ,ロ,ロ,1/*,*
わ,2,2,10000,フィラー,*,*,*,*,*,わ,ワ,ワ,1/*,*
わをん,2,2,1633,フィラー,*,*,*,*,*,わをん,ワヲン,ワヲン,0/*,*
わー,2,2,1633,フィラー,*,*,*,*,*,わー,ワー,ワー,1/*,C3
ゐ,2,2,10000,フィラー,*,*,*,*,*,ゐ,ヰ,ヰ,1/*,*
ゑ,2,2,10000,フィラー,*,*,*,*,*,ゑ,ヱ,ヱ,1/*,*
を,2,2,10000,フィラー,*,*,*,*,*,を,ヲ,ヲ,1/*,*
ん,2,2,7500,フィラー,*,*,*,*,*,ん,ン,ン,1/*,*
んっ,2,2,10000,フィラー,*,*,*,*,*,んっ,ンッ,ンッ,1/*,*
んー,2,2,10000,フィラー,*,*,*,*,*,んー,ンー,ンー,0/*,*
ゔ,2,2,10000,フィラー,*,*,*,*,*,ゔ,ヴ,ヴ,1/*,*
ゔぁ,2,2,10000,フィラー,*,*,*,*,*,ゔぁ,ヴァ,ヴァ,1/*,*
ゔぃ,2,2,10000,フィラー,*,*,*,*,*,ゔぃ,ヴィ,ヴィ,1/*,*
ゔぇ,2,2,10000,フィラー,*,*,*,*,*,ゔぇ,ヴェ,ヴェ,1/*,*
ゔぉ,2,2,10000,フィラー,*,*,*,*,*,ゔぉ,ヴォ,ヴォ,1/*,*
ゔゃ,2,2,10000,フィラー,*,*,*,*,*,ゔゃ,ヴャ,ヴャ,1/*,*
ゔゅ,2,2,10000,フィラー,*,*,*,*,*,ゔゅ,ヴュ,ヴュ,1/*,*
ゔょ,2,2,10000,フィラー,*,*,*,*,*,ゔょ,ヴョ,ヴョ,1/*,*
ァ,2,2,10000,フィラー,*,*,*,*,*,ァ,ァ,ァ,1/*,*
ア,2,2,10000,フィラー,*,*,*,*,*,ア,ア,ア,1/*,*
アイウエオ,2,2,1633,フィラー,*,*,*,*,*,アイウエオ,アイウエオ,アイウエオ,3/*,*
アッハ,2,2,1633,フィラー,*,*,*,*,*,アッハ,アッハ,アッハ,1/*,C1
ィ,2,2,10000,フィラー,*,*,*,*,*,ィ,ィ,ィ,1/*,*
イ,2,2,10000,フィラー,*,*,*,*,*,イ,イ,イ,1/*,*
イェ,2,2,10000,フィラー,*,*,*,*,*,イェ,イェ,イェ,1/*,*
ゥ,2,2,10000,フィラー,*,*,*,*,*,ゥ,ゥ,ゥ,1/*,*
ウ,2,2,10000,フィラー,*,*,*,*,*,ウ,ウ,ウ,1/*,*
ウィ,2,2,10000,フィラー,*,*,*,*,*,ウィ,ウィ,ウィ,1/*,*
ウェ,2,2,10000,フィラー,*,*,*,*,*,ウェ,ウェ,ウェ,1/*,*
ウォ,2,2,10000,フィラー,*,*,*,*,*,ウォ,ウォ,ウォ,1/*,*
ェ,2,2,10000,フィラー,*,*,*,*,*,ェ,ェ,ェ,1/*,*
エ,2,2,10000,フィラー,*,*,*,*,*,エ,エ,エ,1/*,*
ォ,2,2,10000,フィラー,*,*,*,*,*,ォ,ォ,ォ,1/*,*
オ,2,2,10000,フィラー,*,*,*,*,*,オ,オ,オ,1/*,*
カ,2,2,10000,フィラー,*,*,*,*,*,カ,カ,カ,1/*,*
カキクケコ,2,2,1633,フィラー,*,*,*,*,*,カキクケコ,カキクケコ,カキクケコ,3/*,*
ガ,2,2,10000,フィラー,*,*,*,*,*,ガ,ガ,ガ,1/*,*
ガギグゲゴ,2,2,1633,フィラー,*,*,*,*,*,ガギグゲゴ,ガギグゲゴ,ガギグゲゴ,3/*,*
キ,2,2,10000,フィラー,*,*,*,*,*,キ,キ,キ,1/*,*
キェ,2,2,10000,フィラー,*,*,*,*,*,キェ,キェ,キェ,1/*,*
キャ,2,2,10000,フィラー,*,*,*,*,*,キャ,キャ,キャ,1/*,*
キャキュキョ,2,2,1633,フィラー,*,*,*,*,*,キャキュキョ,キャキュキョ,キャキュキョ,0/*,*
キュ,2,2,10000,フィラー,*,*,*,*,*,キュ,キュ,キュ,1/*,*
キョ,2,2,10000,フィラー,*,*,*,*,*,キョ,キョ,キョ,1/*,*
ギ,2,2,10000,フィラー,*,*,*,*,*,ギ,ギ,ギ,1/*,*
ギェ,2,2,10000,フィラー,*,*,*,*,*,ギェ,ギェ,ギェ,1/*,*
ギャ,2,2,10000,フィラー,*,*,*,*,*,ギャ,ギャ,ギャ,1/*,*
ギャギュギョ,2,2,1633,フィラー,*,*,*,*,*,ギャギュギョ,ギャギュギョ,ギャギュギョ,0/*,*
ギュ,2,2,10000,フィラー,*,*,*,*,*,ギュ,ギュ,ギュ,1/*,*
ギョ,2,2,10000,フィラー,*,*,*,*,*,ギョ,ギョ,ギョ,1/*,*
ク,2,2,10000,フィラー,*,*,*,*,*,ク,ク,ク,1/*,*
グ,2,2,10000,フィラー,*,*,*,*,*,グ,グ,グ,1/*,*
ケ,2,2,10000,フィラー,*,*,*,*,*,ケ,ケ,ケ,1/*,*
ゲ,2,2,10000,フィラー,*,*,*,*,*,ゲ,ゲ,ゲ,1/*,*
コ,2,2,10000,フィラー,*,*,*,*,*,コ,コ,コ,1/*,*
ゴ,2,2,10000,フィラー,*,*,*,*,*,ゴ,ゴ,ゴ,1/*,*
サ,2,2,10000,フィラー,*,*,*,*,*,サ,サ,サ,1/*,*
サシスセソ,2,2,1633,フィラー,*,*,*,*,*,サシスセソ,サシスセソ,サシスセソ,3/*,*
ザ,2,2,10000,フィラー,*,*,*,*,*,ザ,ザ,ザ,1/*,*
ザジズゼゾ,2,2,1633,フィラー,*,*,*,*,*,ザジズゼゾ,ザジズゼゾ,ザジズゼゾ,3/*,*
シ,2,2,10000,フィラー,*,*,*,*,*,シ,シ,シ,1/*,*
シェ,2,2,10000,フィラー,*,*,*,*,*,シェ,シェ,シェ,1/*,*
シャ,2,2,10000,フィラー,*,*,*,*,*,シャ,シャ,シャ,1/*,*
シャシュショ,2,2,1633,フィラー,*,*,*,*,*,シャシュショ,シャシュショ,シャシュショ,0/*,*
シュ,2,2,10000,フィラー,*,*,*,*,*,シュ,シュ,シュ,1/*,*
ショ,2,2,10000,フィラー,*,*,*,*,*,ショ,ショ,ショ,1/*,*
ジ,2,2,10000,フィラー,*,*,*,*,*,ジ,ジ,ジ,1/*,*
ジェ,2,2,10000,フィラー,*,*,*,*,*,ジェ,ジェ,ジェ,1/*,*
ジャ,2,2,10000,フィラー,*,*,*,*,*,ジャ,ジャ,ジャ,1/*,*
ジャジュジョ,2,2,1633,フィラー,*,*,*,*,*,ジャジュジョ,ジャジュジョ,ジャジュジョ,0/*,*
ジュ,2,2,10000,フィラー,*,*,*,*,*,ジュ,ジュ,ジュ,1/*,*
ジョ,2,2,10000,フィラー,*,*,*,*,*,ジョ,ジョ,ジョ,1/*,*
ス,2,2,10000,フィラー,*,*,*,*,*,ス,ス,ス,1/*,*
スィ,2,2,10000,フィラー,*,*,*,*,*,スィ,スィ,スィ,1/*,*
ズ,2,2,10000,フィラー,*,*,*,*,*,ズ,ズ,ズ,1/*,*
ズィ,2,2,10000,フィラー,*,*,*,*,*,ズィ,ズィ,ズィ,1/*,*
セ,2,2,10000,フィラー,*,*,*,*,*,セ,セ,セ,1/*,*
ゼ,2,2,10000,フィラー,*,*,*,*,*,ゼ,ゼ,ゼ,1/*,*
ソ,2,2,10000,フィラー,*,*,*,*,*,ソ,ソ,ソ,1/*,*
ゾ,2,2,10000,フィラー,*,*,*,*,*,ゾ,ゾ,ゾ,1/*,*
タ,2,2,10000,フィラー,*,*,*,*,*,タ,タ,タ,1/*,*
タチツテト,2,2,1633,フィラー,*,*,*,*,*,タチツテト,タチツテト,タチツテト,3/*,*
ダ,2,2,10000,フィラー,*,*,*,*,*,ダ,ダ,ダ,1/*,*
ダヂヅデド,2,2,1633,フィラー,*,*,*,*,*,ダヂヅデド,ダヂヅデド,ダヂヅデド,3/*,*
チ,2,2,10000,フィラー,*,*,*,*,*,チ,チ,チ,1/*,*
チェ,2,2,10000,フィラー,*,*,*,*,*,チェ,チェ,チェ,1/*,*
チャ,2,2,10000,フィラー,*,*,*,*,*,チャ,チャ,チャ,1/*,*
チャチュチョ,2,2,1633,フィラー,*,*,*,*,*,チャチュチョ,チャチュチョ,チャチュチョ,0/*,*
チュ,2,2,10000,フィラー,*,*,*,*,*,チュ,チュ,チュ,1/*,*
チョ,2,2,10000,フィラー,*,*,*,*,*,チョ,チョ,チョ,1/*,*
ヂ,2,2,10000,フィラー,*,*,*,*,*,ヂ,ヂ,ヂ,1/*,*
ヂャヂュヂョ,2,2,1633,フィラー,*,*,*,*,*,ヂャヂュヂョ,ヂャヂュヂョ,ジャジュジョ,0/*,*
ッ,2,2,10000,フィラー,*,*,*,*,*,ッ,ッ,ッ,1/*,*
ツ,2,2,10000,フィラー,*,*,*,*,*,ツ,ツ,ツ,1/*,*
ツァ,2,2,10000,フィラー,*,*,*,*,*,ツァ,ツァ,ツァ,1/*,*
ツィ,2,2,10000,フィラー,*,*,*,*,*,ツィ,ツィ,ツィ,1/*,*
ツェ,2,2,10000,フィラー,*,*,*,*,*,ツェ,ツェ,ツェ,1/*,*
ツォ,2,2,10000,フィラー,*,*,*,*,*,ツォ,ツォ,ツォ,1/*,*
ヅ,2,2,10000,フィラー,*,*,*,*,*,ヅ,ヅ,ヅ,1/*,*
テ,2,2,10000,フィラー,*,*,*,*,*,テ,テ,テ,1/*,*
ティ,2,2,10000,フィラー,*,*,*,*,*,ティ,ティ,ティ,1/*,*
テャ,2,2,10000,フィラー,*,*,*,*,*,テャ,テャ,テャ,1/*,*
テュ,2,2,10000,フィラー,*,*,*,*,*,テュ,テュ,テュ,1/*,*
テョ,2,2,10000,フィラー,*,*,*,*,*,テョ,テョ,テョ,1/*,*
デ,2,2,10000,フィラー,*,*,*,*,*,デ,デ,デ,1/*,*
ディ,2,2,10000,フィラー,*,*,*,*,*,ディ,ディ,ディ,1/*,*
デェ,2,2,10000,フィラー,*,*,*,*,*,デェ,デェ,デェ,1/*,*
デャ,2,2,10000,フィラー,*,*,*,*,*,デャ,デャ,デャ,1/*,*
デュ,2,2,10000,フィラー,*,*,*,*,*,デュ,デュ,デュ,1/*,*
デョ,2,2,10000,フィラー,*,*,*,*,*,デョ,デョ,デョ,1/*,*
ト,2,2,10000,フィラー,*,*,*,*,*,ト,ト,ト,1/*,*
トゥ,2,2,10000,フィラー,*,*,*,*,*,トゥ,トゥ,トゥ,1/*,*
ド,2,2,10000,フィラー,*,*,*,*,*,ド,ド,ド,1/*,*
ドゥ,2,2,10000,フィラー,*,*,*,*,*,ドゥ,ドゥ,ドゥ,1/*,*
ナ,2,2,10000,フィラー,*,*,*,*,*,ナ,ナ,ナ,1/*,*
ナニヌネノ,2,2,1633,フィラー,*,*,*,*,*,ナニヌネノ,ナニヌネノ,ナニヌネノ,3/*,*
ニ,2,2,10000,フィラー,*,*,*,*,*,ニ,ニ,ニ,1/*,*
ニェ,2,2,10000,フィラー,*,*,*,*,*,ニェ,ニェ,ニェ,1/*,*
ニャ,2,2,10000,フィラー,*,*,*,*,*,ニャ,ニャ,ニャ,1/*,*
ニャニュニョ,2,2,1633,フィラー,*,*,*,*,*,ニャニュニョ,ニャニュニョ,ニャニュニョ,0/*,*
ニュ,2,2,10000,フィラー,*,*,*,*,*,ニュ,ニュ,ニュ,1/*,*
ニョ,2,2,10000,フィラー,*,*,*,*,*,ニョ,ニョ,ニョ,1/*,*
ヌ,2,2,10000,フィラー,*,*,*,*,*,ヌ,ヌ,ヌ,1/*,*
ネ,2,2,10000,フィラー,*,*,*,*,*,ネ,ネ,ネ,1/*,*
ノ,2,2,10000,フィラー,*,*,*,*,*,ノ,ノ,ノ,1/*,*
ハ,2,2,10000,フィラー,*,*,*,*,*,ハ,ハ,ハ,1/*,*
ハヒフヘホ,2,2,1633,フィラー,*,*,*,*,*,ハヒフヘホ,ハヒフヘホ,ハヒフヘホ,3/*,*
バ,2,2,10000,フィラー,*,*,*,*,*,バ,バ,バ,1/*,*
バビブベボ,2,2,1633,フィラー,*,*,*,*,*,バビブベボ,バビブベボ,バビブベボ,3/*,*
パ,2,2,10000,フィラー,*,*,*,*,*,パ,パ,パ,1/*,*
パピプペポ,2,2,1633,フィラー,*,*,*,*,*,パピプペポ,パピプペポ,パピプペポ,3/*,*
ヒ,2,2,10000,フィラー,*,*,*,*,*,ヒ,ヒ,ヒ,1/*,*
ヒェ,2,2,10000,フィラー,*,*,*,*,*,ヒェ,ヒェ,ヒェ,1/*,*
ヒャ,2,2,10000,フィラー,*,*,*,*,*,ヒャ,ヒャ,ヒャ,1/*,*
ヒャヒュヒョ,2,2,1633,フィラー,*,*,*,*,*,ヒャヒュヒョ,ヒャヒュヒョ,ヒャヒュヒョ,0/*,*
ヒュ,2,2,10000,フィラー,*,*,*,*,*,ヒュ,ヒュ,ヒュ,1/*,*
ヒョ,2,2,10000,フィラー,*,*,*,*,*,ヒョ,ヒョ,ヒョ,1/*,*
ビ,2,2,10000,フィラー,*,*,*,*,*,ビ,ビ,ビ,1/*,*
ビェ,2,2,10000,フィラー,*,*,*,*,*,ビェ,ビェ,ビェ,1/*,*
ビャ,2,2,10000,フィラー,*,*,*,*,*,ビャ,ビャ,ビャ,1/*,*
ビャビュビョ,2,2,1633,フィラー,*,*,*,*,*,ビャビュビョ,ビャビュビョ,ビャビュビョ,0/*,*
ビュ,2,2,10000,フィラー,*,*,*,*,*,ビュ,ビュ,ビュ,1/*,*
ビョ,2,2,10000,フィラー,*,*,*,*,*,ビョ,ビョ,ビョ,1/*,*
ピ,2,2,10000,フィラー,*,*,*,*,*,ピ,ピ,ピ,1/*,*
ピェ,2,2,10000,フィラー,*,*,*,*,*,ピェ,ピェ,ピェ,1/*,*
ピャ,2,2,10000,フィラー,*,*,*,*,*,ピャ,ピャ,ピャ,1/*,*
ピャピュピョ,2,2,1633,フィラー,*,*,*,*,*,ピャピュピョ,ピャピュピョ,ピャピュピョ,0/*,*
ピュ,2,2,10000,フィラー,*,*,*,*,*,ピュ,ピュ,ピュ,1/*,*
ピョ,2,2,10000,フィラー,*,*,*,*,*,ピョ,ピョ,ピョ,1/*,*
フ,2,2,10000,フィラー,*,*,*,*,*,フ,フ,フ,1/*,*
ファ,2,2,10000,フィラー,*,*,*,*,*,ファ,ファ,ファ,1/*,*
フィ,2,2,10000,フィラー,*,*,*,*,*,フィ,フィ,フィ,1/*,*
フェ,2,2,10000,フィラー,*,*,*,*,*,フェ,フェ,フェ,1/*,*
フォ,2,2,10000,フィラー,*,*,*,*,*,フォ,フォ,フォ,1/*,*
ブ,2,2,10000,フィラー,*,*,*,*,*,ブ,ブ,ブ,1/*,*
プ,2,2,10000,フィラー,*,*,*,*,*,プ,プ,プ,1/*,*
ヘ,2,2,10000,フィラー,*,*,*,*,*,ヘ,ヘ,ヘ,1/*,*
ベ,2,2,10000,フィラー,*,*,*,*,*,ベ,ベ,ベ,1/*,*
ペ,2,2,10000,フィラー,*,*,*,*,*,ペ,ペ,ペ,1/*,*
ホ,2,2,10000,フィラー,*,*,*,*,*,ホ,ホ,ホ,1/*,*
ボ,2,2,10000,フィラー,*,*,*,*,*,ボ,ボ,ボ,1/*,*
ポ,2,2,10000,フィラー,*,*,*,*,*,ポ,ポ,ポ,1/*,*
マ,2,2,10000,フィラー,*,*,*,*,*,マ,マ,マ,1/*,*
マミムメモ,2,2,1633,フィラー,*,*,*,*,*,マミムメモ,マミムメモ,マミムメモ,3/*,*
ミ,2,2,10000,フィラー,*,*,*,*,*,ミ,ミ,ミ,1/*,*
ミェ,2,2,10000,フィラー,*,*,*,*,*,ミェ,ミェ,ミェ,1/*,*
ミャ,2,2,10000,フィラー,*,*,*,*,*,ミャ,ミャ,ミャ,1/*,*
ミャミュミョ,2,2,1633,フィラー,*,*,*,*,*,ミャミュミョ,ミャミュミョ,ミャミュミョ,0/*,*
ミュ,2,2,10000,フィラー,*,*,*,*,*,ミュ,ミュ,ミュ,1/*,*
ミョ,2,2,10000,フィラー,*,*,*,*,*,ミョ,ミョ,ミョ,1/*,*
ム,2,2,10000,フィラー,*,*,*,*,*,ム,ム,ム,1/*,*
メ,2,2,10000,フィラー,*,*,*,*,*,メ,メ,メ,1/*,*
モ,2,2,10000,フィラー,*,*,*,*,*,モ,モ,モ,1/*,*
ャ,2,2,10000,フィラー,*,*,*,*,*,ャ,ャ,ャ,1/*,*
ヤ,2,2,10000,フィラー,*,*,*,*,*,ヤ,ヤ,ヤ,1/*,*
ヤユヨ,2,2,1633,フィラー,*,*,*,*,*,ヤユヨ,ヤユヨ,ヤユヨ,0/*,*
ュ,2,2,10000,フィラー,*,*,*,*,*,ュ,ュ,ュ,1/*,*
ユ,2,2,10000,フィラー,*,*,*,*,*,ユ,ユ,ユ,1/*,*
ョ,2,2,10000,フィラー,*,*,*,*,*,ョ,ョ,ョ,1/*,*
ヨ,2,2,10000,フィラー,*,*,*,*,*,ヨ,ヨ,ヨ,1/*,*
ラ,2,2,10000,フィラー,*,*,*,*,*,ラ,ラ,ラ,1/*,*
ラリルレロ,2,2,1633,フィラー,*,*,*,*,*,ラリルレロ,ラリルレロ,ラリルレロ,3/*,*
リ,2,2,10000,フィラー,*,*,*,*,*,リ,リ,リ,1/*,*
リェ,2,2,10000,フィラー,*,*,*,*,*,リェ,リェ,リェ,1/*,*
リャ,2,2,10000,フィラー,*,*,*,*,*,リャ,リャ,リャ,1/*,*
リャリュリョ,2,2,1633,フィラー,*,*,*,*,*,リャリュリョ,リャリュリョ,リャリュリョ,0/*,*
リュ,2,2,10000,フィラー,*,*,*,*,*,リュ,リュ,リュ,1/*,*
リョ,2,2,10000,フィラー,*,*,*,*,*,リョ,リョ,リョ,1/*,*
ル,2,2,10000,フィラー,*,*,*,*,*,ル,ル,ル,1/*,*
レ,2,2,10000,フィラー,*,*,*,*,*,レ,レ,レ,1/*,*
ロ,2,2,10000,フィラー,*,*,*,*,*,ロ,ロ,ロ,1/*,*
ワ,2,2,10000,フィラー,*,*,*,*,*,ワ,ワ,ワ,1/*,*
ワヲン,2,2,1633,フィラー,*,*,*,*,*,ワヲン,ワヲン,ワヲン,0/*,*
ヰ,2,2,10000,フィラー,*,*,*,*,*,ヰ,ヰ,ヰ,1/*,*
ヱ,2,2,10000,フィラー,*,*,*,*,*,ヱ,ヱ,ヱ,1/*,*
ヲ,2,2,10000,フィラー,*,*,*,*,*,ヲ,ヲ,ヲ,1/*,*
ン,2,2,10000,フィラー,*,*,*,*,*,ン,ン,ン,1/*,*
ヴ,2,2,10000,フィラー,*,*,*,*,*,ヴ,ヴ,ヴ,1/*,*
ヴァ,2,2,10000,フィラー,*,*,*,*,*,ヴァ,ヴァ,ヴァ,1/*,*
ヴィ,2,2,10000,フィラー,*,*,*,*,*,ヴィ,ヴィ,ヴィ,1/*,*
ヴェ,2,2,10000,フィラー,*,*,*,*,*,ヴェ,ヴェ,ヴェ,1/*,*
ヴォ,2,2,10000,フィラー,*,*,*,*,*,ヴォ,ヴォ,ヴォ,1/*,*
ヴャ,2,2,10000,フィラー,*,*,*,*,*,ヴャ,ヴャ,ヴャ,1/*,*
ヴュ,2,2,10000,フィラー,*,*,*,*,*,ヴュ,ヴュ,ヴュ,1/*,*
ヴョ,2,2,10000,フィラー,*,*,*,*,*,ヴョ,ヴョ,ヴョ,1/*,*
彦,2,2,10000,フィラー,*,*,*,*,*,彦,ヒコ,ヒコ,1/*,*
晋,2,2,10000,フィラー,*,*,*,*,*,晋,シン,シン,1/*,*
Ａ,2,2,10000,フィラー,*,*,*,*,*,Ａ,エイ,エイ,1/*,*
Ｂ,2,2,10000,フィラー,*,*,*,*,*,Ｂ,ビー,ビー,1/*,*
Ｃ,2,2,10000,フィラー,*,*,*,*,*,Ｃ,シー,シー,1/*,*
Ｄ,2,2,10000,フィラー,*,*,*,*,*,Ｄ,ディー,ディー,1/*,*
Ｅ,2,2,10000,フィラー,*,*,*,*,*,Ｅ,イー,イー,1/*,*
Ｆ,2,2,10000,フィラー,*,*,*,*,*,Ｆ,エフ,エフ,1/*,*
Ｇ,2,2,10000,フィラー,*,*,*,*,*,Ｇ,ジー,ジー,1/*,*
Ｈ,2,2,10000,フィラー,*,*,*,*,*,Ｈ,エイチ,エイチ,1/*,*
Ｉ,2,2,10000,フィラー,*,*,*,*,*,Ｉ,アイ,アイ,1/*,*
Ｊ,2,2,10000,フィラー,*,*,*,*,*,Ｊ,ジェー,ジェー,1/*,*
Ｋ,2,2,10000,フィラー,*,*,*,*,*,Ｋ,ケー,ケー,1/*,*
Ｌ,2,2,10000,フィラー,*,*,*,*,*,Ｌ,エル,エル,1/*,*
Ｍ,2,2,10000,フィラー,*,*,*,*,*,Ｍ,エム,エム,1/*,*
Ｎ,2,2,10000,フィラー,*,*,*,*,*,Ｎ,エヌ,エヌ,1/*,*
Ｏ,2,2,10000,フィラー,*,*,*,*,*,Ｏ,オー,オー,1/*,*
Ｐ,2,2,10000,フィラー,*,*,*,*,*,Ｐ,ピー,ピー,1/*,*
Ｑ,2,2,10000,フィラー,*,*,*,*,*,Ｑ,キュー,キュー,1/*,*
Ｒ,2,2,10000,フィラー,*,*,*,*,*,Ｒ,アール,アール,1/*,*
Ｓ,2,2,10000,フィラー,*,*,*,*,*,Ｓ,エス,エス,1/*,*
Ｔ,2,2,10000,フィラー,*,*,*,*,*,Ｔ,ティー,ティー,1/*,*
Ｕ,2,2,10000,フィラー,*,*,*,*,*,Ｕ,ユー,ユー,1/*,*
Ｖ,2,2,10000,フィラー,*,*,*,*,*,Ｖ,ブイ,ブイ,1/*,*
Ｗ,2,2,10000,フィラー,*,*,*,*,*,Ｗ,ダブリュー,ダブリュー,1/*,*
Ｘ,2,2,10000,フィラー,*,*,*,*,*,Ｘ,エックス,エックス,1/*,*
Ｙ,2,2,10000,フィラー,*,*,*,*,*,Ｙ,ワイ,ワイ,1/*,*
Ｚ,2,2,10000,フィラー,*,*,*,*,*,Ｚ,ゼット,ゼット,1/*,*
ａ,2,2,10000,フィラー,*,*,*,*,*,ａ,エイ,エイ,1/*,*
ｂ,2,2,10000,フィラー,*,*,*,*,*,ｂ,ビー,ビー,1/*,*
ｃ,2,2,10000,フィラー,*,*,*,*,*,ｃ,シー,シー,1/*,*
ｄ,2,2,10000,フィラー,*,*,*,*,*,ｄ,ディー,ディー,1/*,*
ｅ,2,2,10000,フィラー,*,*,*,*,*,ｅ,イー,イー,1/*,*
ｆ,2,2,10000,フィラー,*,*,*,*,*,ｆ,エフ,エフ,1/*,*
ｇ,2,2,10000,フィラー,*,*,*,*,*,ｇ,ジー,ジー,1/*,*
ｈ,2,2,10000,フィラー,*,*,*,*,*,ｈ,エイチ,エイチ,1/*,*
ｉ,2,2,10000,フィラー,*,*,*,*,*,ｉ,アイ,アイ,1/*,*
ｊ,2,2,10000,フィラー,*,*,*,*,*,ｊ,ジェー,ジェー,1/*,*
ｋ,2,2,10000,フィラー,*,*,*,*,*,ｋ,ケー,ケー,1/*,*
ｌ,2,2,10000,フィラー,*,*,*,*,*,ｌ,エル,エル,1/*,*
ｍ,2,2,10000,フィラー,*,*,*,*,*,ｍ,エム,エム,1/*,*
ｎ,2,2,10000,フィラー,*,*,*,*,*,ｎ,エヌ,エヌ,1/*,*
ｏ,2,2,10000,フィラー,*,*,*,*,*,ｏ,オー,オー,1/*,*
ｐ,2,2,10000,フィラー,*,*,*,*,*,ｐ,ピー,ピー,1/*,*
ｑ,2,2,10000,フィラー,*,*,*,*,*,ｑ,キュー,キュー,1/*,*
ｒ,2,2,10000,フィラー,*,*,*,*,*,ｒ,アール,アール,1/*,*
ｓ,2,2,10000,フィラー,*,*,*,*,*,ｓ,エス,エス,1/*,*
ｔ,2,2,10000,フィラー,*,*,*,*,*,ｔ,ティー,ティー,1/*,*
ｕ,2,2,10000,フィラー,*,*,*,*,*,ｕ,ユー,ユー,1/*,*
ｖ,2,2,10000,フィラー,*,*,*,*,*,ｖ,ブイ,ブイ,1/*,*
ｗ,2,2,10000,フィラー,*,*,*,*,*,ｗ,ダブリュー,ダブリュー,1/*,*
ｘ,2,2,10000,フィラー,*,*,*,*,*,ｘ,エックス,エックス,1/*,*
ｙ,2,2,10000,フィラー,*,*,*,*,*,ｙ,ワイ,ワイ,1/*,*
ｚ,2,2,10000,フィラー,*,*,*,*,*,ｚ,ゼット,ゼット,1/*,*