龐統,1349,1349,10000,名詞,固有名詞,人名,一般,*,*,龐統,ホウトウ,ホウトウ,0/4,*,ほ[うとう,『三國志』蜀志：P.953
龐淯,1349,1349,10000,名詞,固有名詞,人名,一般,*,*,龐淯,ホウイク,ホウイク,2/4,*,ほ[う]いく,『三國志』魏志：P.547
龐悳,1349,1349,10000,名詞,固有名詞,人名,一般,*,*,龐悳,ホウトク,ホウトク,2/4,*,ほ[う]とく,『三國志』魏志：P.545
齊王芳,1349,1349,8000,名詞,固有名詞,人名,一般,*,*,齊王芳,セイオウホウ,セイオウホウ,4/6,*,せ[いおう]ほう,『三國志』魏志：P.117:しない:曹芳
鼂錯,1349,1349,10000,名詞,固有名詞,人名,一般,*,*,鼂錯,チョウソ,チョウソ,0/3,*,ち[ヨ]うそ,『史記』P.2745
黥布,1349,1349,10000,名詞,固有名詞,人名,一般,*,*,黥布,ゲイフ,ゲイフ,1/3,*,げ]いふ,『史記』P.2597
黄襲,1349,1349,10000,名詞,固有名詞,人名,一般,*,*,黄襲,トウシュウ,トウシュウ,2/4,*,と[うし]ユう,『三國志』呉志：P.1290
黄蓋,1349,1349,10000,名詞,固有名詞,人名,一般,*,*,黄蓋,コウガイ,コウガイ,0/4,*,こ[うがい,『三國志』呉志：P.1284
黄歇,1349,1349,10000,名詞,固有名詞,人名,一般,*,*,黄歇,コウアツ,コウアツ,0/4,*,こ[うあつ,『史記』P.2387:しない:春申君
黄權,1349,1349,10000,名詞,固有名詞,人名,一般,*,*,黄權,コウケン,コウケン,2/4,*,こ[う]けん,『三國志』蜀志：P.1043:しない:黄権
黄忠,1349,1349,10000,名詞,固有名詞,人名,一般,*,*,黄忠,コウチュウ,コウチュウ,2/4,*,こ[うち]ユう,『三國志』蜀志：P.948
麋竺,1349,1349,10000,名詞,固有名詞,人名,一般,*,*,麋竺,ビジク,ビジク,1/3,*,び]じく,『三國志』蜀志：P.969
鮑勛,1349,1349,10000,名詞,固有名詞,人名,一般,*,*,鮑勛,ホウクン,ホウクン,0/4,*,ほ[うくん,『三國志』魏志：P.383
魯肅,1349,1349,10000,名詞,固有名詞,人名,一般,*,*,魯肅,ロシュク,ロシュク,1/3,*,ろ[し]ユく,『三國志』呉志：P.1267:しない:魯粛
魯仲連,1349,1349,8000,名詞,固有名詞,人名,一般,*,*,魯仲連,ロチュウレン,ロチュウレン,0/5,*,ろ[ちユうれん,『史記』P.2459
魏豹,1349,1349,10000,名詞,固有名詞,人名,一般,*,*,魏豹,ギヒョウ,ギヒョウ,1/3,*,ぎ[ひ]ヨう,『史記』P.2589
魏無忌,1349,1349,8000,名詞,固有名詞,人名,一般,*,*,魏無忌,ギムキ,ギムキ,1/3,*,ぎ]むき,『史記』P.2377:しない:信陵君:魏毋忌
魏毋忌,1349,1349,8000,名詞,固有名詞,人名,一般,*,*,魏毋忌,ギブキ,ギブキ,1/3,*,ぎ]ぶき,『史記』P.2377:しない:信陵君:魏無忌
魏延,1349,1349,10000,名詞,固有名詞,人名,一般,*,*,魏延,ギエン,ギエン,1/3,*,ぎ]えん,『三國志』蜀志：P.1002
魏冉,1349,1349,10000,名詞,固有名詞,人名,一般,*,*,魏冉,ギゼン,ギゼン,1/3,*,ぎ]ぜん,『史記』P.2323:しない:穰侯
高貴鄉公髦,1349,1349,8000,名詞,固有名詞,人名,一般,*,*,高貴鄉公髦,コウキキョウコウボウ,コウキキョウコウボウ,1/9,*,こ]うききヨうこう]ぼう,『三國志』魏志：P.131:しない:曹髦
高柔,1349,1349,10000,名詞,固有名詞,人名,一般,*,*,高柔,コウジュウ,コウジュウ,2/4,*,こ[うじ]ユう,『三國志』魏志：P.682
高堂隆,1349,1349,8000,名詞,固有名詞,人名,一般,*,*,高堂隆,コウドウリュウ,コウドウリュウ,4/6,*,こ[うどうり]ユう,『三國志』魏志：P.708
駱統,1349,1349,10000,名詞,固有名詞,人名,一般,*,*,駱統,ラクトウ,ラクトウ,0/4,*,ら[くとう,『三國志』呉志：P.1334
馮唐,1349,1349,10000,名詞,固有名詞,人名,一般,*,*,馮唐,フウトウ,フウトウ,2/4,*,ふ[う]とう,『史記』P.2757
馬超,1349,1349,10000,名詞,固有名詞,人名,一般,*,*,馬超,バチョウ,バチョウ,1/3,*,ば[ち]ヨう,『三國志』蜀志：P.944
馬良,1349,1349,10000,名詞,固有名詞,人名,一般,*,*,馬良,バリョウ,バリョウ,1/3,*,ば[り]ヨう,『三國志』蜀志：P.982
馬忠,1349,1349,10000,名詞,固有名詞,人名,一般,*,*,馬忠,バチュウ,バチュウ,1/3,*,ば[ち]ユう,『三國志』蜀志：P.1048
顧雍,1349,1349,10000,名詞,固有名詞,人名,一般,*,*,顧雍,コヨウ,コヨウ,1/3,*,こ]よう,『三國志』呉志：P.1225
韓非子,1349,1349,8000,名詞,固有名詞,人名,一般,*,*,韓非子,カンピシ,カンピシ,2/4,*,か[ん]ぴし,『史記』P.2146:しない:韓非
韓非,1349,1349,10000,名詞,固有名詞,人名,一般,*,*,韓非,カンピ,カンピ,0/3,*,か[んぴ,『史記』P.2146:しない:韓非子
韓當,1349,1349,10000,名詞,固有名詞,人名,一般,*,*,韓當,カントウ,カントウ,2/4,*,か[ん]とう,『三國志』呉志：P.1285:しない:韓当
韓生,1349,1349,10000,名詞,固有名詞,人名,一般,*,*,韓生,カンセイ,カンセイ,2/4,*,か[ん]せい,『史記』P.3124:しない:韓嬰
韓王信,1349,1349,8000,名詞,固有名詞,人名,一般,*,*,韓王信,カンオウシン,カンオウシン,0/6,*,か[んおう[しん,『史記』P.2631
韓暨,1349,1349,10000,名詞,固有名詞,人名,一般,*,*,韓暨,カンキ,カンキ,0/3,*,か[んき,『三國志』魏志：P.677
韓安國,1349,1349,8000,名詞,固有名詞,人名,一般,*,*,韓安國,カンアンコク,カンアンコク,4/6,*,か[んあん]こく,『史記』P.2857
韓嬰,1349,1349,10000,名詞,固有名詞,人名,一般,*,*,韓嬰,カンエイ,カンエイ,2/4,*,か[ん]えい,『史記』P.3124:しない:韓生
韓信,1349,1349,10000,名詞,固有名詞,人名,一般,*,*,韓信,カンシン,カンシン,0/4,*,か[んしん,『史記』P.2609:しない:淮陰侯
韋曜,1349,1349,10000,名詞,固有名詞,人名,一般,*,*,韋曜,イヨウ,イヨウ,1/3,*,い]よう,『三國志』呉志：P.1460:しない:韋昭
韋昭,1349,1349,10000,名詞,固有名詞,人名,一般,*,*,韋昭,イショウ,イショウ,1/3,*,い[し]ヨう,『三國志』呉志：P.1460:しない:韋曜
靳歙,1349,1349,10000,名詞,固有名詞,人名,一般,*,*,靳歙,キンキョウ,キンキョウ,2/4,*,き[んき]ヨう,『史記』P.2709
靈殤公子京,1349,1349,8000,名詞,固有名詞,人名,一般,*,*,靈殤公子京,レイショクコウシケイ,レイショクコウシケイ,7/9,*,れ[いしヨくこうし]けい,『三國志』魏志：P.588:しない:曹京:霊殤公子京
霍峻,1349,1349,10000,名詞,固有名詞,人名,一般,*,*,霍峻,カクシュン,カクシュン,2/4,*,か[くし]ユん,『三國志』蜀志：P.1007
霍去病,1349,1349,8000,名詞,固有名詞,人名,一般,*,*,霍去病,カクキョヘイ,カクキョヘイ,2/5,*,か[くきヨ]へい,『史記』P.2928
陸遜,1349,1349,10000,名詞,固有名詞,人名,一般,*,*,陸遜,リクソン,リクソン,0/4,*,り[くそん,『三國志』呉志：P.1343
陸賈,1349,1349,10000,名詞,固有名詞,人名,一般,*,*,陸賈,リクカ,リクカ,1/3,*,り]くか,『史記』P.2697
陸績,1349,1349,10000,名詞,固有名詞,人名,一般,*,*,陸績,リクセキ,リクセキ,0/4,*,り[くせき,『三國志』呉志：P.1328
陸瑁,1349,1349,10000,名詞,固有名詞,人名,一般,*,*,陸瑁,リクボウ,リクボウ,0/4,*,り[くぼう,『三國志』呉志：P.1336
陸抗,1349,1349,10000,名詞,固有名詞,人名,一般,*,*,陸抗,リクコウ,リクコウ,2/4,*,り[く]こう,『三國志』呉志：P.1354
陸凱,1349,1349,10000,名詞,固有名詞,人名,一般,*,*,陸凱,リクガイ,リクガイ,2/4,*,り[く]がい,『三國志』呉志：P.1399
陶謙,1349,1349,10000,名詞,固有名詞,人名,一般,*,*,陶謙,トウケン,トウケン,0/4,*,と[うけん,『三國志』魏志：P.247
陳餘,1349,1349,10000,名詞,固有名詞,人名,一般,*,*,陳餘,チンヨ,チンヨ,1/3,*,ち]んよ,『史記』P.2571:しない:陳余
陳震,1349,1349,10000,名詞,固有名詞,人名,一般,*,*,陳震,チンシン,チンシン,2/4,*,ち[ん]しん,『三國志』蜀志：P.984
陳豨,1349,1349,10000,名詞,固有名詞,人名,一般,*,*,陳豨,チンキ,チンキ,1/3,*,ち]んき,『史記』P.2639
陳群,1349,1349,10000,名詞,固有名詞,人名,一般,*,*,陳群,チングン,チングン,2/4,*,ち[ん]ぐん,『三國志』魏志：P.633:しない:陳羣
陳矯,1349,1349,10000,名詞,固有名詞,人名,一般,*,*,陳矯,チンキョウ,チンキョウ,2/4,*,ち[んき]ヨう,『三國志』魏志：P.642
陳留王奐,1349,1349,8000,名詞,固有名詞,人名,一般,*,*,陳留王奐,チンリュウオウカン,チンリュウオウカン,6/8,*,ち[んりユうおう]かん,『三國志』魏志：P.147:しない:曹奐
陳留恭王峻,1349,1349,8000,名詞,固有名詞,人名,一般,*,*,陳留恭王峻,チンリュウキョウオウシュン,チンリュウキョウオウシュン,9/10,*,ち[んりユうきヨうおうし]ユん,『三國志』魏志：P.585:しない:曹峻
陳琳,1349,1349,10000,名詞,固有名詞,人名,一般,*,*,陳琳,チンリン,チンリン,0/4,*,ち[んりん,『三國志』魏志：P.599
陳渉,1349,1349,10000,名詞,固有名詞,人名,一般,*,*,陳渉,チンショウ,チンショウ,2/4,*,ち[んし]ヨう,『史記』P.1949:しない:陳勝
陳武,1349,1349,10000,名詞,固有名詞,人名,一般,*,*,陳武,チンブ,チンブ,0/3,*,ち[んぶ,『三國志』呉志：P.1289
陳思王植,1349,1349,8000,名詞,固有名詞,人名,一般,*,*,陳思王植,チンシオウショク,チンシオウショク,5/7,*,ち[んしおうし]ヨく,『三國志』魏志：P.557:しない:曹植
陳平,1349,1349,10000,名詞,固有名詞,人名,一般,*,*,陳平,チンペイ,チンペイ,0/4,*,ち[んぺい,『史記』P.2051
陳勝,1349,1349,10000,名詞,固有名詞,人名,一般,*,*,陳勝,チンショウ,チンショウ,2/4,*,ち[んし]ヨう,『史記』P.1949:しない:陳渉
阮籍,1349,1349,10000,名詞,固有名詞,人名,一般,*,*,阮籍,ゲンセキ,ゲンセキ,2/4,*,げ[ん]せき,『三國志』魏志：P.604
阮瑀,1349,1349,10000,名詞,固有名詞,人名,一般,*,*,阮瑀,ゲンウ,ゲンウ,1/3,*,げ]んう,『三國志』魏志：P.599
闞澤,1349,1349,10000,名詞,固有名詞,人名,一般,*,*,闞澤,カンタク,カンタク,0/4,*,か[んたく,『三國志』呉志：P.1249:しない:闞沢
關羽,1349,1349,10000,名詞,固有名詞,人名,一般,*,*,關羽,カンウ,カンウ,1/3,*,か]んう,『三國志』蜀志：P.939
閻溫,1349,1349,10000,名詞,固有名詞,人名,一般,*,*,閻溫,エンオン,エンオン,2/4,*,え[ん]おん,『三國志』魏志：P.550
鍾離牧,1349,1349,8000,名詞,固有名詞,人名,一般,*,*,鍾離牧,ショウリボク,ショウリボク,1/5,*,し]ヨうり[ぼく,『三國志』呉志：P.1392
鍾繇,1349,1349,10000,名詞,固有名詞,人名,一般,*,*,鍾繇,ショウヨウ,ショウヨウ,1/4,*,し]ヨうよう,『三國志』魏志：P.391
鍾會,1349,1349,10000,名詞,固有名詞,人名,一般,*,*,鍾會,ショウウカイ,ショウウカイ,3/5,*,し[ヨうう]かい,『三國志』魏志：P.784:しない:鍾会
酈生,1349,1349,10000,名詞,固有名詞,人名,一般,*,*,酈生,レキセイ,レキセイ,2/4,*,れ[き]せい,『史記』P.2691
酈商,1349,1349,10000,名詞,固有名詞,人名,一般,*,*,酈商,レキショウ,レキショウ,2/4,*,れ[きし]ヨう,『史記』P.2660
鄭渾,1349,1349,10000,名詞,固有名詞,人名,一般,*,*,鄭渾,テイコン,テイコン,2/4,*,て[い]こん,『三國志』魏志：P.508
鄧芝,1349,1349,10000,名詞,固有名詞,人名,一般,*,*,鄧芝,トウシ,トウシ,0/3,*,と[うし,『三國志』蜀志：P.1071
鄧艾,1349,1349,10000,名詞,固有名詞,人名,一般,*,*,鄧艾,トウガイ,トウガイ,2/4,*,と[う]がい,『三國志』魏志：P.775
鄧哀王沖,1349,1349,8000,名詞,固有名詞,人名,一般,*,*,鄧哀王沖,トウアイオウチュウ,トウアイオウチュウ,6/8,*,と[うあいおうち]ユう,『三國志』魏志：P.580:しない:曹沖
鄒陽,1349,1349,10000,名詞,固有名詞,人名,一般,*,*,鄒陽,スウヨウ,スウヨウ,2/4,*,す[う]よう,『史記』P.2469
鄒衍,1349,1349,10000,名詞,固有名詞,人名,一般,*,*,鄒衍,スウエン,スウエン,0/4,*,す[うえん,『史記』P.2344
鄒忌,1349,1349,10000,名詞,固有名詞,人名,一般,*,*,鄒忌,スウキ,スウキ,1/3,*,す]うき,『史記』P.2344
郿戴公子整,1349,1349,8000,名詞,固有名詞,人名,一般,*,*,郿戴公子整,ビンサイコウシセイ,ビンサイコウシセイ,7/9,*,び[んさいこうし]せい,『三國志』魏志：P.588:しない:曹整
郭解,1349,1349,10000,名詞,固有名詞,人名,一般,*,*,郭解,カクカイ,カクカイ,2/4,*,か[く]かい,『史記』P.3185
郭舍人,1349,1349,8000,名詞,固有名詞,人名,一般,*,*,郭舍人,カクシャジン,カクシャジン,2/5,*,か[くしヤ]じん,『史記』P.3204
郭淮,1349,1349,10000,名詞,固有名詞,人名,一般,*,*,郭淮,カクワイ,カクワイ,2/4,*,か[く]わい,『三國志』魏志：P.733
郭汜,1349,1349,10000,名詞,固有名詞,人名,一般,*,*,郭汜,カクシ,カクシ,1/3,*,か]くし,『三國志』魏志：P.180
郭嘉,1349,1349,10000,名詞,固有名詞,人名,一般,*,*,郭嘉,カクカ,カクカ,1/3,*,か]くか,『三國志』魏志：P.431
郤正,1349,1349,10000,名詞,固有名詞,人名,一般,*,*,郤正,ゲキセイ,ゲキセイ,0/4,*,げ[きせい,『三國志』蜀志：P.1034
郅都,1349,1349,10000,名詞,固有名詞,人名,一般,*,*,郅都,シツト,シツト,1/3,*,し]つと,『史記』P.3132
邴原,1349,1349,10000,名詞,固有名詞,人名,一般,*,*,邴原,ヘイゲン,ヘイゲン,0/4,*,へ[いげん,『三國志』魏志：P.350
邯鄲懷王邕,1349,1349,8000,名詞,固有名詞,人名,一般,*,*,邯鄲懷王邕,カンタンカイオウヨウ,カンタンカイオウヨウ,8/10,*,か[んたんかいおう]よう,『三國志』魏志：P.591:しない:曹邕:邯鄲懐王邕
邢顒,1349,1349,10000,名詞,固有名詞,人名,一般,*,*,邢顒,ケイギョウ,ケイギョウ,2/4,*,け[いぎ]ヨう,『三國志』魏志：P.382
辛毗,1349,1349,10000,名詞,固有名詞,人名,一般,*,*,辛毗,シンピ,シンピ,0/3,*,し[んぴ,『三國志』魏志：P.695
轅固生,1349,1349,8000,名詞,固有名詞,人名,一般,*,*,轅固生,エンコセイ,エンコセイ,0/5,*,え[んこせい,『史記』P.3122
趙雲,1349,1349,10000,名詞,固有名詞,人名,一般,*,*,趙雲,チョウウン,チョウウン,1/4,*,ち]ヨううん,『三國志』蜀志：P.948
趙達,1349,1349,10000,名詞,固有名詞,人名,一般,*,*,趙達,チョウタツ,チョウタツ,2/4,*,ち[ヨう]たつ,『三國志』呉志：P.1424
趙禹,1349,1349,10000,名詞,固有名詞,人名,一般,*,*,趙禹,チョウウ,チョウウ,0/3,*,ち[ヨ]うう,『史記』P.3136
趙王幹,1349,1349,8000,名詞,固有名詞,人名,一般,*,*,趙王幹,チョウオウカン,チョウオウカン,1/6,*,ち]ヨうおう]かん,『三國志』魏志：P.585:しない:曹幹
趙勝,1349,1349,10000,名詞,固有名詞,人名,一般,*,*,趙勝,チョウショウ,チョウショウ,3/4,*,ち[ヨうし]ヨう,『史記』P.2365:しない:平原君
趙儼,1349,1349,10000,名詞,固有名詞,人名,一般,*,*,趙儼,チョウゲン,チョウゲン,1/4,*,ち]ヨう]げん,『三國志』魏志：P.668
贊哀王協,1349,1349,8000,名詞,固有名詞,人名,一般,*,*,贊哀王協,サンアイオウキョウ,サンアイオウキョウ,8/8,*,さ[んあいおう[き]ヨう,『三國志』魏志：P.590:しない:曹協:賛哀王協
賈逵,1349,1349,10000,名詞,固有名詞,人名,一般,*,*,賈逵,カキ,カキ,1/2,*,か]き,『三國志』魏志：P.479
賈誼,1349,1349,10000,名詞,固有名詞,人名,一般,*,*,賈誼,カギ,カギ,1/2,*,か]ぎ,『史記』P.2491:しない:賈生
賈詡,1349,1349,10000,名詞,固有名詞,人名,一般,*,*,賈詡,カク,カク,1/2,*,か]く,『三國志』魏志：P.326
賈生,1349,1349,10000,名詞,固有名詞,人名,一般,*,*,賈生,カセイ,カセイ,1/3,*,か]せい,『史記』P.2491:しない:賈誼
賀齊,1349,1349,10000,名詞,固有名詞,人名,一般,*,*,賀齊,ガセイ,ガセイ,1/3,*,が]せい,『三國志』呉志：P.1377:しない:賀斉
賀邵,1349,1349,10000,名詞,固有名詞,人名,一般,*,*,賀邵,ガショウ,ガショウ,1/3,*,が[し]ヨう,『三國志』呉志：P.1456
費詩,1349,1349,10000,名詞,固有名詞,人名,一般,*,*,費詩,ヒシ,ヒシ,1/2,*,ひ]し,『三國志』蜀志：P.1015
費禕,1349,1349,10000,名詞,固有名詞,人名,一般,*,*,費禕,ヒイ,ヒイ,1/2,*,ひ]い,『三國志』蜀志：P.1060
豫讓,1349,1349,10000,名詞,固有名詞,人名,一般,*,*,豫讓,ヨジョウ,ヨジョウ,1/3,*,よ[じ]ヨう,『史記』P.2519:しない:予讓
豐愍王昂,1349,1349,8000,名詞,固有名詞,人名,一般,*,*,豐愍王昂,ホウビンオウコウ,ホウビンオウコウ,7/8,*,ほ[うびんお[う]こう,『三國志』魏志：P.579:しない:曹昂:豊愍王昂
譙周,1349,1349,10000,名詞,固有名詞,人名,一般,*,*,譙周,ショウシュウ,ショウシュウ,3/4,*,し[ヨうし]ユう,『三國志』蜀志：P.1027
諸葛誕,1349,1349,8000,名詞,固有名詞,人名,一般,*,*,諸葛誕,ショカツタン,ショカツタン,3/5,*,し[ヨかつ]たん,『三國志』魏志：P.769
諸葛瑾,1349,1349,8000,名詞,固有名詞,人名,一般,*,*,諸葛瑾,ショカツキン,ショカツキン,3/5,*,し[ヨかつ]きん,『三國志』呉志：P.1231
諸葛恪,1349,1349,8000,名詞,固有名詞,人名,一般,*,*,諸葛恪,ショカツカク,ショカツカク,3/5,*,し[ヨかつ]かく,『三國志』呉志：P.1429
諸葛亮,1349,1349,8000,名詞,固有名詞,人名,一般,*,*,諸葛亮,ショカツリョウ,ショカツリョウ,4/5,*,し[ヨかつり]ヨう,『三國志』蜀志：P.911:しない:諸葛孔明
許靖,1349,1349,10000,名詞,固有名詞,人名,一般,*,*,許靖,キョセイ,キョセイ,0/3,*,き[ヨ]せい,『三國志』蜀志：P.963
許褚,1349,1349,10000,名詞,固有名詞,人名,一般,*,*,許褚,キョチョ,キョチョ,0/2,*,き[ヨ]ちヨ,『三國志』魏志：P.542
許慈,1349,1349,10000,名詞,固有名詞,人名,一般,*,*,許慈,キョジ,キョジ,1/2,*,き]ヨじ,『三國志』蜀志：P.1022
西門豹,1349,1349,8000,名詞,固有名詞,人名,一般,*,*,西門豹,セイモンヒョウ,セイモンヒョウ,4/6,*,せ[いもんひ]ヨう,『史記』P.3211
裴潛,1349,1349,10000,名詞,固有名詞,人名,一般,*,*,裴潛,ハイセン,ハイセン,2/4,*,は[い]せん,『三國志』魏志：P.671:しない:裴潜
袁術,1349,1349,10000,名詞,固有名詞,人名,一般,*,*,袁術,エンジュツ,エンジュツ,2/4,*,え[んじ]ユつ,『三國志』魏志：P.207
袁紹,1349,1349,10000,名詞,固有名詞,人名,一般,*,*,袁紹,エンショウ,エンショウ,2/4,*,え[んし]ヨう,『三國志』魏志：P.188
袁盎,1349,1349,10000,名詞,固有名詞,人名,一般,*,*,袁盎,エンオウ,エンオウ,2/4,*,え[ん]おう,『史記』P.2737:しない:爰盎
袁渙,1349,1349,10000,名詞,固有名詞,人名,一般,*,*,袁渙,エンカン,エンカン,2/4,*,え[ん]かん,『三國志』魏志：P.333
衞青,1349,1349,10000,名詞,固有名詞,人名,一般,*,*,衞青,エイセイ,エイセイ,2/4,*,え[い]せい,『史記』P.2921:しない:衛青
衞覬,1349,1349,10000,名詞,固有名詞,人名,一般,*,*,衞覬,エイキ,エイキ,1/3,*,え]いき,『三國志』魏志：P.610:しない:衛覬
衞臻,1349,1349,10000,名詞,固有名詞,人名,一般,*,*,衞臻,エイシン,エイシン,2/4,*,え[い]しん,『三國志』魏志：P.647:しない:衛臻
衞綰,1349,1349,10000,名詞,固有名詞,人名,一般,*,*,衞綰,エイワン,エイワン,2/4,*,え[い]わん,『史記』P.2768:しない:衛綰
虞翻,1349,1349,10000,名詞,固有名詞,人名,一般,*,*,虞翻,グホン,グホン,1/3,*,ぐ]ほん,『三國志』呉志：P.1317
虞卿,1349,1349,10000,名詞,固有名詞,人名,一般,*,*,虞卿,グケイ,グケイ,1/3,*,ぐ]けい,『史記』P.2370
蘇秦,1349,1349,10000,名詞,固有名詞,人名,一般,*,*,蘇秦,ソシン,ソシン,1/3,*,そ]しん,『史記』P.2241
蘇則,1349,1349,10000,名詞,固有名詞,人名,一般,*,*,蘇則,ソソク,ソソク,1/3,*,そ]そく,『三國志』魏志：P.490
藺相如,1349,1349,8000,名詞,固有名詞,人名,一般,*,*,藺相如,リンソウジョ,リンソウジョ,0/5,*,り[んそうじヨ,『史記』P.2439
薛綜,1349,1349,10000,名詞,固有名詞,人名,一般,*,*,薛綜,セツソウ,セツソウ,2/4,*,せ[つ]そう,『三國志』呉志：P.1250
蕭懷王熊,1349,1349,8000,名詞,固有名詞,人名,一般,*,*,蕭懷王熊,ショウカイオウユウ,ショウカイオウユウ,6/8,*,し[ヨうかいおう]ゆう,『三國志』魏志：P.577:しない:曹熊
蕭何,1349,1349,10000,名詞,固有名詞,人名,一般,*,*,蕭何,ショウカ,ショウカ,1/3,*,し]ヨうか,『史記』P.2013
蔡澤,1349,1349,10000,名詞,固有名詞,人名,一般,*,*,蔡澤,サイタク,サイタク,2/4,*,さ[い]たく,『史記』P.2418:しない:蔡沢
蒙恬,1349,1349,10000,名詞,固有名詞,人名,一般,*,*,蒙恬,モウテン,モウテン,0/4,*,も[うてん,『史記』P.2565
蒋琬,1349,1349,10000,名詞,固有名詞,人名,一般,*,*,蒋琬,ショウエン,ショウエン,1/4,*,し]ヨう]えん,『三國志』蜀志：P.1057:しない:蔣琬
蒋濟,1349,1349,10000,名詞,固有名詞,人名,一般,*,*,蒋濟,ショウセイ,ショウセイ,1/4,*,し]ヨう]せい,『三國志』魏志：P.450:しない:蒋済:蔣濟
蒋欽,1349,1349,10000,名詞,固有名詞,人名,一般,*,*,蒋欽,ショウキン,ショウキン,2/4,*,し[ヨう]きん,『三國志』呉志：P.1286:しない:蔣欽
董昭,1349,1349,10000,名詞,固有名詞,人名,一般,*,*,董昭,トウショウ,トウショウ,2/4,*,と[うし]ヨう,『三國志』魏志：P.436
董和,1349,1349,10000,名詞,固有名詞,人名,一般,*,*,董和,トウワ,トウワ,1/3,*,と]うわ,『三國志』蜀志：P.979
董卓,1349,1349,10000,名詞,固有名詞,人名,一般,*,*,董卓,トウタク,トウタク,0/4,*,と[うたく,『三國志』魏志：P.171
董允,1349,1349,10000,名詞,固有名詞,人名,一般,*,*,董允,トウイン,トウイン,0/4,*,と[ういん,『三國志』蜀志：P.985
董仲舒,1349,1349,8000,名詞,固有名詞,人名,一般,*,*,董仲舒,トウチュウジョ,トウチュウジョ,4/5,*,と[うちユう]じヨ,『史記』P.3127
萬石君,1349,1349,8000,名詞,固有名詞,人名,一般,*,*,萬石君,バンセキクン,バンセキクン,0/6,*,ば[んせきくん,『史記』P.2763:しない:万石君
華覈,1349,1349,10000,名詞,固有名詞,人名,一般,*,*,華覈,カカク,カカク,0/3,*,か[かく,『三國志』呉志：P.1464
華歆,1349,1349,10000,名詞,固有名詞,人名,一般,*,*,華歆,カキン,カキン,0/3,*,か[きん,『三國志』魏志：P.401
華佗,1349,1349,10000,名詞,固有名詞,人名,一般,*,*,華佗,カダ,カダ,1/2,*,か]だ,『三國志』魏志：P.799
莊子,1349,1349,10000,名詞,固有名詞,人名,一般,*,*,莊子,ソウジ,ソウジ,1/3,*,そ]うじ,『史記』P.2143:しない:荘子:莊周
莊周,1349,1349,10000,名詞,固有名詞,人名,一般,*,*,莊周,ソウシュウ,ソウシュウ,2/4,*,そ[うし]ユう,『史記』P.2143:しない:荘周:莊子
荊軻,1349,1349,10000,名詞,固有名詞,人名,一般,*,*,荊軻,ケイカ,ケイカ,1/3,*,け]いか,『史記』P.2526
荀況,1349,1349,10000,名詞,固有名詞,人名,一般,*,*,荀況,ジュンキョウ,ジュンキョウ,3/4,*,じ[ユんき]ヨう,『史記』P.2348:しない:荀子:荀卿
荀攸,1349,1349,10000,名詞,固有名詞,人名,一般,*,*,荀攸,ジュンユウ,ジュンユウ,1/4,*,じ]ユんゆう,『三國志』魏志：P.321
荀彧,1349,1349,10000,名詞,固有名詞,人名,一般,*,*,荀彧,ジュンイク,ジュンイク,1/4,*,じ]ユんいく,『三國志』魏志：P.307
荀子,1349,1349,10000,名詞,固有名詞,人名,一般,*,*,荀子,ジュンシ,ジュンシ,0/3,*,じ[ユんし,『史記』P.2348:しない:荀況:荀卿
荀卿,1349,1349,10000,名詞,固有名詞,人名,一般,*,*,荀卿,ジュンケイ,ジュンケイ,2/4,*,じ[ユん]けい,『史記』P.2348:しない:荀況:荀子
范陽閔王矩,1349,1349,8000,名詞,固有名詞,人名,一般,*,*,范陽閔王矩,ハンヨウビンオウク,ハンヨウビンオウク,7/9,*,は[んようびんお]うく,『三國志』魏志：P.585:しない:曹矩
范睢,1349,1349,10000,名詞,固有名詞,人名,一般,*,*,范睢,ハンショ,ハンショ,0/3,*,は[んしヨ,『史記』P.2401:しない:張祿
英布,1349,1349,10000,名詞,固有名詞,人名,一般,*,*,英布,エイフ,エイフ,1/3,*,え]いふ,『史記』P.2597
臨邑殤公子上,1349,1349,8000,名詞,固有名詞,人名,一般,*,*,臨邑殤公子上,リンユウショクコウシジョウ,リンユウショクコウシジョウ,10/11,*,り[んゆうしヨくこうしじ]ヨう,『三國志』魏志：P.586:しない:曹上
臧霸,1349,1349,10000,名詞,固有名詞,人名,一般,*,*,臧霸,ソウハ,ソウハ,1/3,*,そ]うは,『三國志』魏志：P.536
臧洪,1349,1349,10000,名詞,固有名詞,人名,一般,*,*,臧洪,ソウコウ,ソウコウ,0/4,*,そ[うこう,『三國志』魏志：P.231
胡質,1349,1349,10000,名詞,固有名詞,人名,一般,*,*,胡質,コシツ,コシツ,0/3,*,こ[しつ,『三國志』魏志：P.741
胡綜,1349,1349,10000,名詞,固有名詞,人名,一般,*,*,胡綜,コソウ,コソウ,1/3,*,こ]そう,『三國志』呉志：P.1413
胡毋生,1349,1349,8000,名詞,固有名詞,人名,一般,*,*,胡毋生,コボセイ,コボセイ,2/4,*,こ[ぼ]せい,『史記』P.3128
聶政,1349,1349,10000,名詞,固有名詞,人名,一般,*,*,聶政,ジョウセイ,ジョウセイ,2/4,*,じ[ヨう]せい,『史記』P.2522
老耼,1349,1349,10000,名詞,固有名詞,人名,一般,*,*,老耼,ロウタン,ロウタン,0/4,*,ろ[うたん,『史記』P.2139:しない:老聃:老子
老子,1349,1349,10000,名詞,固有名詞,人名,一般,*,*,老子,ロウシ,ロウシ,0/3,*,ろ[うし,『史記』P.2139:しない:李耳:李耼
義縱,1349,1349,10000,名詞,固有名詞,人名,一般,*,*,義縱,ギジュウ,ギジュウ,1/3,*,ぎ[じ]ユう,『史記』P.3144
簡雍,1349,1349,10000,名詞,固有名詞,人名,一般,*,*,簡雍,カンヨウ,カンヨウ,2/4,*,か[ん]よう,『三國志』蜀志：P.970
管輅,1349,1349,10000,名詞,固有名詞,人名,一般,*,*,管輅,カンロ,カンロ,0/3,*,か[んろ,『三國志』魏志：P.811
管寧,1349,1349,10000,名詞,固有名詞,人名,一般,*,*,管寧,カンネイ,カンネイ,2/4,*,か[ん]ねい,『三國志』魏志：P.354
管夷吾,1349,1349,8000,名詞,固有名詞,人名,一般,*,*,管夷吾,カンイゴ,カンイゴ,2/4,*,か[ん]いご,『史記』P.2131:しない:管夷吾:管子
管仲,1349,1349,10000,名詞,固有名詞,人名,一般,*,*,管仲,カンチュウ,カンチュウ,2/4,*,か[んち]ユう,『史記』P.2131:しない:管夷吾:管子
竇嬰,1349,1349,10000,名詞,固有名詞,人名,一般,*,*,竇嬰,トウエイ,トウエイ,0/4,*,と[うえい,『史記』P.2839
穰侯,1349,1349,10000,名詞,固有名詞,人名,一般,*,*,穰侯,ジョウコウ,ジョウコウ,2/4,*,じ[ヨう]こう,『史記』P.2323:しない:魏冉
穀城殤公子乘,1349,1349,8000,名詞,固有名詞,人名,一般,*,*,穀城殤公子乘,コクジョウショクコウシジョウ,コクジョウショクコウシジョウ,10/11,*,こ[くじヨうしヨくこうしじ]ヨう,『三國志』魏志：P.588:しない:曹乘:穀城殤公子乗:曹乗
程秉,1349,1349,10000,名詞,固有名詞,人名,一般,*,*,程秉,テイヘイ,テイヘイ,0/4,*,て[いへい,『三國志』呉志：P.1248
程普,1349,1349,10000,名詞,固有名詞,人名,一般,*,*,程普,テイフ,テイフ,1/3,*,て]いふ,『三國志』呉志：P.1283
程昱,1349,1349,10000,名詞,固有名詞,人名,一般,*,*,程昱,テイイク,テイイク,1/4,*,て]いいく,『三國志』魏志：P.425
秦宓,1349,1349,10000,名詞,固有名詞,人名,一般,*,*,秦宓,シンミツ,シンミツ,0/4,*,し[んみつ,『三國志』蜀志：P.971
石奢,1349,1349,10000,名詞,固有名詞,人名,一般,*,*,石奢,セキシャ,セキシャ,0/3,*,せ[きしヤ,『史記』P.3102
相殤王鑠,1349,1349,8000,名詞,固有名詞,人名,一般,*,*,相殤王鑠,ソウショクオウレキ,ソウショクオウレキ,6/8,*,そ[うしヨくおう]れき,『三國志』魏志：P.579:しない:曹鑠
直不疑,1349,1349,8000,名詞,固有名詞,人名,一般,*,*,直不疑,チョクフギ,チョクフギ,2/4,*,ち[ヨく]ふぎ,『史記』P.2770
盧綰,1349,1349,10000,名詞,固有名詞,人名,一般,*,*,盧綰,ロワン,ロワン,1/3,*,ろ]わん,『史記』P.2637
盧毓,1349,1349,10000,名詞,固有名詞,人名,一般,*,*,盧毓,ロイク,ロイク,1/3,*,ろ]いく,『三國志』魏志：P.650
白起,1349,1349,10000,名詞,固有名詞,人名,一般,*,*,白起,ハッキ,ハッキ,1/3,*,は]っき,『史記』P.2331
申公,1349,1349,10000,名詞,固有名詞,人名,一般,*,*,申公,シンコウ,シンコウ,2/4,*,し[ん]こう,『史記』P.3120
申不害,1349,1349,8000,名詞,固有名詞,人名,一般,*,*,申不害,シンフガイ,シンフガイ,3/5,*,し[んふ]がい,『史記』P.2146
田豫,1349,1349,10000,名詞,固有名詞,人名,一般,*,*,田豫,デンヨ,デンヨ,1/3,*,で]んよ,『三國志』魏志：P.726:しない:田予
田疇,1349,1349,10000,名詞,固有名詞,人名,一般,*,*,田疇,デンチュウ,デンチュウ,0/4,*,で[んちユう,『三國志』魏志：P.340
田甲,1349,1349,10000,名詞,固有名詞,人名,一般,*,*,田甲,デンコウ,デンコウ,0/4,*,で[んこう,『史記』P.3142
田單,1349,1349,10000,名詞,固有名詞,人名,一般,*,*,田單,デンタン,デンタン,2/4,*,で[ん]たん,『史記』P.2453:しない:田単
田叔,1349,1349,10000,名詞,固有名詞,人名,一般,*,*,田叔,デンシュク,デンシュク,2/4,*,で[んし]ユく,『史記』P.2775
田儋,1349,1349,10000,名詞,固有名詞,人名,一般,*,*,田儋,デンタン,デンタン,2/4,*,で[ん]たん,『史記』P.2643
甘茂,1349,1349,10000,名詞,固有名詞,人名,一般,*,*,甘茂,カンボウ,カンボウ,0/4,*,か[んぼう,『史記』P.2310
甘羅,1349,1349,10000,名詞,固有名詞,人名,一般,*,*,甘羅,カンラ,カンラ,0/3,*,か[んら,『史記』P.2319
甘寧,1349,1349,10000,名詞,固有名詞,人名,一般,*,*,甘寧,カンネイ,カンネイ,0/4,*,か[んねい,『三國志』呉志：P.1292
王觀,1349,1349,10000,名詞,固有名詞,人名,一般,*,*,王觀,オウカン,オウカン,2/4,*,お[う]かん,『三國志』魏志：P.693:しない:王観
王蕃,1349,1349,10000,名詞,固有名詞,人名,一般,*,*,王蕃,オウハン,オウハン,2/4,*,お[う]はん,『三國志』呉志：P.1453
王蓮,1349,1349,10000,名詞,固有名詞,人名,一般,*,*,王蓮,オウレン,オウレン,2/4,*,お[う]れん,『三國志』蜀志：P.1009
王脩,1349,1349,10000,名詞,固有名詞,人名,一般,*,*,王脩,オウシュウ,オウシュウ,2/4,*,お[うし]ユう,『三國志』魏志：P.345
王肅,1349,1349,10000,名詞,固有名詞,人名,一般,*,*,王肅,オウシュク,オウシュク,2/4,*,お[うし]ユく,『三國志』魏志：P.414:しない:王粛
王翦,1349,1349,10000,名詞,固有名詞,人名,一般,*,*,王翦,オウセン,オウセン,1/4,*,お]うせん,『史記』P.2338
王粲,1349,1349,10000,名詞,固有名詞,人名,一般,*,*,王粲,オウサン,オウサン,1/4,*,お]うさん,『三國志』魏志：P.597
王温舒,1349,1349,8000,名詞,固有名詞,人名,一般,*,*,王温舒,オウオンジョ,オウオンジョ,0/5,*,お[うおん[じヨ,『史記』P.3147
王淩,1349,1349,10000,名詞,固有名詞,人名,一般,*,*,王淩,オウリョウ,オウリョウ,2/4,*,お[うり]ヨう,『三國志』魏志：P.757
王朗,1349,1349,10000,名詞,固有名詞,人名,一般,*,*,王朗,オウロウ,オウロウ,2/4,*,お[う]ろう,『三國志』魏志：P.406
王昶,1349,1349,10000,名詞,固有名詞,人名,一般,*,*,王昶,オウジョウ,オウジョウ,2/4,*,お[うじ]ヨう,『三國志』魏志：P.743
王平,1349,1349,10000,名詞,固有名詞,人名,一般,*,*,王平,オウヘイ,オウヘイ,2/4,*,お[う]へい,『三國志』蜀志：P.1049
王基,1349,1349,10000,名詞,固有名詞,人名,一般,*,*,王基,オウキ,オウキ,0/3,*,お[うき,『三國志』魏志：P.750
牽招,1349,1349,10000,名詞,固有名詞,人名,一般,*,*,牽招,ケンショウ,ケンショウ,0/4,*,け[んしヨう,『三國志』魏志：P.730
爰盎,1349,1349,10000,名詞,固有名詞,人名,一般,*,*,爰盎,エンオウ,エンオウ,0/4,*,え[んおう,『史記』P.2737:しない:袁盎
燕王宇,1349,1349,8000,名詞,固有名詞,人名,一般,*,*,燕王宇,エンオウウ,エンオウウ,0/5,*,え[んおうう,『三國志』魏志：P.582:しない:曹宇
灌嬰,1349,1349,10000,名詞,固有名詞,人名,一般,*,*,灌嬰,カンエイ,カンエイ,0/4,*,か[んえい,『史記』P.2667
濮陽興,1349,1349,8000,名詞,固有名詞,人名,一般,*,*,濮陽興,ボクヨウコウ,ボクヨウコウ,4/6,*,ぼ[くよう]こう,『三國志』呉志：P.1451
濟陽懷王玹,1349,1349,8000,名詞,固有名詞,人名,一般,*,*,濟陽懷王玹,セイヨウカイオウゲン,セイヨウカイオウゲン,8/10,*,せ[いようかいおう]げん,『三國志』魏志：P.584:しない:曹玹:済陽懐王玹
潘璋,1349,1349,10000,名詞,固有名詞,人名,一般,*,*,潘璋,ハンショウ,ハンショウ,2/4,*,は[んし]ヨう,『三國志』呉志：P.1299
潘濬,1349,1349,10000,名詞,固有名詞,人名,一般,*,*,潘濬,ハンシュン,ハンシュン,2/4,*,は[んし]ユん,『三國志』呉志：P.1397
滿寵,1349,1349,10000,名詞,固有名詞,人名,一般,*,*,滿寵,マンチョウ,マンチョウ,2/4,*,ま[んち]ヨう,『三國志』魏志：P.721:しない:満寵
滕胤,1349,1349,10000,名詞,固有名詞,人名,一般,*,*,滕胤,トウイン,トウイン,0/4,*,と[ういん,『三國志』呉志：P.1443
温恢,1349,1349,10000,名詞,固有名詞,人名,一般,*,*,温恢,オンカイ,オンカイ,2/4,*,お[ん]かい,『三國志』魏志：P.478
減宣,1349,1349,10000,名詞,固有名詞,人名,一般,*,*,減宣,ゲンセン,ゲンセン,2/4,*,げ[ん]せん,『史記』P.3152
清河悼王貢,1349,1349,8000,名詞,固有名詞,人名,一般,*,*,清河悼王貢,セイガトウオウコウ,セイガトウオウコウ,7/9,*,せ[いがとうおう]こう,『三國志』魏志：P.591:しない:曹貢
淳于髡,1349,1349,8000,名詞,固有名詞,人名,一般,*,*,淳于髡,ジュンウコン,ジュンウコン,3/5,*,じ[ユんう]こん,『史記』P.2347，P.3197
淮陰侯,1349,1349,8000,名詞,固有名詞,人名,一般,*,*,淮陰侯,ワイインコウ,ワイインコウ,4/6,*,わ[いいん]こう,『史記』P.2609:しない:韓信
淩統,1349,1349,10000,名詞,固有名詞,人名,一般,*,*,淩統,リョウトウ,リョウトウ,0/4,*,り[ヨうとう,『三國志』呉志：P.1295
涼茂,1349,1349,10000,名詞,固有名詞,人名,一般,*,*,涼茂,リョウボウ,リョウボウ,0/4,*,り[ヨうぼう,『三國志』魏志：P.338
法正,1349,1349,10000,名詞,固有名詞,人名,一般,*,*,法正,ホウセイ,ホウセイ,0/4,*,ほ[うせい,『三國志』蜀志：P.957
河間獻王,1349,1349,8000,名詞,固有名詞,人名,一般,*,*,河間獻王,カカンケンオウ,カカンケンオウ,5/7,*,か[かんけん]おう,『史記』P.2093:しない:河間献王:劉徳
沛穆王林,1349,1349,8000,名詞,固有名詞,人名,一般,*,*,沛穆王林,ハイボクオウリン,ハイボクオウリン,6/8,*,は[いぼくおう]りん,『三國志』魏志：P.582:しない:曹林:沛穆王林
汲黯,1349,1349,10000,名詞,固有名詞,人名,一般,*,*,汲黯,キュウアン,キュウアン,2/4,*,き[ユう]あん,『史記』P.3105
毛玠,1349,1349,10000,名詞,固有名詞,人名,一般,*,*,毛玠,モウカイ,モウカイ,0/4,*,も[うかい,『三國志』魏志：P.374
毌丘儉,1349,1349,8000,名詞,固有名詞,人名,一般,*,*,毌丘儉,カンキュウケン,カンキュウケン,0/6,*,か[んきユうけん,『三國志』魏志：P.761
毋丘儉,1349,1349,8000,名詞,固有名詞,人名,一般,*,*,毋丘儉,ブキュウケン,ブキュウケン,0/5,*,ぶ[きユう[けん,『三國志』魏志：P.761
歩騭,1349,1349,10000,名詞,固有名詞,人名,一般,*,*,歩騭,ホシツ,ホシツ,1/3,*,ほ]しつ,『三國志』呉志：P.1236
武帝操,1349,1349,8000,名詞,固有名詞,人名,一般,*,*,武帝操,ブテイソウ,ブテイソウ,3/5,*,ぶ[てい]そう,『三國志』魏志：P.1:しない:曹操
武宣卞皇后,1349,1349,8000,名詞,固有名詞,人名,一般,*,*,武宣卞皇后,ブセンベンコウゴウ,ブセンベンコウゴウ,7/9,*,ぶ[せんべんこう]ごう,『三國志』魏志：P.156:しない:卞皇后
欒布,1349,1349,10000,名詞,固有名詞,人名,一般,*,*,欒布,ランプ,ランプ,1/3,*,ら]んぷ,『史記』P.2733
權王夫人,1349,1349,8000,名詞,固有名詞,人名,一般,*,*,權王夫人,ケンオウフジン,ケンオウフジン,5/7,*,け[んおうふ]じん,『三國志』呉志：P.1199:しない:王夫人
權潘夫人,1349,1349,8000,名詞,固有名詞,人名,一般,*,*,權潘夫人,ケンハンフジン,ケンハンフジン,5/7,*,け[んはんふ]じん,『三國志』呉志：P.1199:しない:潘夫人
權步夫人,1349,1349,8000,名詞,固有名詞,人名,一般,*,*,權步夫人,ケンホフジン,ケンホフジン,4/6,*,け[んほふ]じん,『三國志』呉志：P.1198:しない:步夫人
權徐夫人,1349,1349,8000,名詞,固有名詞,人名,一般,*,*,權徐夫人,ケンジョフジン,ケンジョフジン,4/6,*,け[んじヨふ]じん,『三國志』呉志：P.1197:しない:徐夫人
樗里子,1349,1349,8000,名詞,固有名詞,人名,一般,*,*,樗里子,チョリシ,チョリシ,0/3,*,ち[ヨ]りし,『史記』P.2307
樓玄,1349,1349,10000,名詞,固有名詞,人名,一般,*,*,樓玄,ロウゲン,ロウゲン,2/4,*,ろ[う]げん,『三國志』呉志：P.1454:しない:楼玄
樊安公均,1349,1349,8000,名詞,固有名詞,人名,一般,*,*,樊安公均,ハンアンコウキン,ハンアンコウキン,6/8,*,は[んあんこう]きん,『三國志』魏志：P.588:しない:曹均
樊噲,1349,1349,10000,名詞,固有名詞,人名,一般,*,*,樊噲,ハンカイ,ハンカイ,0/4,*,は[んかい,『史記』P.2651
樂陵王茂,1349,1349,8000,名詞,固有名詞,人名,一般,*,*,樂陵王茂,ガクリョウオウボウ,ガクリョウオウボウ,6/8,*,が[くりヨうおう]ぼう,『三國志』魏志：P.589:しない:曹茂:楽陵王茂
樂進,1349,1349,10000,名詞,固有名詞,人名,一般,*,*,樂進,ガクシン,ガクシン,2/4,*,が[く]しん,『三國志』魏志：P.521:しない:楽進
樂毅,1349,1349,10000,名詞,固有名詞,人名,一般,*,*,樂毅,ガクキ,ガクキ,1/3,*,が]くき,『史記』P.2427:しない:楽毅
楚王彪,1349,1349,8000,名詞,固有名詞,人名,一般,*,*,楚王彪,ソウオウヒョウ,ソウオウヒョウ,0/6,*,そ[うおうひ[ヨう,『三國志』魏志：P.586:しない:曹彪
楚元王,1349,1349,8000,名詞,固有名詞,人名,一般,*,*,楚元王,ソゲンオウ,ソゲンオウ,3/5,*,そ[げん]おう,『史記』P.1987:しない:劉交
楊阜,1349,1349,10000,名詞,固有名詞,人名,一般,*,*,楊阜,ヨウフ,ヨウフ,0/3,*,よ[うふ,『三國志』魏志：P.700
楊洪,1349,1349,10000,名詞,固有名詞,人名,一般,*,*,楊洪,ヨウコウ,ヨウコウ,2/4,*,よ[う]こう,『三國志』蜀志：P.1013
楊戲,1349,1349,10000,名詞,固有名詞,人名,一般,*,*,楊戲,ヨウギ,ヨウギ,1/3,*,よ]うぎ,『三國志』蜀志：P.1077:しない:楊戯
楊儀,1349,1349,10000,名詞,固有名詞,人名,一般,*,*,楊儀,ヨウギ,ヨウギ,1/3,*,よ]うぎ,『三國志』蜀志：P.1004
楊僕,1349,1349,10000,名詞,固有名詞,人名,一般,*,*,楊僕,ヨウボク,ヨウボク,2/4,*,よ[う]ぼく,『史記』P.3149
楊俊,1349,1349,10000,名詞,固有名詞,人名,一般,*,*,楊俊,ヨウシュン,ヨウシュン,2/4,*,よ[うし]ユん,『三國志』魏志：P.663
梁習,1349,1349,10000,名詞,固有名詞,人名,一般,*,*,梁習,リョウシュウ,リョウシュウ,3/4,*,り[ヨうし]ユう,『三國志』魏志：P.469
桓階,1349,1349,10000,名詞,固有名詞,人名,一般,*,*,桓階,カンカイ,カンカイ,2/4,*,か[ん]かい,『三國志』魏志：P.631
桓威,1349,1349,10000,名詞,固有名詞,人名,一般,*,*,桓威,カンイ,カンイ,0/3,*,か[んい,『三國志』魏志：P.607
東海定王霖,1349,1349,8000,名詞,固有名詞,人名,一般,*,*,東海定王霖,トウカイテイオウリン,トウカイテイオウリン,8/10,*,と[うかいていおう]りん,『三國志』魏志：P.590:しない:曹霖
東武陽懷王鑒,1349,1349,8000,名詞,固有名詞,人名,一般,*,*,東武陽懷王鑒,トウブヨウカイオウカン,トウブヨウカイオウカン,9/11,*,と[うぶようかいおう]かん,『三國志』魏志：P.590:しない:曹鑒:東武陽懐王鑒
東方生,1349,1349,8000,名詞,固有名詞,人名,一般,*,*,東方生,トウホウセイ,トウホウセイ,4/6,*,と[うほう]せい,『史記』P.3205:しない:東方朔
東方朔,1349,1349,8000,名詞,固有名詞,人名,一般,*,*,東方朔,トウホウサク,トウホウサク,0/6,*,と[うほうさく,『史記』P.3205:しない:東方生
東平靈王徽,1349,1349,8000,名詞,固有名詞,人名,一般,*,*,東平靈王徽,トウヘイレイオウキ,トウヘイレイオウキ,7/9,*,と[うへいれいお]うき,『三國志』魏志：P.589:しない:曹徽:東平霊王徽
杜襲,1349,1349,10000,名詞,固有名詞,人名,一般,*,*,杜襲,トシュウ,トシュウ,1/3,*,と[し]ユう,『三國志』魏志：P.664
杜畿,1349,1349,10000,名詞,固有名詞,人名,一般,*,*,杜畿,トキ,トキ,1/2,*,と]き,『三國志』魏志：P.493
杜瓊,1349,1349,10000,名詞,固有名詞,人名,一般,*,*,杜瓊,トケイ,トケイ,1/3,*,と]けい,『三國志』蜀志：P.1021
杜微,1349,1349,10000,名詞,固有名詞,人名,一般,*,*,杜微,トビ,トビ,1/2,*,と]び,『三國志』蜀志：P.1019
杜夔,1349,1349,10000,名詞,固有名詞,人名,一般,*,*,杜夔,トキ,トキ,1/2,*,と]き,『三國志』魏志：P.806
杜周,1349,1349,10000,名詞,固有名詞,人名,一般,*,*,杜周,トシュウ,トシュウ,1/3,*,と[し]ユう,『史記』P.3152
李離,1349,1349,10000,名詞,固有名詞,人名,一般,*,*,李離,リリ,リリ,1/2,*,り]り,『史記』P.3102
李陵,1349,1349,10000,名詞,固有名詞,人名,一般,*,*,李陵,リリョウ,リリョウ,1/3,*,り[り]ヨう,『史記』P.2876
李通,1349,1349,10000,名詞,固有名詞,人名,一般,*,*,李通,リツウ,リツウ,1/3,*,り]つう,『三國志』魏志：P.534
李譔,1349,1349,10000,名詞,固有名詞,人名,一般,*,*,李譔,リセン,リセン,1/3,*,り]せん,『三國志』蜀志：P.1026
李耼,1349,1349,10000,名詞,固有名詞,人名,一般,*,*,李耼,リタン,リタン,1/3,*,り]たん,『史記』P.2139:しない:李聃:老子
李耳,1349,1349,10000,名詞,固有名詞,人名,一般,*,*,李耳,リジ,リジ,1/2,*,り]じ,『史記』P.2139:しない:李耼:老子
李斯,1349,1349,10000,名詞,固有名詞,人名,一般,*,*,李斯,リシ,リシ,1/2,*,り]し,『史記』P.2539
李恢,1349,1349,10000,名詞,固有名詞,人名,一般,*,*,李恢,リカイ,リカイ,1/3,*,り]かい,『三國志』蜀志：P.1045
李延年,1349,1349,8000,名詞,固有名詞,人名,一般,*,*,李延年,リエンネン,リエンネン,3/5,*,り[えん]ねん,『史記』P.3195
李廣,1349,1349,10000,名詞,固有名詞,人名,一般,*,*,李廣,リコウ,リコウ,1/3,*,り]こう,『史記』P.2867:しない:李広
李嚴,1349,1349,10000,名詞,固有名詞,人名,一般,*,*,李嚴,リゲン,リゲン,1/3,*,り]げん,『三國志』蜀志：P.998:しない:李厳
李典,1349,1349,10000,名詞,固有名詞,人名,一般,*,*,李典,リテン,リテン,1/3,*,り]てん,『三國志』魏志：P.533
李傕,1349,1349,10000,名詞,固有名詞,人名,一般,*,*,李傕,リカク,リカク,1/3,*,り]かく,『三國志』魏志：P.180
朱買臣,1349,1349,8000,名詞,固有名詞,人名,一般,*,*,朱買臣,シュバイシン,シュバイシン,3/5,*,し[ユばい]しん,『史記』P.3143
朱然,1349,1349,10000,名詞,固有名詞,人名,一般,*,*,朱然,シュゼン,シュゼン,0/3,*,し[ユぜん,『三國志』呉志：P.1305
朱治,1349,1349,10000,名詞,固有名詞,人名,一般,*,*,朱治,シュチ,シュチ,1/2,*,し]ユち,『三國志』呉志：P.1303
朱桓,1349,1349,10000,名詞,固有名詞,人名,一般,*,*,朱桓,シュカン,シュカン,0/3,*,し[ユかん,『三國志』呉志：P.1312
朱據,1349,1349,10000,名詞,固有名詞,人名,一般,*,*,朱據,シュキョ,シュキョ,0/2,*,し[ユきヨ,『三國志』呉志：P.1340
朱建平,1349,1349,8000,名詞,固有名詞,人名,一般,*,*,朱建平,シュケンペイ,シュケンペイ,3/5,*,し[ユけん]ぺい,『三國志』魏志：P.808
朱建,1349,1349,10000,名詞,固有名詞,人名,一般,*,*,朱建,シュケン,シュケン,0/3,*,し[ユ]けん,『史記』P.2701
朱家,1349,1349,10000,名詞,固有名詞,人名,一般,*,*,朱家,シュカ,シュカ,1/2,*,し]ユか,『史記』P.3184
曹髦,1349,1349,10000,名詞,固有名詞,人名,一般,*,*,曹髦,ソウボウ,ソウボウ,0/4,*,そ[うぼう,『三國志』魏志：P.131:しない:魏高貴鄉公
曹芳,1349,1349,10000,名詞,固有名詞,人名,一般,*,*,曹芳,ソウホウ,ソウホウ,0/4,*,そ[うほう,『三國志』魏志：P.117:しない:魏齊王
曹眞,1349,1349,10000,名詞,固有名詞,人名,一般,*,*,曹眞,ソウシン,ソウシン,2/4,*,そ[う]しん,『三國志』魏志：P.280:しない:曹真
曹熊,1349,1349,10000,名詞,固有名詞,人名,一般,*,*,曹熊,ソウユウ,ソウユウ,0/4,*,そ[うゆう,『三國志』魏志：P.577:しない:蕭懷王
曹洪,1349,1349,10000,名詞,固有名詞,人名,一般,*,*,曹洪,ソウコウ,ソウコウ,0/4,*,そ[うこう,『三國志』魏志：P.277
曹沫,1349,1349,10000,名詞,固有名詞,人名,一般,*,*,曹沫,ソウバツ,ソウバツ,0/4,*,そ[うばつ,『史記』P.2515
曹植,1349,1349,10000,名詞,固有名詞,人名,一般,*,*,曹植,ソウチ,ソウチ,1/3,*,そ]うち,『三國志』魏志：P.557:しない:陳思王
曹操,1349,1349,10000,名詞,固有名詞,人名,一般,*,*,曹操,ソウソウ,ソウソウ,0/4,*,そ[うそう,『三國志』魏志：P.1:しない:魏武帝
曹彰,1349,1349,10000,名詞,固有名詞,人名,一般,*,*,曹彰,ソウショウ,ソウショウ,2/4,*,そ[うし]ヨう,『三國志』魏志：P.555:しない:任城威王
曹奐,1349,1349,10000,名詞,固有名詞,人名,一般,*,*,曹奐,ソウカン,ソウカン,0/4,*,そ[うかん,『三國志』魏志：P.147:しない:魏陳留王
曹叡,1349,1349,10000,名詞,固有名詞,人名,一般,*,*,曹叡,ソウエイ,ソウエイ,1/4,*,そ]うえい,『三國志』魏志：P.91:しない:魏明帝
曹參,1349,1349,10000,名詞,固有名詞,人名,一般,*,*,曹參,ソウシン,ソウシン,0/4,*,そ[うしん,『史記』P.2021:しない:曹参
曹休,1349,1349,10000,名詞,固有名詞,人名,一般,*,*,曹休,ソンキュウ,ソンキュウ,2/4,*,そ[んき]ユう,『三國志』魏志：P.279
曹仁,1349,1349,10000,名詞,固有名詞,人名,一般,*,*,曹仁,ソウジン,ソウジン,1/4,*,そ]うじん,『三國志』魏志：P.274
曹丕,1349,1349,10000,名詞,固有名詞,人名,一般,*,*,曹丕,ソウヒ,ソウヒ,1/3,*,そ]うひ,『三國志』魏志：P.57:しない:魏文帝
晏平仲,1349,1349,8000,名詞,固有名詞,人名,一般,*,*,晏平仲,アンペイチュウ,アンペイチュウ,4/6,*,あ[んぺいち]ユう,『史記』P.2134
晏嬰,1349,1349,10000,名詞,固有名詞,人名,一般,*,*,晏嬰,アンエイ,アンエイ,0/4,*,あ[んえい,『史記』P.2134
是儀,1349,1349,10000,名詞,固有名詞,人名,一般,*,*,是儀,シギ,シギ,1/2,*,し]ぎ,『三國志』呉志：P.1411
春申君,1349,1349,8000,名詞,固有名詞,人名,一般,*,*,春申君,シュンシンクン,シュンシンクン,1/6,*,し]ユんしん]くん,『史記』P.2387:しない:黄歇
明悼毛皇后,1349,1349,8000,名詞,固有名詞,人名,一般,*,*,明悼毛皇后,メイトウモウコウゴウ,メイトウモウコウゴウ,8/10,*,め[いとうもうこう]ごう,『三國志』魏志：P.167:しない:毛皇后
明帝叡,1349,1349,8000,名詞,固有名詞,人名,一般,*,*,明帝叡,メイテイエイ,メイテイエイ,4/6,*,め[いてい]えい,『三國志』魏志：P.91:しない:曹叡
明元郭皇后,1349,1349,8000,名詞,固有名詞,人名,一般,*,*,明元郭皇后,メイゲンカクコウゴウ,メイゲンカクコウゴウ,8/10,*,め[いげんかくこう]ごう,『三國志』魏志：P.168:しない:郭皇后
文聘,1349,1349,10000,名詞,固有名詞,人名,一般,*,*,文聘,ブンヘイ,ブンヘイ,0/4,*,ぶ[んへい,『三國志』魏志：P.539
文昭甄皇后,1349,1349,8000,名詞,固有名詞,人名,一般,*,*,文昭甄皇后,ブンショウケンコウゴウ,ブンショウケンコウゴウ,8/10,*,ぶ[んしヨうけんこう]ごう,『三國志』魏志：P.159:しない:甄皇后
文徳郭皇后,1349,1349,8000,名詞,固有名詞,人名,一般,*,*,文徳郭皇后,ブントクカクコウゴウ,ブントクカクコウゴウ,8/10,*,ぶ[んとくかくこう]ごう,『三國志』魏志：P.164:しない:郭皇后
文帝丕,1349,1349,8000,名詞,固有名詞,人名,一般,*,*,文帝丕,ブンテイヒ,ブンテイヒ,3/5,*,ぶ[んて]いひ,『三國志』魏志：P.57:しない:曹丕
扁鵲,1349,1349,10000,名詞,固有名詞,人名,一般,*,*,扁鵲,ヘンジャク,ヘンジャク,0/4,*,へ[んじヤく,『史記』P.2785
應貞,1349,1349,10000,名詞,固有名詞,人名,一般,*,*,應貞,オウテイ,オウテイ,0/4,*,お[うてい,『三國志』魏志：P.604:しない:応璩
應璩,1349,1349,10000,名詞,固有名詞,人名,一般,*,*,應璩,オウキョ,オウキョ,0/3,*,お[うきヨ,『三國志』魏志：P.604:しない:応璩
應瑒,1349,1349,10000,名詞,固有名詞,人名,一般,*,*,應瑒,オウトウ,オウトウ,0/4,*,お[うとう,『三國志』魏志：P.599:しない:応瑒
徐邈,1349,1349,10000,名詞,固有名詞,人名,一般,*,*,徐邈,ジョボウ,ジョボウ,0/3,*,じ[ヨ]ぼう,『三國志』魏志：P.739
徐盛,1349,1349,10000,名詞,固有名詞,人名,一般,*,*,徐盛,ジョセイ,ジョセイ,0/3,*,じ[ヨ]せい,『三國志』呉志：P.1298
徐晃,1349,1349,10000,名詞,固有名詞,人名,一般,*,*,徐晃,ジョコウ,ジョコウ,0/3,*,じ[ヨ]こう,『三國志』魏志：P.527
徐幹,1349,1349,10000,名詞,固有名詞,人名,一般,*,*,徐幹,ジョカン,ジョカン,0/3,*,じ[ヨ]かん,『三國志』魏志：P.599
徐宣,1349,1349,10000,名詞,固有名詞,人名,一般,*,*,徐宣,ジョセン,ジョセン,0/3,*,じ[ヨ]せん,『三國志』魏志：P.645
徐奕,1349,1349,10000,名詞,固有名詞,人名,一般,*,*,徐奕,ジョエキ,ジョエキ,0/3,*,じ[ヨ]えき,『三國志』魏志：P.377
後主禪,1349,1349,8000,名詞,固有名詞,人名,一般,*,*,後主禪,コウシュゼン,コウシュゼン,2/5,*,こ[うしユ]ぜん,『三國志』蜀志：P.893:しない:劉禪:劉禅
後主敬哀張后,1349,1349,8000,名詞,固有名詞,人名,一般,*,*,後主敬哀張后,コウシュケイアイチョウコウ,コウシュケイアイチョウコウ,8/11,*,こ[うしユけいあいちヨう]こう,『三國志』蜀志：P.907:しない:敬哀張皇后
後主張后,1349,1349,8000,名詞,固有名詞,人名,一般,*,*,後主張后,コウシュチョウコウ,コウシュチョウコウ,4/7,*,こ[うしユちヨう]こう,『三國志』蜀志：P.907:しない:張皇后
彭越,1349,1349,10000,名詞,固有名詞,人名,一般,*,*,彭越,ホウエツ,ホウエツ,1/4,*,ほ]うえつ,『史記』P.2591
彭羕,1349,1349,10000,名詞,固有名詞,人名,一般,*,*,彭羕,ホウヨウ,ホウヨウ,2/4,*,ほ[う]よう,『三國志』蜀志：P.994
彭城王據,1349,1349,8000,名詞,固有名詞,人名,一般,*,*,彭城王據,ホウジョウオウキョ,ホウジョウオウキョ,0/7,*,ほ[うじヨうおうきヨ,『三國志』魏志：P.581:しない:曹據:彭城王拠:曹拠
張魯,1349,1349,10000,名詞,固有名詞,人名,一般,*,*,張魯,チョウロ,チョウロ,0/3,*,ち[ヨ]うろ,『三國志』魏志：P.263
張飛,1349,1349,10000,名詞,固有名詞,人名,一般,*,*,張飛,チョウヒ,チョウヒ,0/3,*,ち[ヨ]うひ,『三國志』蜀志：P.943
張釋之,1349,1349,8000,名詞,固有名詞,人名,一般,*,*,張釋之,チョウセキシ,チョウセキシ,3/5,*,ち[ヨうせ]きし,『史記』P.2751
張郃,1349,1349,10000,名詞,固有名詞,人名,一般,*,*,張郃,チョウコウ,チョウコウ,1/4,*,ち]ヨう]こう,『三國志』魏志：P.524
張遼,1349,1349,10000,名詞,固有名詞,人名,一般,*,*,張遼,チョウリョウ,チョウリョウ,1/4,*,ち]ヨうり[ヨう,『三國志』魏志：P.517
張裔,1349,1349,10000,名詞,固有名詞,人名,一般,*,*,張裔,チョウエイ,チョウエイ,2/4,*,ち[ヨう]えい,『三國志』蜀志：P.1011
張蒼,1349,1349,10000,名詞,固有名詞,人名,一般,*,*,張蒼,チョウソウ,チョウソウ,2/4,*,ち[ヨう]そう,『史記』P.2675
張良,1349,1349,10000,名詞,固有名詞,人名,一般,*,*,張良,チョウリョウ,チョウリョウ,1/4,*,ち]ヨうり[ヨう,『史記』P.2033
張耳,1349,1349,10000,名詞,固有名詞,人名,一般,*,*,張耳,チョウジ,チョウジ,0/3,*,ち[ヨ]うじ,『史記』P.2571
張翼,1349,1349,10000,名詞,固有名詞,人名,一般,*,*,張翼,チョウヨク,チョウヨク,2/4,*,ち[ヨう]よく,『三國志』蜀志：P.1073
張繍,1349,1349,10000,名詞,固有名詞,人名,一般,*,*,張繍,チョウシュウ,チョウシュウ,3/4,*,ち[ヨうし]ユう,『三國志』魏志：P.262:しない:張繡
張紘,1349,1349,10000,名詞,固有名詞,人名,一般,*,*,張紘,チョウコウ,チョウコウ,2/4,*,ち[ヨう]こう,『三國志』呉志：P.1243
張範,1349,1349,10000,名詞,固有名詞,人名,一般,*,*,張範,チョウハン,チョウハン,2/4,*,ち[ヨう]はん,『三國志』魏志：P.336
張祿,1349,1349,10000,名詞,固有名詞,人名,一般,*,*,張祿,チョウロク,チョウロク,2/4,*,ち[ヨう]ろく,『史記』P.2401:しない:張禄:范睢
張燕,1349,1349,10000,名詞,固有名詞,人名,一般,*,*,張燕,チョウエン,チョウエン,1/4,*,ち]ヨうえん,『三國志』魏志：P.261
張湯,1349,1349,10000,名詞,固有名詞,人名,一般,*,*,張湯,チョウトウ,チョウトウ,2/4,*,ち[ヨう]とう,『史記』P.3137
張温,1349,1349,10000,名詞,固有名詞,人名,一般,*,*,張温,チョウオン,チョウオン,1/4,*,ち]ヨうおん,『三國志』呉志：P.1329
張楊,1349,1349,10000,名詞,固有名詞,人名,一般,*,*,張楊,チョウヨウ,チョウヨウ,1/4,*,ち]ヨうよう,『三國志』魏志：P.250
張昭,1349,1349,10000,名詞,固有名詞,人名,一般,*,*,張昭,チョウショウ,チョウショウ,1/4,*,ち]ヨうし[ヨう,『三國志』呉志：P.1219
張既,1349,1349,10000,名詞,固有名詞,人名,一般,*,*,張既,チョウキ,チョウキ,0/3,*,ち[ヨ]うき,『三國志』魏志：P.471
張嶷,1349,1349,10000,名詞,固有名詞,人名,一般,*,*,張嶷,チョウギ,チョウギ,0/3,*,ち[ヨ]うぎ,『三國志』蜀志：P.1051
張叔,1349,1349,10000,名詞,固有名詞,人名,一般,*,*,張叔,チョウシュク,チョウシュク,1/4,*,ち]ヨうし[ユく,『史記』P.2773
張儀,1349,1349,10000,名詞,固有名詞,人名,一般,*,*,張儀,チョウギ,チョウギ,1/3,*,ち]ヨ]うぎ,『史記』P.2279
廣平哀王儼,1349,1349,8000,名詞,固有名詞,人名,一般,*,*,廣平哀王儼,コウヘイアイオウゲン,コウヘイアイオウゲン,8/10,*,こ[うへいあいおう]げん,『三國志』魏志：P.591:しない:曹儼:広平哀王儼
廣宗殤公子棘,1349,1349,8000,名詞,固有名詞,人名,一般,*,*,廣宗殤公子棘,コウソウショクコウシシ,コウソウショクコウシシ,0/10,*,こ[うそうしヨくこうしし,『三國志』魏志：P.588:しない:曹棘:広宗殤公子棘
廖立,1349,1349,10000,名詞,固有名詞,人名,一般,*,*,廖立,リョウリツ,リョウリツ,2/4,*,り[ヨう]りつ,『三國志』蜀志：P.997
廉頗,1349,1349,10000,名詞,固有名詞,人名,一般,*,*,廉頗,レンパ,レンパ,1/3,*,れ]んぱ,『史記』P.2439
平原君,1349,1349,8000,名詞,固有名詞,人名,一般,*,*,平原君,ヘイゲンクン,ヘイゲンクン,4/6,*,へ[いげん]くん,『史記』P.2365:しない:趙勝
常林,1349,1349,10000,名詞,固有名詞,人名,一般,*,*,常林,ジョウリン,ジョウリン,2/4,*,じ[ヨう]りん,『三國志』魏志：P.658
嵇康,1349,1349,10000,名詞,固有名詞,人名,一般,*,*,嵇康,ケイコウ,ケイコウ,0/4,*,け[いこう,『三國志』魏志：P.605
崔琰,1349,1349,10000,名詞,固有名詞,人名,一般,*,*,崔琰,サイエン,サイエン,2/4,*,さ[い]えん,『三國志』魏志：P.367
崔林,1349,1349,10000,名詞,固有名詞,人名,一般,*,*,崔林,サイリン,サイリン,2/4,*,さ[い]りん,『三國志』魏志：P.679
屈原,1349,1349,10000,名詞,固有名詞,人名,一般,*,*,屈原,クツゲン,クツゲン,0/4,*,く[つげん,『史記』P.2481
尹齊,1349,1349,10000,名詞,固有名詞,人名,一般,*,*,尹齊,インセイ,インセイ,2/4,*,い[ん]せい,『史記』P.3148:しない:尹斉
尹默,1349,1349,10000,名詞,固有名詞,人名,一般,*,*,尹默,インモク,インモク,0/4,*,い[んもく,『三國志』蜀志：P.1026
專諸,1349,1349,10000,名詞,固有名詞,人名,一般,*,*,專諸,センショ,センショ,0/3,*,せ[んしヨ,『史記』P.2516
寧成,1349,1349,10000,名詞,固有名詞,人名,一般,*,*,寧成,ネイセイ,ネイセイ,2/4,*,ね[い]せい,『史記』P.3134
宗預,1349,1349,10000,名詞,固有名詞,人名,一般,*,*,宗預,ソウヨ,ソウヨ,1/3,*,そ]うよ,『三國志』蜀志：P.1075
孫韶,1349,1349,10000,名詞,固有名詞,人名,一般,*,*,孫韶,ソンショウ,ソンショウ,2/4,*,そ[んし]ヨう,『三國志』呉志：P.1214
孫靜,1349,1349,10000,名詞,固有名詞,人名,一般,*,*,孫靜,ソンセイ,ソンセイ,2/4,*,そ[ん]せい,『三國志』呉志：P.1205:しない:孫静
孫霸,1349,1349,10000,名詞,固有名詞,人名,一般,*,*,孫霸,ソンハ,ソンハ,0/3,*,そ[んは,『三國志』呉志：P.1371
孫輔,1349,1349,10000,名詞,固有名詞,人名,一般,*,*,孫輔,ソンホ,ソンホ,1/3,*,そ]んほ,『三國志』呉志：P.1211
孫賁,1349,1349,10000,名詞,固有名詞,人名,一般,*,*,孫賁,ソンフン,ソンフン,0/4,*,そ[んふん,『三國志』呉志：P.1209
孫翊,1349,1349,10000,名詞,固有名詞,人名,一般,*,*,孫翊,ソンヨク,ソンヨク,2/4,*,そ[ん]よく,『三國志』呉志：P.1212
孫綝,1349,1349,10000,名詞,固有名詞,人名,一般,*,*,孫綝,ソンリン,ソンリン,0/4,*,そ[んりん,『三國志』呉志：P.1446
孫策,1349,1349,10000,名詞,固有名詞,人名,一般,*,*,孫策,ソンサク,ソンサク,1/4,*,そ]んさく,『三國志』呉志：P.1101
孫禮,1349,1349,10000,名詞,固有名詞,人名,一般,*,*,孫禮,ソンレイ,ソンレイ,2/4,*,そ[ん]れい,『三國志』魏志：P.691:しない:孫礼
孫破虜呉夫人,1349,1349,8000,名詞,固有名詞,人名,一般,*,*,孫破虜呉夫人,ソンハリョゴフジン,ソンハリョゴフジン,6/8,*,そ[んはりヨごふ]じん,『三國志』呉志：P.1195:しない:呉夫人
孫盧,1349,1349,10000,名詞,固有名詞,人名,一般,*,*,孫盧,ソンロ,ソンロ,1/3,*,そ]んろ,『三國志』呉志：P.1367
孫皓滕夫人,1349,1349,8000,名詞,固有名詞,人名,一般,*,*,孫皓滕夫人,ソンコウトウフジン,ソンコウトウフジン,7/9,*,そ[んこうとうふ]じん,『三國志』呉志：P.1202:しない:滕夫人
孫皓,1349,1349,10000,名詞,固有名詞,人名,一般,*,*,孫皓,ソンコウ,ソンコウ,0/4,*,そ[んこう,『三國志』呉志：P.1162:しない:烏程公
孫登,1349,1349,10000,名詞,固有名詞,人名,一般,*,*,孫登,ソントウ,ソントウ,0/4,*,そ[んとう,『三國志』呉志：P.1363
孫權,1349,1349,10000,名詞,固有名詞,人名,一般,*,*,孫權,ソンケン,ソンケン,0/4,*,そ[んけん,『三國志』呉志：P.1115:しない:孫権:呉大帝
孫桓,1349,1349,10000,名詞,固有名詞,人名,一般,*,*,孫桓,ソンカン,ソンカン,2/4,*,そ[ん]かん,『三國志』呉志：P.1217
孫峻,1349,1349,10000,名詞,固有名詞,人名,一般,*,*,孫峻,ソンシュン,ソンシュン,2/4,*,そ[んし]ユん,『三國志』呉志：P.1444
孫子,1349,1349,10000,名詞,固有名詞,人名,一般,*,*,孫子,ソンシ,ソンシ,2/3,*,そ[ん]し,『史記』P.2161
孫奮,1349,1349,10000,名詞,固有名詞,人名,一般,*,*,孫奮,ソンフン,ソンフン,0/4,*,そ[んふん,『三國志』呉志：P.1373
孫堅,1349,1349,10000,名詞,固有名詞,人名,一般,*,*,孫堅,ソンケン,ソンケン,0/4,*,そ[んけん,『三國志』呉志：P.1093
孫和何姫,1349,1349,8000,名詞,固有名詞,人名,一般,*,*,孫和何姫,ソンカカキ,ソンカカキ,0/5,*,そ[んかかき,『三國志』呉志：P.1201:しない:何姫
孫和,1349,1349,10000,名詞,固有名詞,人名,一般,*,*,孫和,ソンワ,ソンワ,1/3,*,そ]んわ,『三國志』呉志：P.1367
孫叔敖,1349,1349,8000,名詞,固有名詞,人名,一般,*,*,孫叔敖,ソンシュクゴウ,ソンシュクゴウ,4/6,*,そ[んしユく]ごう,『史記』P.3099
孫卿子,1349,1349,8000,名詞,固有名詞,人名,一般,*,*,孫卿子,ソンケイシ,ソンケイシ,3/5,*,そ[んけ]いし,『史記』P.2348:しない:荀子:荀況
孫匡,1349,1349,10000,名詞,固有名詞,人名,一般,*,*,孫匡,ソンキョウ,ソンキョウ,2/4,*,そ[んき]ヨう,『三國志』呉志：P.1213
孫休朱夫人,1349,1349,8000,名詞,固有名詞,人名,一般,*,*,孫休朱夫人,ソンキュウシュフジン,ソンキュウシュフジン,5/8,*,そ[んきユうしユふ]じん,『三國志』呉志：P.1200:しない:朱夫人
孫休,1349,1349,10000,名詞,固有名詞,人名,一般,*,*,孫休,ソンキュウ,ソンキュウ,2/4,*,そ[んき]ユう,『三國志』呉志：P.1155:しない:景帝
孫亮全夫人,1349,1349,8000,名詞,固有名詞,人名,一般,*,*,孫亮全夫人,ソンリョウゼンフジン,ソンリョウゼンフジン,7/9,*,そ[んりヨうぜんふ]じん,『三國志』呉志：P.1200:しない:全夫人
孫亮,1349,1349,10000,名詞,固有名詞,人名,一般,*,*,孫亮,ソンリョウ,ソンリョウ,2/4,*,そ[んり]ヨう,『三國志』呉志：P.1151:しない:會稽王:廢帝
孫乾,1349,1349,10000,名詞,固有名詞,人名,一般,*,*,孫乾,ソンカン,ソンカン,0/4,*,そ[んかん,『三國志』蜀志：P.970
季布,1349,1349,10000,名詞,固有名詞,人名,一般,*,*,季布,キフ,キフ,1/2,*,き]ふ,『史記』P.2729
孟軻,1349,1349,10000,名詞,固有名詞,人名,一般,*,*,孟軻,モウカ,モウカ,1/3,*,も]うか,『史記』P.2343:しない:孟子
孟子,1349,1349,10000,名詞,固有名詞,人名,一般,*,*,孟子,モウシ,モウシ,0/3,*,も[うし,『史記』P.2343:しない:孟軻
孟嘗君,1349,1349,8000,名詞,固有名詞,人名,一般,*,*,孟嘗君,モウショウクン,モウショウクン,4/6,*,も[うしヨう]くん,『史記』P.2351
孟光,1349,1349,10000,名詞,固有名詞,人名,一般,*,*,孟光,モウコウ,モウコウ,2/4,*,も[う]こう,『三國志』蜀志：P.1023
孔安國,1349,1349,8000,名詞,固有名詞,人名,一般,*,*,孔安國,コウアンコク,コウアンコク,4/6,*,こ[うあん]こく,『史記』P.3122
子産,1349,1349,10000,名詞,固有名詞,人名,一般,*,*,子産,シサン,シサン,0/3,*,し[さん,『史記』P.3101:しない:公孫僑
姜維,1349,1349,10000,名詞,固有名詞,人名,一般,*,*,姜維,キョウイ,キョウイ,0/3,*,き[ヨ]うい,『三國志』蜀志：P.1062
太史慈,1349,1349,8000,名詞,固有名詞,人名,一般,*,*,太史慈,タイシジ,タイシジ,2/4,*,た[い]しじ,『三國志』呉志：P.1186
太倉公,1349,1349,8000,名詞,固有名詞,人名,一般,*,*,太倉公,タイソウコウ,タイソウコウ,4/6,*,た[いそう]こう,『史記』P.2794
夏侯淵,1349,1349,8000,名詞,固有名詞,人名,一般,*,*,夏侯淵,カコウエン,カコウエン,3/5,*,か[こう]えん,『三國志』魏志：P.270
夏侯惇,1349,1349,8000,名詞,固有名詞,人名,一般,*,*,夏侯惇,カコウトン,カコウトン,3/5,*,か[こう]とん,『三國志』魏志：P.267
夏侯尚,1349,1349,8000,名詞,固有名詞,人名,一般,*,*,夏侯尚,カコウショウ,カコウショウ,1/5,*,か]こうし]ヨう,『三國志』魏志：P.293
夏侯嬰,1349,1349,8000,名詞,固有名詞,人名,一般,*,*,夏侯嬰,カコウエイ,カコウエイ,3/5,*,か[こう]えい,『史記』P.2663
士燮,1349,1349,10000,名詞,固有名詞,人名,一般,*,*,士燮,シショウ,シショウ,1/3,*,し[し]ヨう,『三國志』呉志：P.1191
墨翟,1349,1349,10000,名詞,固有名詞,人名,一般,*,*,墨翟,ボクテキ,ボクテキ,2/4,*,ぼ[く]てき,『史記』P.2350:しない:墨子
墨子,1349,1349,10000,名詞,固有名詞,人名,一般,*,*,墨子,ボクシ,ボクシ,1/3,*,ぼ]くし,『史記』P.2350:しない:墨翟
國淵,1349,1349,10000,名詞,固有名詞,人名,一般,*,*,國淵,コクエン,コクエン,0/4,*,こ[くえん,『三國志』魏志：P.339:しない:国淵
嚴峻,1349,1349,10000,名詞,固有名詞,人名,一般,*,*,嚴峻,ゲンシュン,ゲンシュン,2/4,*,げ[んし]ユん,『三國志』呉志：P.1247:しない:厳峻
商鞅,1349,1349,10000,名詞,固有名詞,人名,一般,*,*,商鞅,ショウオウ,ショウオウ,0/4,*,し[ヨうおう,『史記』P.2227:しない:商君
商君,1349,1349,10000,名詞,固有名詞,人名,一般,*,*,商君,ショウクン,ショウクン,2/4,*,し[ヨう]くん,『史記』P.2227:しない:商鞅
和洽,1349,1349,10000,名詞,固有名詞,人名,一般,*,*,和洽,ワコウ,ワコウ,1/3,*,わ]こう,『三國志』魏志：P.655
周魴,1349,1349,10000,名詞,固有名詞,人名,一般,*,*,周魴,シュウホウ,シュウホウ,1/4,*,し]ユう]ほう,『三國志』呉志：P.1387
周陽由,1349,1349,8000,名詞,固有名詞,人名,一般,*,*,周陽由,シュヨウユウ,シュヨウユウ,1/5,*,し]ユよう[ゆう,『史記』P.3135
周群,1349,1349,10000,名詞,固有名詞,人名,一般,*,*,周群,シュウグン,シュウグン,2/4,*,し[ユう]ぐん,『三國志』蜀志：P.1020:しない:周羣
周緤,1349,1349,10000,名詞,固有名詞,人名,一般,*,*,周緤,シュウセツ,シュウセツ,1/4,*,し]ユう]せつ,『史記』P.2711
周瑜,1349,1349,10000,名詞,固有名詞,人名,一般,*,*,周瑜,シュウユ,シュウユ,1/3,*,し]ユうゆ,『三國志』呉志：P.1259
周泰,1349,1349,10000,名詞,固有名詞,人名,一般,*,*,周泰,シュウタイ,シュウタイ,2/4,*,し[ユう]たい,『三國志』呉志：P.1287
周文,1349,1349,10000,名詞,固有名詞,人名,一般,*,*,周文,シュウブン,シュウブン,1/4,*,し]ユうぶん,『史記』P.2771
周宣,1349,1349,10000,名詞,固有名詞,人名,一般,*,*,周宣,シュウセン,シュウセン,2/4,*,し[ユう]せん,『三國志』魏志：P.810
周勃,1349,1349,10000,名詞,固有名詞,人名,一般,*,*,周勃,シュウボツ,シュウボツ,1/4,*,し]ユうぼつ,『史記』P.2065:しない:絳侯
周亞夫,1349,1349,8000,名詞,固有名詞,人名,一般,*,*,周亞夫,シュウアフ,シュウアフ,0/4,*,し[ユう[あふ,『史記』P.2073:しない:周亜夫:條侯
呉起,1349,1349,10000,名詞,固有名詞,人名,一般,*,*,呉起,ゴキ,ゴキ,1/2,*,ご]き,『史記』P.2165
呉質,1349,1349,10000,名詞,固有名詞,人名,一般,*,*,呉質,ゴシツ,ゴシツ,1/3,*,ご]しつ,『三國志』魏志：P.607
呉範,1349,1349,10000,名詞,固有名詞,人名,一般,*,*,呉範,ゴハン,ゴハン,1/3,*,ご]はん,『三國志』呉志：P.1421
呉王濞,1349,1349,8000,名詞,固有名詞,人名,一般,*,*,呉王濞,ゴオウビ,ゴオウビ,2/4,*,ご[お]うび,『史記』P.2821:しない:劉濞
呉主權謝夫人,1349,1349,8000,名詞,固有名詞,人名,一般,*,*,呉主權謝夫人,ゴシュケンシャフジン,ゴシュケンシャフジン,5/8,*,ご[しユけんしヤふ]じん,『三國志』呉志：P.1196:しない:謝夫人
呉主權,1349,1349,8500,名詞,固有名詞,人名,一般,*,*,呉主權,ゴシュケン,ゴシュケン,1/4,*,ご[しユ]けん,『三國志』呉志：P.1115:しない:呉主権:呉大帝
呂雉,1349,1349,10000,名詞,固有名詞,人名,一般,*,*,呂雉,リョチ,リョチ,0/2,*,り[ヨち,『史記』P.395:しない:呂后
呂虔,1349,1349,10000,名詞,固有名詞,人名,一般,*,*,呂虔,リョケン,リョケン,0/3,*,り[ヨ]けん,『三國志』魏志：P.540
呂蒙,1349,1349,10000,名詞,固有名詞,人名,一般,*,*,呂蒙,リョモウ,リョモウ,0/3,*,り[ヨ]もう,『三國志』呉志：P.1273
呂範,1349,1349,10000,名詞,固有名詞,人名,一般,*,*,呂範,リョハン,リョハン,0/3,*,り[ヨ]はん,『三國志』呉志：P.1309
呂布,1349,1349,10000,名詞,固有名詞,人名,一般,*,*,呂布,リョフ,リョフ,1/2,*,り]ヨふ,『三國志』魏志：P.219
呂岱,1349,1349,10000,名詞,固有名詞,人名,一般,*,*,呂岱,リョタイ,リョタイ,0/3,*,り[ヨ]たい,『三國志』呉志：P.1383
呂后,1349,1349,10000,名詞,固有名詞,人名,一般,*,*,呂后,リョコウ,リョコウ,0/3,*,り[ヨ]こう,『史記』P.395:しない:呂雉
呂凱,1349,1349,10000,名詞,固有名詞,人名,一般,*,*,呂凱,リョガイ,リョガイ,0/3,*,り[ヨ]がい,『三國志』蜀志：P.1046
呂乂,1349,1349,10000,名詞,固有名詞,人名,一般,*,*,呂乂,リョガイ,リョガイ,0/3,*,り[ヨ]がい,『三國志』蜀志：P.988
呂不韋,1349,1349,8000,名詞,固有名詞,人名,一般,*,*,呂不韋,リョフイ,リョフイ,0/3,*,り[ヨ]ふい,『史記』P.2505
吾粲,1349,1349,10000,名詞,固有名詞,人名,一般,*,*,吾粲,ゴサン,ゴサン,0/3,*,ご[さん,『三國志』呉志：P.1339
向朗,1349,1349,10000,名詞,固有名詞,人名,一般,*,*,向朗,ショウロウ,ショウロウ,2/4,*,し[ヨう]ろう,『三國志』蜀志：P.1010
司馬遷,1349,1349,8000,名詞,固有名詞,人名,一般,*,*,司馬遷,シバセン,シバセン,2/4,*,し[ば]せん,『史記』P.3285
司馬芝,1349,1349,8000,名詞,固有名詞,人名,一般,*,*,司馬芝,シバシ,シバシ,0/3,*,し[ばし,『三國志』魏志：P.386
司馬穰苴,1349,1349,8000,名詞,固有名詞,人名,一般,*,*,司馬穰苴,シバジョウショ,シバジョウショ,4/5,*,し[ばじヨう]しヨ,『史記』P.2157
司馬朗,1349,1349,8000,名詞,固有名詞,人名,一般,*,*,司馬朗,シバロウ,シバロウ,2/4,*,し[ば]ろう,『三國志』魏志：P.465
叔齊,1349,1349,10000,名詞,固有名詞,人名,一般,*,*,叔齊,シュクセイ,シュクセイ,1/4,*,し]ユくせい,『史記』P.2121:しない:叔斉
叔孫通,1349,1349,8000,名詞,固有名詞,人名,一般,*,*,叔孫通,シュクソントウ,シュクソントウ,1/6,*,し]ユくそん]とう,『史記』P.2720
卷一百一十七,1349,1349,8000,名詞,固有名詞,人名,一般,*,*,卷一百一十七,シバソウジョ,シバソウジョ,0/5,*,し[ばそうじ]ヨ,『史記』P.2999
北海悼王蕤,1349,1349,8000,名詞,固有名詞,人名,一般,*,*,北海悼王蕤,ホッカイトウヨウズイ,ホッカイトウヨウズイ,8/10,*,ほ[っかいとうよう]ずい,『三國志』魏志：P.590:しない:曹蕤
劉馥,1349,1349,10000,名詞,固有名詞,人名,一般,*,*,劉馥,リュウフク,リュウフク,2/4,*,り[ユう]ふく,『三國志』魏志：P.463
劉餘,1349,1349,10000,名詞,固有名詞,人名,一般,*,*,劉餘,リュウヨ,リュウヨ,0/3,*,り[ユうよ,『史記』P.2095:しない:魯恭王:劉余
劉非,1349,1349,10000,名詞,固有名詞,人名,一般,*,*,劉非,リュウヒ,リュウヒ,0/3,*,り[ユうひ,『史記』P.2096:しない:江都易王
劉閼于,1349,1349,8000,名詞,固有名詞,人名,一般,*,*,劉閼于,リュウアツウ,リュウアツウ,3/5,*,り[ユうあ]つう,『史記』P.2094:しない:臨江哀王
劉長,1349,1349,10000,名詞,固有名詞,人名,一般,*,*,劉長,リュウチョウ,リュウチョウ,3/4,*,り[ユうち]ヨう,『史記』P.3075:しない:淮南厲王
劉邦,1349,1349,10000,名詞,固有名詞,人名,一般,*,*,劉邦,リュウホウ,リュウホウ,1/4,*,り]ユうほう,『史記』P.341:しない:前漢高祖
劉越,1349,1349,10000,名詞,固有名詞,人名,一般,*,*,劉越,リュウエツ,リュウエツ,2/4,*,り[ユう]えつ,『史記』P.2101:しない:廣川惠王
劉賈,1349,1349,10000,名詞,固有名詞,人名,一般,*,*,劉賈,リュウカ,リュウカ,0/3,*,り[ユ]うか,『史記』P.1993:しない:荊王
劉表,1349,1349,10000,名詞,固有名詞,人名,一般,*,*,劉表,リュウヒョウ,リュウヒョウ,1/4,*,り]ユうひ]ヨう,『三國志』魏志：P.210
劉舜,1349,1349,10000,名詞,固有名詞,人名,一般,*,*,劉舜,リュウシュン,リュウシュン,3/4,*,り[ユうし]ユん,『史記』P.2102:しない:常山憲王
劉肥,1349,1349,10000,名詞,固有名詞,人名,一般,*,*,劉肥,リュウヒ,リュウヒ,0/3,*,り[ユ]うひ,『史記』P.1999:しない:齊悼惠王
劉繇,1349,1349,10000,名詞,固有名詞,人名,一般,*,*,劉繇,リュウヨウ,リュウヨウ,1/4,*,り]ユうよう,『三國志』呉志：P.1183
劉端,1349,1349,10000,名詞,固有名詞,人名,一般,*,*,劉端,リュウタン,リュウタン,2/4,*,り[ユう]たん,『史記』P.2097:しない:膠西于王
劉禪,1349,1349,10000,名詞,固有名詞,人名,一般,*,*,劉禪,リュウゼン,リュウゼン,2/4,*,り[ユう]ぜん,『三國志』蜀志：P.893:しない:蜀後主:劉禅
劉盈,1349,1349,10000,名詞,固有名詞,人名,一般,*,*,劉盈,リュウエイ,リュウエイ,1/4,*,り]ユうえい,『史記』P.395:しない:前漢惠帝
劉發,1349,1349,10000,名詞,固有名詞,人名,一般,*,*,劉發,リュウハツ,リュウハツ,2/4,*,り[ユう]はつ,『史記』P.2100:しない:長沙定王:劉発
劉璿,1349,1349,10000,名詞,固有名詞,人名,一般,*,*,劉璿,コウシュタイシエイ,コウシュタイシエイ,6/8,*,こ[うしユたいし]えい,『三國志』蜀志：P.908:しない:後主太子璿
劉璋,1349,1349,10000,名詞,固有名詞,人名,一般,*,*,劉璋,リュウショウ,リュウショウ,1/4,*,り]ユうし[ヨう,『三國志』蜀志：P.868
劉琰,1349,1349,10000,名詞,固有名詞,人名,一般,*,*,劉琰,リュウエン,リュウエン,2/4,*,り[ユう]えん,『三國志』蜀志：P.1001
劉理,1349,1349,10000,名詞,固有名詞,人名,一般,*,*,劉理,リュウリ,リュウリ,0/3,*,り[ユ]うり,『三國志』蜀志：P.908
劉焉,1349,1349,10000,名詞,固有名詞,人名,一般,*,*,劉焉,リュウエン,リュウエン,1/4,*,り]ユうえん,『三國志』蜀志：P.865
劉濞,1349,1349,10000,名詞,固有名詞,人名,一般,*,*,劉濞,リュウビ,リュウビ,0/3,*,り[ユうび,『史記』P.2821:しない:呉王
劉澤,1349,1349,10000,名詞,固有名詞,人名,一般,*,*,劉澤,リュウタク,リュウタク,2/4,*,り[ユう]たく,『史記』P.1995:しない:燕王:劉沢
劉永,1349,1349,10000,名詞,固有名詞,人名,一般,*,*,劉永,リュウエイ,リュウエイ,2/4,*,り[ユう]えい,『三國志』蜀志：P.907
劉武,1349,1349,10000,名詞,固有名詞,人名,一般,*,*,劉武,リュウブ,リュウブ,0/3,*,り[ユうぶ,『史記』P.2081:しない:梁孝王
劉榮,1349,1349,10000,名詞,固有名詞,人名,一般,*,*,劉榮,リュウエイ,リュウエイ,1/4,*,り]ユうえい,『史記』P.2094:しない:臨江閔王:劉栄
劉楨,1349,1349,10000,名詞,固有名詞,人名,一般,*,*,劉楨,リュウテイ,リュウテイ,2/4,*,り[ユう]てい,『三國志』魏志：P.599
劉曄,1349,1349,10000,名詞,固有名詞,人名,一般,*,*,劉曄,リュウヨウ,リュウヨウ,2/4,*,り[ユう]よう,『三國志』魏志：P.442
劉敬,1349,1349,10000,名詞,固有名詞,人名,一般,*,*,劉敬,リュウケイ,リュウケイ,2/4,*,り[ユう]けい,『史記』P.2715
劉放,1349,1349,10000,名詞,固有名詞,人名,一般,*,*,劉放,リュウホウ,リュウホウ,1/4,*,り]ユうほう,『三國志』魏志：P.456
劉慶,1349,1349,10000,名詞,固有名詞,人名,一般,*,*,劉慶,リュウケイ,リュウケイ,2/4,*,り[ユう]けい,『史記』P.2102:しない:六安共王
劉惇,1349,1349,10000,名詞,固有名詞,人名,一般,*,*,劉惇,リュウトン,リュウトン,2/4,*,り[ユう]とん,『三國志』呉志：P.1423
劉恆,1349,1349,10000,名詞,固有名詞,人名,一般,*,*,劉恆,リュウコウ,リュウコウ,2/4,*,り[ユう]こう,『史記』P.413:しない:前漢文帝
劉徹,1349,1349,10000,名詞,固有名詞,人名,一般,*,*,劉徹,リュウテツ,リュウテツ,2/4,*,り[ユう]てつ,『史記』P.451:しない:前漢武帝
劉徳,1349,1349,10000,名詞,固有名詞,人名,一般,*,*,劉徳,リュウトク,リュウトク,2/4,*,り[ユう]とく,『史記』P.2093:しない:河間獻王
劉彭祖,1349,1349,8000,名詞,固有名詞,人名,一般,*,*,劉彭祖,リュウホウソ,リュウホウソ,3/5,*,り[ユうほ]うそ,『史記』P.2098:しない:趙敬肅王
劉廙,1349,1349,10000,名詞,固有名詞,人名,一般,*,*,劉廙,リュウヨク,リュウヨク,2/4,*,り[ユう]よく,『三國志』魏志：P.613
劉巴,1349,1349,10000,名詞,固有名詞,人名,一般,*,*,劉巴,リュウハ,リュウハ,1/3,*,り]ユうは,『三國志』蜀志：P.980
劉封,1349,1349,10000,名詞,固有名詞,人名,一般,*,*,劉封,リュウホウ,リュウホウ,1/4,*,り]ユうほう,『三國志』蜀志：P.991
劉寄,1349,1349,10000,名詞,固有名詞,人名,一般,*,*,劉寄,リュウキ,リュウキ,0/3,*,り[ユうき,『史記』P.2101:しない:膠東康王
劉啓,1349,1349,10000,名詞,固有名詞,人名,一般,*,*,劉啓,リュウケイ,リュウケイ,2/4,*,り[ユう]けい,『史記』P.439:しない:前漢景帝
劉勝,1349,1349,10000,名詞,固有名詞,人名,一般,*,*,劉勝,リュウショウ,リュウショウ,1/4,*,り]ユうし[ヨう,『史記』P.2099:しない:中山靖王
劉勃,1349,1349,10000,名詞,固有名詞,人名,一般,*,*,劉勃,リュウボツ,リュウボツ,2/4,*,り[ユう]ぼつ,『史記』P.3075:しない:衡山王
劉劭,1349,1349,10000,名詞,固有名詞,人名,一般,*,*,劉劭,リュウショウ,リュウショウ,3/4,*,り[ユうし]ヨう,『三國志』魏志：P.617
劉備,1349,1349,10000,名詞,固有名詞,人名,一般,*,*,劉備,リュウビ,リュウビ,1/3,*,り]ユうび,『三國志』蜀志：P.871:しない:蜀先主:蜀昭烈帝
劉交,1349,1349,10000,名詞,固有名詞,人名,一般,*,*,劉交,リュウコウ,リュウコウ,2/4,*,り[ユう]こう,『史記』P.1987:しない:楚元王
劉乘,1349,1349,10000,名詞,固有名詞,人名,一般,*,*,劉乘,リュウジョウ,リュウジョウ,3/4,*,り[ユうじ]ヨう,『史記』P.2102:しない:清河哀王:劉乗
劇孟,1349,1349,10000,名詞,固有名詞,人名,一般,*,*,劇孟,ゲキモウ,ゲキモウ,2/4,*,げ[き]もう,『史記』P.3184
剛殤公子勤,1349,1349,8000,名詞,固有名詞,人名,一般,*,*,剛殤公子勤,ゴウショクコウシキン,ゴウショクコウシキン,7/9,*,ご[うしヨくこうし]きん,『三國志』魏志：P.588:しない:曹勤
典韋,1349,1349,10000,名詞,固有名詞,人名,一般,*,*,典韋,テンイ,テンイ,1/3,*,て]んい,『三國志』魏志：P.543
公孫瓚,1349,1349,8000,名詞,固有名詞,人名,一般,*,*,公孫瓚,コウソンサン,コウソンサン,0/6,*,こ[うそん[さん,『三國志』魏志：P.239
公孫淵,1349,1349,8000,名詞,固有名詞,人名,一般,*,*,公孫淵,コウソンエン,コウソンエン,0/6,*,こ[うそん[えん,『三國志』魏志：P.253
公孫恭,1349,1349,8000,名詞,固有名詞,人名,一般,*,*,公孫恭,コウソンキョウ,コウソンキョウ,1/6,*,こ]うそん[き]ヨう,『三國志』魏志：P.253
公孫弘,1349,1349,8000,名詞,固有名詞,人名,一般,*,*,公孫弘,コウソンコウ,コウソンコウ,4/6,*,こ[うそん]こう,『史記』P.2949
公孫康,1349,1349,8000,名詞,固有名詞,人名,一般,*,*,公孫康,コウソンコウ,コウソンコウ,0/6,*,こ[うそん[こう,『三國志』魏志：P.253
公孫度,1349,1349,8000,名詞,固有名詞,人名,一般,*,*,公孫度,コウソンタク,コウソンタク,4/6,*,こ[うそん]たく,『三國志』魏志：P.252
公孫僑,1349,1349,8000,名詞,固有名詞,人名,一般,*,*,公孫僑,コウソンキョウ,コウソンキョウ,4/6,*,こ[うそんき]ヨう,『史記』P.3101:しない:子産
全琮,1349,1349,10000,名詞,固有名詞,人名,一般,*,*,全琮,ゼンソウ,ゼンソウ,0/4,*,ぜ[んそう,『三國志』呉志：P.1381
先主穆后,1349,1349,8000,名詞,固有名詞,人名,一般,*,*,先主穆后,センシュボクコウ,センシュボクコウ,5/7,*,せ[んしユぼく]こう,『三國志』蜀志：P.906:しない:穆皇后
先主甘后,1349,1349,8000,名詞,固有名詞,人名,一般,*,*,先主甘后,センシュカンコウ,センシュカンコウ,6/7,*,せ[んしユ[かん]こう,『三國志』蜀志：P.905:しない:甘皇后
先主備,1349,1349,8000,名詞,固有名詞,人名,一般,*,*,先主備,センシュビ,センシュビ,2/4,*,せ[んし]ユび,『三國志』蜀志：P.871:しない:劉備:蜀昭烈帝
元城哀王禮,1349,1349,8000,名詞,固有名詞,人名,一般,*,*,元城哀王禮,ゲンジョウアイオウレイ,ゲンジョウアイオウレイ,8/10,*,げ[んじヨうあいおう]れい,『三國志』魏志：P.591:しない:曹禮:元城哀王礼:曹礼
優旃,1349,1349,10000,名詞,固有名詞,人名,一般,*,*,優旃,ユウセン,ユウセン,2/4,*,ゆ[う]せん,『史記』P.3202
優孟,1349,1349,10000,名詞,固有名詞,人名,一般,*,*,優孟,ユウモウ,ユウモウ,0/4,*,ゆ[うもう,『史記』P.3200
傅寬,1349,1349,10000,名詞,固有名詞,人名,一般,*,*,傅寬,フカン,フカン,1/3,*,ふ]かん,『史記』P.2707
傅嘏,1349,1349,10000,名詞,固有名詞,人名,一般,*,*,傅嘏,フカ,フカ,1/2,*,ふ]か,『三國志』魏志：P.622
倉慈,1349,1349,10000,名詞,固有名詞,人名,一般,*,*,倉慈,ソウジ,ソウジ,0/3,*,そ[うじ,『三國志』魏志：P.512
信陵君,1349,1349,8000,名詞,固有名詞,人名,一般,*,*,信陵君,シンリョウクン,シンリョウクン,2/6,*,し[んり]ヨうくん,『史記』P.2377:しない:魏無忌:魏毋忌
來敏,1349,1349,10000,名詞,固有名詞,人名,一般,*,*,來敏,ライビン,ライビン,0/4,*,ら[いびん,『三國志』蜀志：P.1025
何夔,1349,1349,10000,名詞,固有名詞,人名,一般,*,*,何夔,カキ,カキ,1/2,*,か]き,『三國志』魏志：P.378
伯夷,1349,1349,10000,名詞,固有名詞,人名,一般,*,*,伯夷,ハクイ,ハクイ,1/3,*,は]くい,『史記』P.2121
伏生,1349,1349,10000,名詞,固有名詞,人名,一般,*,*,伏生,フクセイ,フクセイ,2/4,*,ふ[く]せい,『史記』P.3124:しない:伏勝
伏勝,1349,1349,10000,名詞,固有名詞,人名,一般,*,*,伏勝,フクショウ,フクショウ,2/4,*,ふ[くし]ヨう,『史記』P.3124:しない:伏生
伍子胥,1349,1349,8000,名詞,固有名詞,人名,一般,*,*,伍子胥,ゴシショ,ゴシショ,2/3,*,ご[し]しヨ,『史記』P.2171:しない:伍員
伍員,1349,1349,10000,名詞,固有名詞,人名,一般,*,*,伍員,ゴウン,ゴウン,0/3,*,ご[うん,『史記』P.2171:しない:伍子胥
伊籍,1349,1349,10000,名詞,固有名詞,人名,一般,*,*,伊籍,イセキ,イセキ,1/3,*,い]せき,『三國志』蜀志：P.971
任峻,1349,1349,10000,名詞,固有名詞,人名,一般,*,*,任峻,ジンシュン,ジンシュン,2/4,*,じ[んし]ユん,『三國志』魏志：P.489
任城威王彰,1349,1349,8000,名詞,固有名詞,人名,一般,*,*,任城威王彰,ジンジョウオウショウ,ジンジョウオウショウ,7/8,*,じ[んじヨうおうし]ヨう,『三國志』魏志：P.555:しない:曹彰
于禁,1349,1349,10000,名詞,固有名詞,人名,一般,*,*,于禁,ウキン,ウキン,1/3,*,う]きん,『三國志』魏志：P.522
中山靖王,1349,1349,8000,名詞,固有名詞,人名,一般,*,*,中山靖王,リュウショウ,リュウショウ,3/4,*,り[ユうし]ヨう,『史記』P.2099:しない:劉勝
中山恭王袞,1349,1349,8000,名詞,固有名詞,人名,一般,*,*,中山恭王袞,チュウザンキョウオウコン,チュウザンキョウオウコン,8/10,*,ち[ユうざんきヨうおう]こん,『三國志』魏志：P.583:しない:曹袞
丁奉,1349,1349,10000,名詞,固有名詞,人名,一般,*,*,丁奉,テイホウ,テイホウ,0/4,*,て[いほう,『三國志』呉志：P.1300