をの,1351,1351,10000,名詞,固有名詞,人名,名,*,*,をの,ヲノ,ヲノ,1/2,*,を]の
ゑけり,1345,1345,8000,名詞,一般,*,*,*,*,ゑけり,エケリ,エケリ,0/3,*,え[けり
わろ,1345,1345,10000,名詞,一般,*,*,*,*,わろ,ワロ,ワロ,1/2,*,わ]ろ
わだあきこ,1349,1349,8000,名詞,固有名詞,人名,一般,*,*,わだあきこ,ワダアキコ,ワダアキコ,3/5,*,わ[だあ]きこ
わたなべさん,1350,1350,8000,名詞,固有名詞,人名,姓,*,*,わたなべさん,ワタナベサン,ワタナベサン,0/6,*,わ[たなべさん
わしゃあ,1345,1345,8000,名詞,一般,*,*,*,*,わしゃあ,ワシャア,ワシャア,1/3,*,わ[し]ヤあ
わきざか,1350,1350,8000,名詞,固有名詞,人名,姓,*,*,わきざか,ワキザカ,ワキザカ,0/4,*,わ[きざか
わかめちゃん,1351,1351,8000,名詞,固有名詞,人名,名,*,*,わかめちゃん,ワカメチャン,ワカメチャン,3/5,*,わ[かめち]ヤん
わか,1353,1353,10000,名詞,固有名詞,地域,一般,*,*,わか,ワカ,ワカ,1/2,*,わ]か
わいがや,1345,1345,8000,名詞,一般,*,*,*,*,わいがや,ワイガヤ,ワイガヤ,0/4,*,わ[いがや
ろれんそ,1349,1349,8000,名詞,固有名詞,人名,一般,*,*,ろれんそ,ロレンソ,ロレンソ,0/4,*,ろ[れんそ
ろっこう,1353,1353,8000,名詞,固有名詞,地域,一般,*,*,ろっこう,ロッコウ,ロッコウ,1/4,*,ろ]っこう
ろくぶて,1345,1345,8000,名詞,一般,*,*,*,*,ろくぶて,ロクブテ,ロクブテ,0/4,*,ろ[くぶて
れな,1351,1351,10000,名詞,固有名詞,人名,名,*,*,れな,レナ,レナ,1/2,*,れ]な
れこ,1345,1345,10000,名詞,一般,*,*,*,*,れこ,レコ,レコ,1/2,*,れ]こ
れいちん,1351,1351,8000,名詞,固有名詞,人名,名,*,*,れいちん,レイチン,レイチン,2/4,*,れ[い]ちん
れいちゃん,1351,1351,8000,名詞,固有名詞,人名,名,*,*,れいちゃん,レイチャン,レイチャン,2/4,*,れ[いち]ヤん
れいこさん,1351,1351,8000,名詞,固有名詞,人名,名,*,*,れいこさん,レイコサン,レイコサン,3/5,*,れ[いこ]さん
れい,1351,1351,10000,名詞,固有名詞,人名,名,*,*,れい,レイ,レイ,1/2,*,れ]い
るーく,1349,1349,8000,名詞,固有名詞,人名,一般,*,*,るーく,ルーク,ルーク,1/3,*,る]ーく
るちや,1349,1349,8000,名詞,固有名詞,人名,一般,*,*,るちや,ルチヤ,ルチヤ,1/3,*,る]ちや
るちあ,1349,1349,8000,名詞,固有名詞,人名,一般,*,*,るちあ,ルチア,ルチア,0/3,*,る[ちあ
るさん,1345,1345,8000,名詞,一般,*,*,*,*,るさん,ルサン,ルサン,0/3,*,る[さん
るいちん,1351,1351,8000,名詞,固有名詞,人名,名,*,*,るいちん,ルイチン,ルイチン,2/4,*,る[い]ちん
りんぼう,1349,1349,8000,名詞,固有名詞,人名,一般,*,*,りんぼう,リンボウ,リンボウ,0/4,*,り[んぼう
りょくけん,1348,1348,8000,名詞,固有名詞,一般,*,*,*,りょくけん,リョクケン,リョクケン,0/4,*,り[ヨくけん
りょうま,1351,1351,8000,名詞,固有名詞,人名,名,*,*,りょうま,リョウマ,リョウマ,0/3,*,り[ヨ]うま
りょうこ,1351,1351,8000,名詞,固有名詞,人名,名,*,*,りょうこ,リョウコ,リョウコ,0/3,*,り[ヨ]うこ
りゅうま,1351,1351,8000,名詞,固有名詞,人名,名,*,*,りゅうま,リュウマ,リュウマ,0/3,*,り[ユうま
りゅうた,1351,1351,8000,名詞,固有名詞,人名,名,*,*,りゅうた,リュウタ,リュウタ,0/3,*,り[ユうた
りゅうきゅう,1353,1353,8000,名詞,固有名詞,地域,一般,*,*,りゅうきゅう,リュウキュウ,リュウキュウ,3/4,*,り[ユうきユ]う
りなちゃん,1351,1351,8000,名詞,固有名詞,人名,名,*,*,りなちゃん,リナチャン,リナチャン,2/4,*,り[なち]ヤん
りさこ,1351,1351,8000,名詞,固有名詞,人名,名,*,*,りさこ,リサコ,リサコ,1/3,*,り]さこ
りこちゃん,1345,1345,8000,名詞,一般,*,*,*,*,りこちゃん,リコチャン,リコチャン,2/4,*,り[こち]ヤん
りかこちゃん,1351,1351,8000,名詞,固有名詞,人名,名,*,*,りかこちゃん,リカコチャン,リカコチャン,3/5,*,り[かこち]ヤん
りおんちゃん,1351,1351,8000,名詞,固有名詞,人名,名,*,*,りおんちゃん,リオンチャン,リオンチャン,3/5,*,り[おんち]ヤん
りえちゃん,1351,1351,8000,名詞,固有名詞,人名,名,*,*,りえちゃん,リエチャン,リエチャン,2/4,*,り[えち]ヤん
りえさん,1351,1351,8000,名詞,固有名詞,人名,名,*,*,りえさん,リエサン,リエサン,2/4,*,り[え]さん
りいふく,1349,1349,8000,名詞,固有名詞,人名,一般,*,*,りいふく,リイフク,リイフク,2/4,*,り[い]ふく
りいさん,1351,1351,8000,名詞,固有名詞,人名,名,*,*,りいさん,リイサン,リイサン,2/4,*,り[い]さん
よーすけ,1351,1351,8000,名詞,固有名詞,人名,名,*,*,よーすけ,ヨウスケ,ヨウスケ,1/4,*,よ]うすけ
よろう,1351,1351,8000,名詞,固有名詞,人名,名,*,*,よろう,ヨロウ,ヨロウ,1/3,*,よ]ろう
よりさん,1351,1351,8000,名詞,固有名詞,人名,名,*,*,よりさん,ヨリサン,ヨリサン,2/4,*,よ[り]さん
よねぼ,1345,1345,8000,名詞,一般,*,*,*,*,よねぼ,ヨネボ,ヨネボ,0/3,*,よ[ねぼ
よで,1345,1345,10000,名詞,一般,*,*,*,*,よで,ヨデ,ヨデ,1/2,*,よ]で
よっちん,1349,1349,8000,名詞,固有名詞,人名,一般,*,*,よっちん,ヨッチン,ヨッチン,1/4,*,よ]っちん
よっしん,1349,1349,8000,名詞,固有名詞,人名,一般,*,*,よっしん,ヨッシン,ヨッシン,1/4,*,よ]っしん
よちよちさん,1345,1345,8000,名詞,一般,*,*,*,*,よちよちさん,ヨチヨチサン,ヨチヨチサン,1/6,*,よ]ちよちさん
よしりん,1349,1349,8000,名詞,固有名詞,人名,一般,*,*,よしりん,ヨシリン,ヨシリン,1/4,*,よ]しりん
よしゆき,1351,1351,8000,名詞,固有名詞,人名,名,*,*,よしゆき,ヨシユキ,ヨシユキ,0/4,*,よ[しゆき
よしもとばなな,1349,1349,8000,名詞,固有名詞,人名,一般,*,*,よしもとばなな,ヨシモトバナナ,ヨシモトバナナ,5/7,*,よ[しもとば]なな
よしひろ,1351,1351,8000,名詞,固有名詞,人名,名,*,*,よしひろ,ヨシヒロ,ヨシヒロ,0/4,*,よ[しひろ
よしひこ,1351,1351,8000,名詞,固有名詞,人名,名,*,*,よしひこ,ヨシヒコ,ヨシヒコ,0/4,*,よ[しひこ
よしのぶ,1351,1351,8000,名詞,固有名詞,人名,名,*,*,よしのぶ,ヨシノブ,ヨシノブ,0/4,*,よ[しのぶ
よしながふみ,1349,1349,8000,名詞,固有名詞,人名,一般,*,*,よしながふみ,ヨシナガフミ,ヨシナガフミ,0/6,*,よ[しなが[ふみ
よしこさん,1351,1351,8000,名詞,固有名詞,人名,名,*,*,よしこさん,ヨシコサン,ヨシコサン,3/5,*,よ[しこ]さん
よしき,1351,1351,8000,名詞,固有名詞,人名,名,*,*,よしき,ヨシキ,ヨシキ,1/3,*,よ]しき
よしお,1351,1351,8000,名詞,固有名詞,人名,名,*,*,よしお,ヨシオ,ヨシオ,0/3,*,よ[しお
よこわ,1345,1345,8000,名詞,一般,*,*,*,*,よこわ,ヨコワ,ヨコワ,0/3,*,よ[こわ
よこはま,1353,1353,8000,名詞,固有名詞,地域,一般,*,*,よこはま,ヨコハマ,ヨコハマ,0/4,*,よ[こはま
よくい,1345,1345,8000,名詞,一般,*,*,*,*,よくい,ヨクイ,ヨクイ,1/3,*,よ]くい
よかちょろ,1345,1345,8000,名詞,一般,*,*,*,*,よかちょろ,ヨカチョロ,ヨカチョロ,0/4,*,よ[かちヨろ
ようこさん,1351,1351,8000,名詞,固有名詞,人名,名,*,*,ようこさん,ヨウコサン,ヨウコサン,3/5,*,よ[うこ]さん
ゆーさん,1351,1351,8000,名詞,固有名詞,人名,名,*,*,ゆーさん,ユウサン,ユウサン,0/4,*,ゆ[うさん
ゆんべ,1345,1345,8000,名詞,一般,*,*,*,*,ゆんべ,ユンベ,ユンベ,0/3,*,ゆ[んべ
ゆりな,1351,1351,8000,名詞,固有名詞,人名,名,*,*,ゆりな,ユリナ,ユリナ,1/3,*,ゆ]りな
ゆりこ,1351,1351,8000,名詞,固有名詞,人名,名,*,*,ゆりこ,ユリコ,ユリコ,1/3,*,ゆ]りこ
ゆみちゃん,1351,1351,8000,名詞,固有名詞,人名,名,*,*,ゆみちゃん,ユミチャン,ユミチャン,2/4,*,ゆ[みち]ヤん
ゆっくりさ,1345,1345,8000,名詞,一般,*,*,*,*,ゆっくりさ,ユックリサ,ユックリサ,0/5,*,ゆ[っくりさ
ゆち,1349,1349,10000,名詞,固有名詞,人名,一般,*,*,ゆち,ユチ,ユチ,1/2,*,ゆ]ち
ゆきぽんさん,1345,1345,8000,名詞,一般,*,*,*,*,ゆきぽんさん,ユキポンサン,ユキポンサン,4/6,*,ゆ[きぽん]さん
ゆきほちゃん,1351,1351,8000,名詞,固有名詞,人名,名,*,*,ゆきほちゃん,ユキホチャン,ユキホチャン,3/5,*,ゆ[きほち]ヤん
ゆきちゃん,1349,1349,8000,名詞,固有名詞,人名,一般,*,*,ゆきちゃん,ユキチャン,ユキチャン,2/4,*,ゆ[きち]ヤん
ゆきさん,1345,1345,8000,名詞,一般,*,*,*,*,ゆきさん,ユキサン,ユキサン,2/4,*,ゆ[き]さん
ゆかちゃん,1351,1351,8000,名詞,固有名詞,人名,名,*,*,ゆかちゃん,ユカチャン,ユカチャン,2/4,*,ゆ[かち]ヤん
ゆうゆう,1348,1348,8000,名詞,固有名詞,一般,*,*,*,ゆうゆう,ユウユウ,ユウユウ,0/4,*,ゆ[うゆう
ゆうゆ,1349,1349,8500,名詞,固有名詞,人名,一般,*,*,ゆうゆ,ユウユ,ユウユ,1/3,*,ゆ]うゆ
ゆうなさん,1351,1351,8000,名詞,固有名詞,人名,名,*,*,ゆうなさん,ユウナサン,ユウナサン,3/5,*,ゆ[うな]さん
ゆうずつ,1345,1345,8000,名詞,一般,*,*,*,*,ゆうずつ,ユウズツ,ユウズツ,2/4,*,ゆ[う]ずつ
ゆうじさん,1351,1351,8000,名詞,固有名詞,人名,名,*,*,ゆうじさん,ユウジサン,ユウジサン,3/5,*,ゆ[うじ]さん
ゆうこさん,1351,1351,8000,名詞,固有名詞,人名,名,*,*,ゆうこさん,ユウコサン,ユウコサン,3/5,*,ゆ[うこ]さん
ゆうきんぐ,1349,1349,8000,名詞,固有名詞,人名,一般,*,*,ゆうきんぐ,ユウキング,ユウキング,1/5,*,ゆ]うき]んぐ
ゆうきゃん,1349,1349,8000,名詞,固有名詞,人名,一般,*,*,ゆうきゃん,ユウキャン,ユウキャン,2/4,*,ゆ[うき]ヤん
ゆうき,1351,1351,8500,名詞,固有名詞,人名,名,*,*,ゆうき,ユウキ,ユウキ,1/3,*,ゆ]うき
ゆうかりん,1351,1351,8000,名詞,固有名詞,人名,名,*,*,ゆうかりん,ユウカリン,ユウカリン,3/5,*,ゆ[うか]りん
ゆうかさん,1351,1351,8000,名詞,固有名詞,人名,名,*,*,ゆうかさん,ユウカサン,ユウカサン,3/5,*,ゆ[うか]さん
ゆうあ,1351,1351,8000,名詞,固有名詞,人名,名,*,*,ゆうあ,ユウア,ユウア,1/3,*,ゆ]うあ
ゆいちゃん,1351,1351,8000,名詞,固有名詞,人名,名,*,*,ゆいちゃん,ユイチャン,ユイチャン,2/4,*,ゆ[いち]ヤん
やんぼし,1345,1345,8000,名詞,一般,*,*,*,*,やんぼし,ヤンボシ,ヤンボシ,0/4,*,や[んぼし
やよい,1353,1353,8000,名詞,固有名詞,地域,一般,*,*,やよい,ヤヨイ,ヤヨイ,0/3,*,や[よい
ややっこ,1345,1345,8000,名詞,一般,*,*,*,*,ややっこ,ヤヤッコ,ヤヤッコ,1/4,*,や[や]っこ
やまもと,1350,1350,8000,名詞,固有名詞,人名,姓,*,*,やまもと,ヤマモト,ヤマモト,0/4,*,や[まもと
やまむらはじめ,1349,1349,8000,名詞,固有名詞,人名,一般,*,*,やまむらはじめ,ヤマムラハジメ,ヤマムラハジメ,5/7,*,や[まむらは]じめ
やまべ,1345,1345,8000,名詞,一般,*,*,*,*,やまべ,ヤマベ,ヤマベ,0/3,*,や[まべ
やまだひさし,1349,1349,8000,名詞,固有名詞,人名,一般,*,*,やまだひさし,ヤマダヒサシ,ヤマダヒサシ,4/6,*,や[まだひ]さし
やまぐち,1353,1353,8000,名詞,固有名詞,地域,一般,*,*,やまぐち,ヤマグチ,ヤマグチ,0/4,*,や[まぐち
やまくらげ,1345,1345,8000,名詞,一般,*,*,*,*,やまくらげ,ヤマクラゲ,ヤマクラゲ,3/5,*,や[まく]らげ
やばさ,1345,1345,8000,名詞,一般,*,*,*,*,やばさ,ヤバサ,ヤバサ,0/3,*,や[ばさ
やなせたかし,1349,1349,8000,名詞,固有名詞,人名,一般,*,*,やなせたかし,ヤナセタカシ,ヤナセタカシ,4/6,*,や[なせた]かし
やっさん,1345,1345,8000,名詞,一般,*,*,*,*,やっさん,ヤッサン,ヤッサン,1/4,*,や]っさん
やっこ,1345,1345,8000,名詞,一般,*,*,*,*,やっこ,ヤッコ,ヤッコ,0/3,*,や[っこ
やっかみ,1345,1345,8000,名詞,一般,*,*,*,*,やっかみ,ヤッカミ,ヤッカミ,0/4,*,や[っかみ
やっ,1349,1349,10000,名詞,固有名詞,人名,一般,*,*,やっ,ヤッ,ヤッ,0/2,*,や[っ
やた,1350,1350,10000,名詞,固有名詞,人名,姓,*,*,やた,ヤタ,ヤタ,1/2,*,や]た
やすあき,1351,1351,8000,名詞,固有名詞,人名,名,*,*,やすあき,ヤスアキ,ヤスアキ,2/4,*,や[す]あき
やしお,1353,1353,8000,名詞,固有名詞,地域,一般,*,*,やしお,ヤシオ,ヤシオ,1/3,*,や]しお
やくみつるさん,1349,1349,8000,名詞,固有名詞,人名,一般,*,*,やくみつるさん,ヤクミツルサン,ヤクミツルサン,5/7,*,や[くみつる]さん
やくざっぽさ,1345,1345,8000,名詞,一般,*,*,*,*,やくざっぽさ,ヤクザッポサ,ヤクザッポサ,2/6,*,や[くざ]っぽさ
やくざさん,1345,1345,8000,名詞,一般,*,*,*,*,やくざさん,ヤクザサン,ヤクザサン,3/5,*,や[くざ]さん
やくさん,1350,1350,8000,名詞,固有名詞,人名,姓,*,*,やくさん,ヤクサン,ヤクサン,2/4,*,や[く]さん
やおいねた,1345,1345,8000,名詞,一般,*,*,*,*,やおいねた,ヤオイネタ,ヤオイネタ,3/5,*,や[おい]ねた
やえんさん,1345,1345,8000,名詞,一般,*,*,*,*,やえんさん,ヤエンサン,ヤエンサン,0/5,*,や[えんさん
やあさん,1345,1345,8000,名詞,一般,*,*,*,*,やあさん,ヤアサン,ヤアサン,2/4,*,や[あ]さん
もんたよしのり,1349,1349,8000,名詞,固有名詞,人名,一般,*,*,もんたよしのり,モンタヨシノリ,モンタヨシノリ,5/7,*,も[んたよし]のり
もりまいちゃん,1349,1349,8000,名詞,固有名詞,人名,一般,*,*,もりまいちゃん,モリマイチャン,モリマイチャン,4/6,*,も[りまいち]ヤん
もりちゃん,1350,1350,8000,名詞,固有名詞,人名,姓,*,*,もりちゃん,モリチャン,モリチャン,2/4,*,も[りち]ヤん
もりしげ,1350,1350,8000,名詞,固有名詞,人名,姓,*,*,もりしげ,モリシゲ,モリシゲ,0/4,*,も[りしげ
もりさん,1350,1350,8000,名詞,固有名詞,人名,姓,*,*,もりさん,モリサン,モリサン,2/4,*,も[り]さん
もりうち,1350,1350,8000,名詞,固有名詞,人名,姓,*,*,もりうち,モリウチ,モリウチ,0/4,*,も[りうち
ももこちゃん,1351,1351,8000,名詞,固有名詞,人名,名,*,*,ももこちゃん,モモコチャン,モモコチャン,3/5,*,も[もこち]ヤん
ももこさん,1351,1351,8000,名詞,固有名詞,人名,名,*,*,ももこさん,モモコサン,モモコサン,3/5,*,も[もこ]さん
もみじまつり,1345,1345,8000,名詞,一般,*,*,*,*,もみじまつり,モミジマツリ,モミジマツリ,4/6,*,も[みじま]つり
もとひこ,1351,1351,8000,名詞,固有名詞,人名,名,*,*,もとひこ,モトヒコ,モトヒコ,2/4,*,も[と]ひこ
もとき,1351,1351,8000,名詞,固有名詞,人名,名,*,*,もとき,モトキ,モトキ,1/3,*,も]とき
もっこうばら,1350,1350,8000,名詞,固有名詞,人名,姓,*,*,もっこうばら,モッコウバラ,モッコウバラ,4/6,*,も[っこう]ばら
もたいさん,1350,1350,8000,名詞,固有名詞,人名,姓,*,*,もたいさん,モタイサン,モタイサン,3/5,*,も[たい]さん
もこみち,1351,1351,8000,名詞,固有名詞,人名,名,*,*,もこみち,モコミチ,モコミチ,2/4,*,も[こ]みち
もえっこ,1351,1351,8000,名詞,固有名詞,人名,名,*,*,もえっこ,モエッコ,モエッコ,1/4,*,も[え]っこ
めばたき,1345,1345,8000,名詞,一般,*,*,*,*,めばたき,メバタキ,メバタキ,0/4,*,め[ばたき
めったくた,1345,1345,8000,名詞,一般,*,*,*,*,めったくた,メッタクタ,メッタクタ,0/5,*,め[ったくた
めごこ,1345,1345,8000,名詞,一般,*,*,*,*,めごこ,メゴコ,メゴコ,0/3,*,め[ごこ
めぐみちゃん,1351,1351,8000,名詞,固有名詞,人名,名,*,*,めぐみちゃん,メグミチャン,メグミチャン,3/5,*,め[ぐみち]ヤん
むんずり,1345,1345,8000,名詞,一般,*,*,*,*,むんずり,ムンズリ,ムンズリ,0/4,*,む[んずり
むろい,1350,1350,8000,名詞,固有名詞,人名,姓,*,*,むろい,ムロイ,ムロイ,0/3,*,む[ろい
むのたけじ,1349,1349,8000,名詞,固有名詞,人名,一般,*,*,むのたけじ,ムノタケジ,ムノタケジ,0/5,*,む[のたけじ
むとう,1350,1350,8000,名詞,固有名詞,人名,姓,*,*,むとう,ムトウ,ムトウ,1/3,*,む]とう
むつこ,1351,1351,8000,名詞,固有名詞,人名,名,*,*,むつこ,ムツコ,ムツコ,1/3,*,む]つこ
むっちん,1349,1349,8000,名詞,固有名詞,人名,一般,*,*,むっちん,ムッチン,ムッチン,1/4,*,む]っちん
むっちゃん,1349,1349,8000,名詞,固有名詞,人名,一般,*,*,むっちゃん,ムッチャン,ムッチャン,2/4,*,む[っち]ヤん
むかすむかす,1345,1345,8000,名詞,一般,*,*,*,*,むかすむかす,ムカスムカス,ムカスムカス,0/6,*,む[かすむかす
みーちゃん,1351,1351,8000,名詞,固有名詞,人名,名,*,*,みーちゃん,ミイチャン,ミイチャン,2/4,*,み[いち]ヤん
みらいさん,1350,1350,8000,名詞,固有名詞,人名,姓,*,*,みらいさん,ミライサン,ミライサン,3/5,*,み[らい]さん
みよさん,1351,1351,8000,名詞,固有名詞,人名,名,*,*,みよさん,ミヨサン,ミヨサン,2/4,*,み[よ]さん
みゆちゃん,1351,1351,8000,名詞,固有名詞,人名,名,*,*,みゆちゃん,ミユチャン,ミユチャン,2/4,*,み[ゆち]ヤん
みゅーみゅー,1349,1349,8000,名詞,固有名詞,人名,一般,*,*,みゅーみゅー,ミューミュー,ミューミュー,3/4,*,み[ユーみ]ユ]ー
みゅさん,1345,1345,8000,名詞,一般,*,*,*,*,みゅさん,ミユサン,ミユサン,0/4,*,み[ゆさん
みゃお,1349,1349,8000,名詞,固有名詞,人名,一般,*,*,みゃお,ミャオ,ミャオ,1/2,*,み]ヤお
みむらちゃん,1350,1350,8000,名詞,固有名詞,人名,姓,*,*,みむらちゃん,ミムラチャン,ミムラチャン,3/5,*,み[むらち]ヤん
みま,1349,1349,10000,名詞,固有名詞,人名,一般,*,*,みま,ミマ,ミマ,1/2,*,み]ま
みほこちゃん,1345,1345,8000,名詞,一般,*,*,*,*,みほこちゃん,ミホコチャン,ミホコチャン,3/5,*,み[ほこち]ヤん
みなべ,1353,1353,8000,名詞,固有名詞,地域,一般,*,*,みなべ,ミナベ,ミナベ,1/3,*,み]なべ
みなかみ,1353,1353,8000,名詞,固有名詞,地域,一般,*,*,みなかみ,ミナカミ,ミナカミ,0/4,*,み[なかみ
みづほ,1351,1351,8000,名詞,固有名詞,人名,名,*,*,みづほ,ミズホ,ミズホ,1/3,*,み]ずほ
みっともなさ,1345,1345,8000,名詞,一般,*,*,*,*,みっともなさ,ミットモナサ,ミットモナサ,0/6,*,み[っともなさ
みちるちゃん,1351,1351,8000,名詞,固有名詞,人名,名,*,*,みちるちゃん,ミチルチャン,ミチルチャン,3/5,*,み[ちるち]ヤん
みちおさん,1351,1351,8000,名詞,固有名詞,人名,名,*,*,みちおさん,ミチオサン,ミチオサン,3/5,*,み[ちお]さん
みちえ,1351,1351,8000,名詞,固有名詞,人名,名,*,*,みちえ,ミチエ,ミチエ,0/3,*,み[ちえ
みたんさん,1349,1349,8000,名詞,固有名詞,人名,一般,*,*,みたんさん,ミタンサン,ミタンサン,3/5,*,み[たん]さん
みたらい,1350,1350,8000,名詞,固有名詞,人名,姓,*,*,みたらい,ミタライ,ミタライ,2/4,*,み[た]らい
みたけ,1353,1353,8000,名詞,固有名詞,地域,一般,*,*,みたけ,ミタケ,ミタケ,1/3,*,み]たけ
みずめ,1345,1345,8000,名詞,一般,*,*,*,*,みずめ,ミズメ,ミズメ,0/3,*,み[ずめ
みずきちゃん,1351,1351,8000,名詞,固有名詞,人名,名,*,*,みずきちゃん,ミズキチャン,ミズキチャン,3/5,*,み[ずきち]ヤん
みさちん,1351,1351,8000,名詞,固有名詞,人名,名,*,*,みさちん,ミサチン,ミサチン,2/4,*,み[さ]ちん
みさえさん,1351,1351,8000,名詞,固有名詞,人名,名,*,*,みさえさん,ミサエサン,ミサエサン,3/5,*,み[さえ]さん
みさえ,1351,1351,8500,名詞,固有名詞,人名,名,*,*,みさえ,ミサエ,ミサエ,0/3,*,み[さえ
みくちゃん,1351,1351,8000,名詞,固有名詞,人名,名,*,*,みくちゃん,ミクチャン,ミクチャン,2/4,*,み[くち]ヤん
みきみほ,1349,1349,8000,名詞,固有名詞,人名,一般,*,*,みきみほ,ミキミホ,ミキミホ,2/4,*,み[き]みほ
みかぽん,1351,1351,8000,名詞,固有名詞,人名,名,*,*,みかぽん,ミカポン,ミカポン,2/4,*,み[か]ぽん
みかちゃん,1351,1351,8000,名詞,固有名詞,人名,名,*,*,みかちゃん,ミカチャン,ミカチャン,2/4,*,み[かち]ヤん
みおちゃん,1351,1351,8000,名詞,固有名詞,人名,名,*,*,みおちゃん,ミオチャン,ミオチャン,2/4,*,み[おち]ヤん
みお,1351,1351,10000,名詞,固有名詞,人名,名,*,*,みお,ミオ,ミオ,1/2,*,み]お
みうらじゅんさん,1349,1349,8000,名詞,固有名詞,人名,一般,*,*,みうらじゅんさん,ミウラジュンサン,ミウラジュンサン,5/7,*,み[うらじユん]さん
みう,1351,1351,10000,名詞,固有名詞,人名,名,*,*,みう,ミウ,ミウ,1/2,*,み]う
みい,1351,1351,10000,名詞,固有名詞,人名,名,*,*,みい,ミイ,ミイ,1/2,*,み]い
まーや,1351,1351,8000,名詞,固有名詞,人名,名,*,*,まーや,マアヤ,マアヤ,0/3,*,ま[あや
まーちゃん,1345,1345,8000,名詞,一般,*,*,*,*,まーちゃん,マーチャン,マーチャン,2/4,*,ま[ーち]ヤん
まーさん,1345,1345,8000,名詞,一般,*,*,*,*,まーさん,マーサン,マーサン,0/4,*,ま[ーさん
まーさ,1345,1345,8500,名詞,一般,*,*,*,*,まーさ,マーサ,マーサ,0/3,*,ま[ーさ
まんとう,1345,1345,8000,名詞,一般,*,*,*,*,まんとう,マントウ,マントウ,0/4,*,ま[んとう
まんてん,1351,1351,8000,名詞,固有名詞,人名,名,*,*,まんてん,マンテン,マンテン,0/4,*,ま[んてん
まりちゃん,1351,1351,8000,名詞,固有名詞,人名,名,*,*,まりちゃん,マリチャン,マリチャン,2/4,*,ま[りち]ヤん
まりあほり,1349,1349,8000,名詞,固有名詞,人名,一般,*,*,まりあほり,マリアホリ,マリアホリ,3/5,*,ま[りあ]ほり
まゆみちゃん,1351,1351,8000,名詞,固有名詞,人名,名,*,*,まゆみちゃん,マユミチャン,マユミチャン,3/5,*,ま[ゆみち]ヤん
まゆたん,1351,1351,8000,名詞,固有名詞,人名,名,*,*,まゆたん,マユタン,マユタン,2/4,*,ま[ゆ]たん
まゅ,1351,1351,10000,名詞,固有名詞,人名,名,*,*,まゅ,マユ,マユ,1/2,*,ま]ゆ
まやーさん,1345,1345,8000,名詞,一般,*,*,*,*,まやーさん,マヤサン,マヤサン,2/4,*,ま[や]さん
まめさん,1345,1345,8000,名詞,一般,*,*,*,*,まめさん,マメサン,マメサン,0/4,*,ま[めさん
まめさ,1345,1345,8500,名詞,一般,*,*,*,*,まめさ,マメサ,マメサ,1/3,*,ま]めさ
まひろ,1351,1351,8000,名詞,固有名詞,人名,名,*,*,まひろ,マヒロ,マヒロ,0/3,*,ま[ひろ
まなみ,1351,1351,8000,名詞,固有名詞,人名,名,*,*,まなみ,マナミ,マナミ,0/3,*,ま[なみ
まなちゃん,1351,1351,8000,名詞,固有名詞,人名,名,*,*,まなちゃん,マナチャン,マナチャン,2/4,*,ま[なち]ヤん
まどさん,1350,1350,8000,名詞,固有名詞,人名,姓,*,*,まどさん,マドサン,マドサン,2/4,*,ま[ど]さん
まどかちゃん,1351,1351,8000,名詞,固有名詞,人名,名,*,*,まどかちゃん,マドカチャン,マドカチャン,3/5,*,ま[どかち]ヤん
まつりびとさん,1345,1345,8000,名詞,一般,*,*,*,*,まつりびとさん,マツリビトサン,マツリビトサン,5/7,*,ま[つりびと]さん
まつもと,1350,1350,8000,名詞,固有名詞,人名,姓,*,*,まつもと,マツモト,マツモト,0/4,*,ま[つもと
まつばら,1350,1350,8000,名詞,固有名詞,人名,姓,*,*,まつばら,マツバラ,マツバラ,2/4,*,ま[つ]ばら
まつだ,1350,1350,8000,名詞,固有名詞,人名,姓,*,*,まつだ,マツダ,マツダ,0/3,*,ま[つだ
まつさ,1351,1351,8000,名詞,固有名詞,人名,名,*,*,まつさ,マツサ,マツサ,0/3,*,ま[つさ
まつえさん,1350,1350,8000,名詞,固有名詞,人名,姓,*,*,まつえさん,マツエサン,マツエサン,3/5,*,ま[つえ]さん
まつい,1350,1350,8000,名詞,固有名詞,人名,姓,*,*,まつい,マツイ,マツイ,1/3,*,ま]つい
まっちゅ,1349,1349,8000,名詞,固有名詞,人名,一般,*,*,まっちゅ,マッチュ,マッチュ,1/3,*,ま]っちユ
まったりさん,1345,1345,8000,名詞,一般,*,*,*,*,まったりさん,マッタリサン,マッタリサン,0/6,*,ま[ったりさん
まっこと,1345,1345,8000,名詞,一般,*,*,*,*,まっこと,マッコト,マッコト,0/4,*,ま[っこと
まず,1345,1345,10000,名詞,一般,*,*,*,*,まず,マズ,マズ,1/2,*,ま]ず
まじさ,1345,1345,8000,名詞,一般,*,*,*,*,まじさ,マジサ,マジサ,0/3,*,ま[じさ
まさりん,1349,1349,8000,名詞,固有名詞,人名,一般,*,*,まさりん,マサリン,マサリン,0/4,*,ま[さりん
まさゆき,1351,1351,8000,名詞,固有名詞,人名,名,*,*,まさゆき,マサユキ,マサユキ,2/4,*,ま[さ]ゆき
まさのぶ,1351,1351,8000,名詞,固有名詞,人名,名,*,*,まさのぶ,マサノブ,マサノブ,2/4,*,ま[さ]のぶ
まさと,1351,1351,8000,名詞,固有名詞,人名,名,*,*,まさと,マサト,マサト,1/3,*,ま]さと
まさこさん,1351,1351,8000,名詞,固有名詞,人名,名,*,*,まさこさん,マサコサン,マサコサン,3/5,*,ま[さこ]さん
まさおさん,1351,1351,8000,名詞,固有名詞,人名,名,*,*,まさおさん,マサオサン,マサオサン,3/5,*,ま[さお]さん
まきまき,1349,1349,8000,名詞,固有名詞,人名,一般,*,*,まきまき,マキマキ,マキマキ,2/4,*,ま[き]まき
まかな,1350,1350,8000,名詞,固有名詞,人名,姓,*,*,まかな,マカナ,マカナ,1/3,*,ま]かな
まえばし,1353,1353,8000,名詞,固有名詞,地域,一般,*,*,まえばし,マエバシ,マエバシ,0/4,*,ま[えばし
まいなちゃん,1351,1351,8000,名詞,固有名詞,人名,名,*,*,まいなちゃん,マイナチャン,マイナチャン,3/5,*,ま[いなち]ヤん
まいづる,1353,1353,8000,名詞,固有名詞,地域,一般,*,*,まいづる,マイヅル,マイヅル,0/4,*,ま[いづる
まぁちゃん,1349,1349,8000,名詞,固有名詞,人名,一般,*,*,まぁちゃん,マアチャン,マアチャン,2/4,*,ま[あち]ヤん
まぁさん,1349,1349,8000,名詞,固有名詞,人名,一般,*,*,まぁさん,マアサン,マアサン,2/4,*,ま[あ]さん
ぽー,1345,1345,10000,名詞,一般,*,*,*,*,ぽー,ポ,ポ,0/1,*,ぽ
ぽんつく,1345,1345,8000,名詞,一般,*,*,*,*,ぽんつく,ポンツク,ポンツク,0/4,*,ぽ[んつく
ぽりん,1345,1345,8000,名詞,一般,*,*,*,*,ぽりん,ポリン,ポリン,0/3,*,ぽ[りん
ぽぽさん,1345,1345,8000,名詞,一般,*,*,*,*,ぽぽさん,ポポサン,ポポサン,2/4,*,ぽ[ぽ]さん
ぽっぽ,1345,1345,8000,名詞,一般,*,*,*,*,ぽっぽ,ポッポ,ポッポ,1/3,*,ぽ]っぽ
ぽっぴん,1345,1345,8000,名詞,一般,*,*,*,*,ぽっぴん,ポッピン,ポッピン,1/4,*,ぽ]っぴん
ぽっちゃりさん,1345,1345,8000,名詞,一般,*,*,*,*,ぽっちゃりさん,ポッチャリサン,ポッチャリサン,0/6,*,ぽ[っちヤりさん
ぽちぽち,1345,1345,8000,名詞,一般,*,*,*,*,ぽちぽち,ポチポチ,ポチポチ,0/4,*,ぽ[ちぽち
ぼんちり,1345,1345,8000,名詞,一般,*,*,*,*,ぼんちり,ボンチリ,ボンチリ,0/4,*,ぼ[んちり
ぼんち,1345,1345,8500,名詞,一般,*,*,*,*,ぼんち,ボンチ,ボンチ,1/3,*,ぼ]んち
ぼんず,1345,1345,8000,名詞,一般,*,*,*,*,ぼんず,ボンズ,ボンズ,0/3,*,ぼ[んず
ぼろさ,1345,1345,8000,名詞,一般,*,*,*,*,ぼろさ,ボロサ,ボロサ,0/3,*,ぼ[ろさ
ぼてれん,1345,1345,8000,名詞,一般,*,*,*,*,ぼてれん,ボテレン,ボテレン,0/4,*,ぼ[てれん
ぼつぼつ,1345,1345,8000,名詞,一般,*,*,*,*,ぼつぼつ,ボツボツ,ボツボツ,0/4,*,ぼ[つぼつ
ぼたん,1351,1351,8000,名詞,固有名詞,人名,名,*,*,ぼたん,ボタン,ボタン,1/3,*,ぼ]たん
ぼいんちゃん,1345,1345,8000,名詞,一般,*,*,*,*,ぼいんちゃん,ボインチャン,ボインチャン,3/5,*,ぼ[いんち]ヤん
ほんーと,1345,1345,8000,名詞,一般,*,*,*,*,ほんーと,ホンート,ホンート,0/4,*,ほ[んーと
ほていさん,1349,1349,8000,名詞,固有名詞,人名,一般,*,*,ほていさん,ホテイサン,ホテイサン,3/5,*,ほ[てい]さん
ほてい,1349,1349,8500,名詞,固有名詞,人名,一般,*,*,ほてい,ホテイ,ホテイ,0/3,*,ほ[てい
ほつ,1345,1345,10000,名詞,一般,*,*,*,*,ほつ,ホツ,ホツ,1/2,*,ほ]つ
ほしのまき,1349,1349,8000,名詞,固有名詞,人名,一般,*,*,ほしのまき,ホシノマキ,ホシノマキ,3/5,*,ほ[しの]まき
ほしの,1350,1350,8500,名詞,固有名詞,人名,姓,*,*,ほしの,ホシノ,ホシノ,1/3,*,ほ]しの
ほくほく,1348,1348,8000,名詞,固有名詞,一般,*,*,*,ほくほく,ホクホク,ホクホク,0/4,*,ほ[くほく
ほうらい,1353,1353,8000,名詞,固有名詞,地域,一般,*,*,ほうらい,ホウライ,ホウライ,0/4,*,ほ[うらい
ぺったんこさん,1345,1345,8000,名詞,一般,*,*,*,*,ぺったんこさん,ペッタンコサン,ペッタンコサン,5/7,*,ぺ[ったんこ]さん
ぺさん,1350,1350,8000,名詞,固有名詞,人名,姓,*,*,ぺさん,ペサン,ペサン,0/3,*,ぺ[さん
ぺこりちゃん,1345,1345,8000,名詞,一般,*,*,*,*,ぺこりちゃん,ペコリチャン,ペコリチャン,3/5,*,ぺ[こりち]ヤん
ぺこちゃん,1345,1345,8000,名詞,一般,*,*,*,*,ぺこちゃん,ペコチャン,ペコチャン,2/4,*,ぺ[こち]ヤん
ぺいぺい,1345,1345,8000,名詞,一般,*,*,*,*,ぺいぺい,ペイペイ,ペイペイ,0/4,*,ぺ[いぺい
べんと,1345,1345,8000,名詞,一般,*,*,*,*,べんと,ベント,ベント,0/3,*,べ[んと
べらんめえ,1345,1345,8000,名詞,一般,*,*,*,*,べらんめえ,ベランメエ,ベランメエ,0/5,*,べ[らんめえ
べてる,1345,1345,8000,名詞,一般,*,*,*,*,べてる,ベテル,ベテル,0/3,*,べ[てる
べっぷ,1353,1353,8000,名詞,固有名詞,地域,一般,*,*,べっぷ,ベップ,ベップ,1/3,*,べ]っぷ
べこさん,1345,1345,8000,名詞,一般,*,*,*,*,べこさん,ベコサン,ベコサン,2/4,*,べ[こ]さん
べからっこ,1345,1345,8000,名詞,一般,*,*,*,*,べからっこ,ベカラッコ,ベカラッコ,2/5,*,べ[から]っこ
へなさん,1345,1345,8000,名詞,一般,*,*,*,*,へなさん,ヘナサン,ヘナサン,2/4,*,へ[な]さん
へこたれ,1345,1345,8000,名詞,一般,*,*,*,*,へこたれ,ヘコタレ,ヘコタレ,0/4,*,へ[こたれ
へえちゃん,1345,1345,8000,名詞,一般,*,*,*,*,へえちゃん,ヘエチャン,ヘエチャン,2/4,*,へ[えち]ヤん
へえご,1345,1345,8000,名詞,一般,*,*,*,*,へえご,ヘエゴ,ヘエゴ,0/3,*,へ[えご
へいすけ,1351,1351,8000,名詞,固有名詞,人名,名,*,*,へいすけ,ヘイスケ,ヘイスケ,1/4,*,へ]いすけ
ぷん,1349,1349,10000,名詞,固有名詞,人名,一般,*,*,ぷん,プン,プン,1/2,*,ぷ]ん
ぷりむん,1345,1345,8000,名詞,一般,*,*,*,*,ぷりむん,プリムン,プリムン,0/4,*,ぷ[りむん
ぷらっと,1348,1348,8000,名詞,固有名詞,一般,*,*,*,ぷらっと,プラット,プラット,1/4,*,ぷ[ら]っと
ぷに,1349,1349,10000,名詞,固有名詞,人名,一般,*,*,ぷに,プニ,プニ,1/2,*,ぷ]に
ぷっぷ,1349,1349,8000,名詞,固有名詞,人名,一般,*,*,ぷっぷ,プップ,プップ,1/3,*,ぷ]っぷ
ぶんまわし,1345,1345,8000,名詞,一般,*,*,*,*,ぶんまわし,ブンマワシ,ブンマワシ,0/5,*,ぶ[んまわし
ぶんぺい,1349,1349,8000,名詞,固有名詞,人名,一般,*,*,ぶんぺい,ブンペイ,ブンペイ,0/4,*,ぶ[んぺい
ぶつかり,1345,1345,8000,名詞,一般,*,*,*,*,ぶつかり,ブツカリ,ブツカリ,0/4,*,ぶ[つかり
ぶう,1345,1345,10000,名詞,一般,*,*,*,*,ぶう,ブウ,ブウ,1/2,*,ぶ]う
ぶいぶい,1345,1345,8000,名詞,一般,*,*,*,*,ぶいぶい,ブイブイ,ブイブイ,0/4,*,ぶ[いぶい
ふりむん,1345,1345,8000,名詞,一般,*,*,*,*,ふりむん,フリムン,フリムン,0/4,*,ふ[りむん
ふみさん,1351,1351,8000,名詞,固有名詞,人名,名,*,*,ふみさん,フミサン,フミサン,2/4,*,ふ[み]さん
ふみこ,1351,1351,8000,名詞,固有名詞,人名,名,*,*,ふみこ,フミコ,フミコ,1/3,*,ふ]みこ
ふっちゃん,1345,1345,8000,名詞,一般,*,*,*,*,ふっちゃん,フッチャン,フッチャン,0/4,*,ふ[っちヤん
ふたみ,1353,1353,8000,名詞,固有名詞,地域,一般,*,*,ふたみ,フタミ,フタミ,1/3,*,ふ]たみ
ふたば,1351,1351,8000,名詞,固有名詞,人名,名,*,*,ふたば,フタバ,フタバ,1/3,*,ふ]たば
ふじおか,1350,1350,8000,名詞,固有名詞,人名,姓,*,*,ふじおか,フジオカ,フジオカ,0/4,*,ふ[じおか
ふじい,1350,1350,8000,名詞,固有名詞,人名,姓,*,*,ふじい,フジイ,フジイ,0/3,*,ふ[じい
ふざけっこ,1345,1345,8000,名詞,一般,*,*,*,*,ふざけっこ,フザケッコ,フザケッコ,2/5,*,ふ[ざけ]っこ
ふくしま,1353,1353,8000,名詞,固有名詞,地域,一般,*,*,ふくしま,フクシマ,フクシマ,2/4,*,ふ[く]しま
ふくさん,1351,1351,8000,名詞,固有名詞,人名,名,*,*,ふくさん,フクサン,フクサン,2/4,*,ふ[く]さん
ふくさ,1351,1351,8500,名詞,固有名詞,人名,名,*,*,ふくさ,フクサ,フクサ,0/3,*,ふ[くさ
ふく,1345,1345,10000,名詞,一般,*,*,*,*,ふく,フク,フク,1/2,*,ふ]く
ふき,1351,1351,10000,名詞,固有名詞,人名,名,*,*,ふき,フキ,フキ,1/2,*,ふ]き
ふかんど,1345,1345,8000,名詞,一般,*,*,*,*,ふかんど,フカンド,フカンド,2/4,*,ふ[か]んど
ふぁど,1348,1348,8000,名詞,固有名詞,一般,*,*,*,ふぁど,ファド,ファド,1/2,*,ふ]アど
ぴょんさん,1345,1345,8000,名詞,一般,*,*,*,*,ぴょんさん,ピョンサン,ピョンサン,2/4,*,ぴ[ヨん]さん
ぴょん,1348,1348,8500,名詞,固有名詞,一般,*,*,*,ぴょん,ピョン,ピョン,0/2,*,ぴ[ヨん
ぴいちゃん,1345,1345,8000,名詞,一般,*,*,*,*,ぴいちゃん,ピイチャン,ピイチャン,2/4,*,ぴ[いち]ヤん
ぴいさん,1345,1345,8000,名詞,一般,*,*,*,*,ぴいさん,ピイサン,ピイサン,0/4,*,ぴ[いさん
びわこ,1345,1345,8000,名詞,一般,*,*,*,*,びわこ,ビワコ,ビワコ,1/3,*,び]わこ
びいさん,1345,1345,8000,名詞,一般,*,*,*,*,びいさん,ビイサン,ビイサン,0/4,*,び[いさん
ひろむ,1351,1351,8000,名詞,固有名詞,人名,名,*,*,ひろむ,ヒロム,ヒロム,0/3,*,ひ[ろむ
ひろみち,1351,1351,8000,名詞,固有名詞,人名,名,*,*,ひろみち,ヒロミチ,ヒロミチ,2/4,*,ひ[ろ]みち
ひろふみ,1349,1349,8000,名詞,固有名詞,人名,一般,*,*,ひろふみ,ヒロフミ,ヒロフミ,2/4,*,ひ[ろ]ふみ
ひろひろ,1349,1349,8000,名詞,固有名詞,人名,一般,*,*,ひろひろ,ヒロヒロ,ヒロヒロ,2/4,*,ひ[ろ]ひろ
ひろっちゃん,1349,1349,8000,名詞,固有名詞,人名,一般,*,*,ひろっちゃん,ヒロッチャン,ヒロッチャン,3/5,*,ひ[ろっち]ヤん
ひろちゃん,1349,1349,8000,名詞,固有名詞,人名,一般,*,*,ひろちゃん,ヒロチャン,ヒロチャン,2/4,*,ひ[ろち]ヤん
ひろたか,1351,1351,8000,名詞,固有名詞,人名,名,*,*,ひろたか,ヒロタカ,ヒロタカ,2/4,*,ひ[ろ]たか
ひろじ,1351,1351,8000,名詞,固有名詞,人名,名,*,*,ひろじ,ヒロジ,ヒロジ,1/3,*,ひ]ろじ
ひろきさん,1351,1351,8000,名詞,固有名詞,人名,名,*,*,ひろきさん,ヒロキサン,ヒロキサン,3/5,*,ひ[ろき]さん
ひろい,1350,1350,8000,名詞,固有名詞,人名,姓,*,*,ひろい,ヒロイ,ヒロイ,0/3,*,ひ[ろい
ひりひり,1345,1345,8000,名詞,一般,*,*,*,*,ひりひり,ヒリヒリ,ヒリヒリ,0/4,*,ひ[りひり
ひら,1353,1353,10000,名詞,固有名詞,地域,一般,*,*,ひら,ヒラ,ヒラ,1/2,*,ひ]ら
ひよっこ,1351,1351,8000,名詞,固有名詞,人名,名,*,*,ひよっこ,ヒヨッコ,ヒヨッコ,0/4,*,ひ[よっこ
ひめちゃん,1351,1351,8000,名詞,固有名詞,人名,名,*,*,ひめちゃん,ヒメチャン,ヒメチャン,2/4,*,ひ[めち]ヤん
ひびの,1350,1350,8000,名詞,固有名詞,人名,姓,*,*,ひびの,ヒビノ,ヒビノ,1/3,*,ひ]びの
ひびきさん,1351,1351,8000,名詞,固有名詞,人名,名,*,*,ひびきさん,ヒビキサン,ヒビキサン,3/5,*,ひ[びき]さん
ひは,1353,1353,10000,名詞,固有名詞,地域,一般,*,*,ひは,ヒワ,ヒワ,1/2,*,ひ]わ
ひね,1345,1345,10000,名詞,一般,*,*,*,*,ひね,ヒネ,ヒネ,1/2,*,ひ]ね
ひなのちゃん,1345,1345,8000,名詞,一般,*,*,*,*,ひなのちゃん,ヒナノチャン,ヒナノチャン,0/5,*,ひ[なのちヤん
ひなせ,1353,1353,8000,名詞,固有名詞,地域,一般,*,*,ひなせ,ヒナセ,ヒナセ,0/3,*,ひ[なせ
ひでき,1351,1351,8000,名詞,固有名詞,人名,名,*,*,ひでき,ヒデキ,ヒデキ,1/3,*,ひ]でき
ひでおっさんさん,1351,1351,8000,名詞,固有名詞,人名,名,*,*,ひでおっさんさん,ヒデオサンサン,ヒデオサンサン,0/7,*,ひ[でおさんさん
ひであき,1351,1351,8000,名詞,固有名詞,人名,名,*,*,ひであき,ヒデアキ,ヒデアキ,0/4,*,ひ[であき
ひちょり,1351,1351,8000,名詞,固有名詞,人名,名,*,*,ひちょり,ヒチョリ,ヒチョリ,1/3,*,ひ[ち]ヨり
ひさしさん,1351,1351,8000,名詞,固有名詞,人名,名,*,*,ひさしさん,ヒサシサン,ヒサシサン,3/5,*,ひ[さし]さん
ひさえ,1351,1351,8000,名詞,固有名詞,人名,名,*,*,ひさえ,ヒサエ,ヒサエ,0/3,*,ひ[さえ
ひきごと,1345,1345,8000,名詞,一般,*,*,*,*,ひきごと,ヒキゴト,ヒキゴト,0/4,*,ひ[きごと
ひかりさん,1351,1351,8000,名詞,固有名詞,人名,名,*,*,ひかりさん,ヒカリサン,ヒカリサン,3/5,*,ひ[かり]さん
ひいな,1345,1345,8000,名詞,一般,*,*,*,*,ひいな,ヒイナ,ヒイナ,0/3,*,ひ[いな
ぱんだちゃん,1351,1351,8000,名詞,固有名詞,人名,名,*,*,ぱんだちゃん,パンダチャン,パンダチャン,3/5,*,ぱ[んだち]ヤん
ぱふさん,1345,1345,8000,名詞,一般,*,*,*,*,ぱふさん,パフサン,パフサン,2/4,*,ぱ[ふ]さん
ぱちる,1345,1345,8000,名詞,一般,*,*,*,*,ぱちる,パチル,パチル,0/3,*,ぱ[ちる
ばんじろう,1345,1345,8000,名詞,一般,*,*,*,*,ばんじろう,バンジロウ,バンジロウ,1/5,*,ば]んじろう
ばれっこ,1345,1345,8000,名詞,一般,*,*,*,*,ばれっこ,バレッコ,バレッコ,1/4,*,ば[れ]っこ
ばなな,1351,1351,8000,名詞,固有名詞,人名,名,*,*,ばなな,バナナ,バナナ,1/3,*,ば]なな
ばてさん,1345,1345,8000,名詞,一般,*,*,*,*,ばてさん,バテサン,バテサン,0/4,*,ば[てさん
ばつばつ,1345,1345,8000,名詞,一般,*,*,*,*,ばつばつ,バツバツ,バツバツ,2/4,*,ば[つ]ばつ
ばっぱあ,1345,1345,8000,名詞,一般,*,*,*,*,ばっぱあ,バッパア,バッパア,1/4,*,ば]っぱあ
ばあばあ,1345,1345,8000,名詞,一般,*,*,*,*,ばあばあ,バアバア,バアバア,0/4,*,ば[あばあ
はんぺい,1345,1345,8000,名詞,一般,*,*,*,*,はんぺい,ハンペイ,ハンペイ,0/4,*,は[んぺい
はんばき,1345,1345,8000,名詞,一般,*,*,*,*,はんばき,ハンバキ,ハンバキ,0/4,*,は[んばき
はるみちゃん,1351,1351,8000,名詞,固有名詞,人名,名,*,*,はるみちゃん,ハルミチャン,ハルミチャン,3/5,*,は[るみち]ヤん
はるちゃん,1345,1345,8000,名詞,一般,*,*,*,*,はるちゃん,ハルチャン,ハルチャン,2/4,*,は[るち]ヤん
はるさん,1345,1345,8000,名詞,一般,*,*,*,*,はるさん,ハルサン,ハルサン,2/4,*,は[る]さん
はるお,1351,1351,8000,名詞,固有名詞,人名,名,*,*,はるお,ハルオ,ハルオ,0/3,*,は[るお
はらこっこ,1348,1348,8000,名詞,固有名詞,一般,*,*,*,はらこっこ,ハラコッコ,ハラコッコ,2/5,*,は[らこ]っこ
はにゃ,1345,1345,8000,名詞,一般,*,*,*,*,はにゃ,ハニャ,ハニャ,1/2,*,は]にヤ
はながら,1345,1345,8000,名詞,一般,*,*,*,*,はながら,ハナガラ,ハナガラ,0/4,*,は[ながら
はつね,1351,1351,8000,名詞,固有名詞,人名,名,*,*,はつね,ハツネ,ハツネ,1/3,*,は]つね
はっとう,1345,1345,8000,名詞,一般,*,*,*,*,はっとう,ハットウ,ハットウ,0/4,*,は[っとう
はちきん,1345,1345,8000,名詞,一般,*,*,*,*,はちきん,ハチキン,ハチキン,0/4,*,は[ちきん
はだら,1345,1345,8000,名詞,一般,*,*,*,*,はだら,ハダラ,ハダラ,0/3,*,は[だら
はた,1350,1350,10000,名詞,固有名詞,人名,姓,*,*,はた,ハタ,ハタ,1/2,*,は]た
はせがわ,1350,1350,8000,名詞,固有名詞,人名,姓,*,*,はせがわ,ハセガワ,ハセガワ,0/4,*,は[せがわ
はじめ,1351,1351,8000,名詞,固有名詞,人名,名,*,*,はじめ,ハジメ,ハジメ,0/3,*,は[じめ
はしのえみさん,1349,1349,8000,名詞,固有名詞,人名,一般,*,*,はしのえみさん,ハシノエミサン,ハシノエミサン,5/7,*,は[しのえみ]さん
はこだて,1353,1353,8000,名詞,固有名詞,地域,一般,*,*,はこだて,ハコダテ,ハコダテ,0/4,*,は[こだて
はぎわら,1350,1350,8000,名詞,固有名詞,人名,姓,*,*,はぎわら,ハギワラ,ハギワラ,2/4,*,は[ぎ]わら
はいたかさん,1345,1345,8000,名詞,一般,*,*,*,*,はいたかさん,ハイタカサン,ハイタカサン,0/6,*,は[いたか[さん
はあら,1345,1345,8000,名詞,一般,*,*,*,*,はあら,ハアラ,ハアラ,0/3,*,は[あら
のんさん,1345,1345,8000,名詞,一般,*,*,*,*,のんさん,ノンサン,ノンサン,2/4,*,の[ん]さん
のりわら,1345,1345,8000,名詞,一般,*,*,*,*,のりわら,ノリワラ,ノリワラ,0/4,*,の[りわら
のりふみ,1351,1351,8000,名詞,固有名詞,人名,名,*,*,のりふみ,ノリフミ,ノリフミ,0/4,*,の[りふみ
のりおよしお,1349,1349,8000,名詞,固有名詞,人名,一般,*,*,のりおよしお,ノリオヨシオ,ノリオヨシオ,4/6,*,の[りおよ]しお
のぶちゃん,1351,1351,8000,名詞,固有名詞,人名,名,*,*,のぶちゃん,ノブチャン,ノブチャン,2/4,*,の[ぶち]ヤん
のぶ,1351,1351,10000,名詞,固有名詞,人名,名,*,*,のぶ,ノブ,ノブ,1/2,*,の]ぶ
ねるとん,1348,1348,8000,名詞,固有名詞,一般,*,*,*,ねるとん,ネルトン,ネルトン,0/4,*,ね[るとん
ねねさん,1351,1351,8000,名詞,固有名詞,人名,名,*,*,ねねさん,ネネサン,ネネサン,2/4,*,ね[ね]さん
にゃんこまき,1345,1345,8000,名詞,一般,*,*,*,*,にゃんこまき,ニャンコマキ,ニャンコマキ,3/5,*,に[ヤんこ]まき
にゃんこねた,1345,1345,8000,名詞,一般,*,*,*,*,にゃんこねた,ニャンコネタ,ニャンコネタ,0/5,*,に[ヤんこねた
にちゃん,1345,1345,8000,名詞,一般,*,*,*,*,にちゃん,ニチャン,ニチャン,1/3,*,に[ち]ヤん
にこぱち,1345,1345,8000,名詞,一般,*,*,*,*,にこぱち,ニコパチ,ニコパチ,0/4,*,に[こぱち
にお,1345,1345,10000,名詞,一般,*,*,*,*,にお,ニオ,ニオ,1/2,*,に]お
なると,1353,1353,8000,名詞,固有名詞,地域,一般,*,*,なると,ナルト,ナルト,0/3,*,な[ると
なまんだー,1345,1345,8000,名詞,一般,*,*,*,*,なまんだー,ナマンダー,ナマンダー,0/5,*,な[まんだー
なべつね,1349,1349,8000,名詞,固有名詞,人名,一般,*,*,なべつね,ナベツネ,ナベツネ,0/4,*,な[べつね
ななみちゃん,1351,1351,8000,名詞,固有名詞,人名,名,*,*,ななみちゃん,ナナミチャン,ナナミチャン,3/5,*,な[なみち]ヤん
ななこ,1351,1351,8000,名詞,固有名詞,人名,名,*,*,ななこ,ナナコ,ナナコ,1/3,*,な]なこ
なつみさん,1351,1351,8000,名詞,固有名詞,人名,名,*,*,なつみさん,ナツミサン,ナツミサン,3/5,*,な[つみ]さん
なだいなだ,1349,1349,8000,名詞,固有名詞,人名,一般,*,*,なだいなだ,ナダイナダ,ナダイナダ,3/5,*,な[だい]なだ
ながらみ,1348,1348,8000,名詞,固有名詞,一般,*,*,*,ながらみ,ナガラミ,ナガラミ,0/4,*,な[がらみ
なかじま,1350,1350,8000,名詞,固有名詞,人名,姓,*,*,なかじま,ナカジマ,ナカジマ,0/4,*,な[かじま
なかえ,1350,1350,8000,名詞,固有名詞,人名,姓,*,*,なかえ,ナカエ,ナカエ,0/3,*,な[かえ
どんべい,1351,1351,8000,名詞,固有名詞,人名,名,*,*,どんべい,ドンベイ,ドンベイ,0/4,*,ど[んべい
どんどこどんどこ,1345,1345,8000,名詞,一般,*,*,*,*,どんどこどんどこ,ドンドコドンドコ,ドンドコドンドコ,0/8,*,ど[んどこどんどこ
どんじり,1345,1345,8000,名詞,一般,*,*,*,*,どんじり,ドンジリ,ドンジリ,0/4,*,ど[んじり
どれみちゃん,1351,1351,8000,名詞,固有名詞,人名,名,*,*,どれみちゃん,ドレミチャン,ドレミチャン,3/5,*,ど[れみち]ヤん
どびっくり,1345,1345,8000,名詞,一般,*,*,*,*,どびっくり,ドビックリ,ドビックリ,1/5,*,ど[び]っくり
どっちらけ,1345,1345,8000,名詞,一般,*,*,*,*,どっちらけ,ドッチラケ,ドッチラケ,0/5,*,ど[っちらけ
どけち,1345,1345,8000,名詞,一般,*,*,*,*,どけち,ドケチ,ドケチ,2/3,*,ど[け]ち
どけさ,1345,1345,8000,名詞,一般,*,*,*,*,どけさ,ドケサ,ドケサ,0/3,*,ど[けさ
どぎつさ,1345,1345,8000,名詞,一般,*,*,*,*,どぎつさ,ドギツサ,ドギツサ,0/4,*,ど[ぎつさ
どうにゅう,1349,1349,8000,名詞,固有名詞,人名,一般,*,*,どうにゅう,ドウニュウ,ドウニュウ,2/4,*,ど[うに]ユう
どうだか,1345,1345,8000,名詞,一般,*,*,*,*,どうだか,ドウダカ,ドウダカ,0/4,*,ど[うだか
とんぶり,1345,1345,8000,名詞,一般,*,*,*,*,とんぶり,トンブリ,トンブリ,0/4,*,と[んぶり
とんこつ,1345,1345,8000,名詞,一般,*,*,*,*,とんこつ,トンコツ,トンコツ,0/4,*,と[んこつ
とろこ,1345,1345,8000,名詞,一般,*,*,*,*,とろこ,トロコ,トロコ,1/3,*,と]ろこ
とよたかずひこさん,1349,1349,8000,名詞,固有名詞,人名,一般,*,*,とよたかずひこさん,トヨタカズヒコサン,トヨタカズヒコサン,7/9,*,と[よたかずひこ]さん
ともひと,1351,1351,8000,名詞,固有名詞,人名,名,*,*,ともひと,トモヒト,トモヒト,2/4,*,と[も]ひと
ともさかりえさん,1349,1349,8000,名詞,固有名詞,人名,一般,*,*,ともさかりえさん,トモサカリエサン,トモサカリエサン,7/8,*,と[もさかり[え]さん
とみさん,1351,1351,8000,名詞,固有名詞,人名,名,*,*,とみさん,トミサン,トミサン,2/4,*,と[み]さん
とべ,1345,1345,10000,名詞,一般,*,*,*,*,とべ,トベ,トベ,0/2,*,と[べ
としろう,1351,1351,8000,名詞,固有名詞,人名,名,*,*,としろう,トシロウ,トシロウ,0/4,*,と[しろう
としな,1345,1345,8000,名詞,一般,*,*,*,*,としな,トシナ,トシナ,0/3,*,と[しな
としあきちゃん,1351,1351,8000,名詞,固有名詞,人名,名,*,*,としあきちゃん,トシアキチャン,トシアキチャン,4/6,*,と[しあきち]ヤん
とさ,1345,1345,10000,名詞,一般,*,*,*,*,とさ,トサ,トサ,1/2,*,と]さ
とくさん,1351,1351,8000,名詞,固有名詞,人名,名,*,*,とくさん,トクサン,トクサン,2/4,*,と[く]さん
とうふりーむ,1348,1348,8000,名詞,固有名詞,一般,*,*,*,とうふりーむ,トウフリーム,トウフリーム,4/6,*,と[うふり]ーむ
とうどう,1350,1350,8000,名詞,固有名詞,人名,姓,*,*,とうどう,トウドウ,トウドウ,2/4,*,と[う]どう
でんさん,1345,1345,8000,名詞,一般,*,*,*,*,でんさん,デンサン,デンサン,0/4,*,で[んさん
でやん,1345,1345,8000,名詞,一般,*,*,*,*,でやん,デヤン,デヤン,0/3,*,で[やん
でぶっちょ,1345,1345,8000,名詞,一般,*,*,*,*,でぶっちょ,デブッチョ,デブッチョ,1/4,*,で[ぶ]っちヨ
でぶちん,1345,1345,8000,名詞,一般,*,*,*,*,でぶちん,デブチン,デブチン,0/4,*,で[ぶちん
でさん,1345,1345,8000,名詞,一般,*,*,*,*,でさん,デサン,デサン,0/3,*,で[さん
でこぽん,1345,1345,8000,名詞,一般,*,*,*,*,でこぽん,デコポン,デコポン,2/4,*,で[こ]ぽん
てんや,1348,1348,8000,名詞,固有名詞,一般,*,*,*,てんや,テンヤ,テンヤ,0/3,*,て[んや
てんま,1353,1353,8000,名詞,固有名詞,地域,一般,*,*,てんま,テンマ,テンマ,1/3,*,て]んま
てるちゃん,1351,1351,8000,名詞,固有名詞,人名,名,*,*,てるちゃん,テルチャン,テルチャン,2/4,*,て[るち]ヤん
てるさん,1345,1345,8000,名詞,一般,*,*,*,*,てるさん,テルサン,テルサン,0/4,*,て[るさん
てっさ,1345,1345,8000,名詞,一般,*,*,*,*,てっさ,テッサ,テッサ,1/3,*,て]っさ
てぃるる,1348,1348,8000,名詞,固有名詞,一般,*,*,*,てぃるる,ティルル,ティルル,1/3,*,て]イるる
つれなさ,1345,1345,8000,名詞,一般,*,*,*,*,つれなさ,ツレナサ,ツレナサ,0/4,*,つ[れなさ
つるぴか,1345,1345,8000,名詞,一般,*,*,*,*,つるぴか,ツルピカ,ツルピカ,0/4,*,つ[るぴか
つべたさ,1345,1345,8000,名詞,一般,*,*,*,*,つべたさ,ツベタサ,ツベタサ,0/4,*,つ[べたさ
つばきさん,1351,1351,8000,名詞,固有名詞,人名,名,*,*,つばきさん,ツバキサン,ツバキサン,3/5,*,つ[ばき]さん
つのだひろ,1349,1349,8000,名詞,固有名詞,人名,一般,*,*,つのだひろ,ツノダヒロ,ツノダヒロ,3/5,*,つ[のだ]ひろ
つとむ,1351,1351,8000,名詞,固有名詞,人名,名,*,*,つとむ,ツトム,ツトム,0/3,*,つ[とむ
つっかえ,1345,1345,8000,名詞,一般,*,*,*,*,つっかえ,ツッカエ,ツッカエ,0/4,*,つ[っかえ
つか,1350,1350,10000,名詞,固有名詞,人名,姓,*,*,つか,ツカ,ツカ,1/2,*,つ]か
っぽっち,1358,1358,8000,名詞,接尾,一般,*,*,*,っぽっち,ッポッチ,ッポッチ,1/4,*,っ[ぽ]っち
ちんぴらやくざ,1345,1345,8000,名詞,一般,*,*,*,*,ちんぴらやくざ,チンピラヤクザ,チンピラヤクザ,5/7,*,ち[んぴらや]くざ
ちんどん,1345,1345,8000,名詞,一般,*,*,*,*,ちんどん,チンドン,チンドン,0/4,*,ち[んどん
ちらさ,1345,1345,8000,名詞,一般,*,*,*,*,ちらさ,チラサ,チラサ,0/3,*,ち[らさ
ちょんひゃん,1349,1349,8000,名詞,固有名詞,人名,一般,*,*,ちょんひゃん,チョンヒャン,チョンヒャン,3/4,*,ち[ヨんひ]ヤん
ちょろまかし,1345,1345,8000,名詞,一般,*,*,*,*,ちょろまかし,チョロマカシ,チョロマカシ,0/5,*,ち[ヨろまかし
ちょく,1345,1345,8000,名詞,一般,*,*,*,*,ちょく,チョク,チョク,1/2,*,ち]ヨく
ちょうさ,1350,1350,8000,名詞,固有名詞,人名,姓,*,*,ちょうさ,チョウサ,チョウサ,0/3,*,ち[ヨ]うさ
ちゅうや,1351,1351,8000,名詞,固有名詞,人名,名,*,*,ちゅうや,チュウヤ,チュウヤ,1/3,*,ち]ユうや
ちゃんさん,1345,1345,8000,名詞,一般,*,*,*,*,ちゃんさん,チャンサン,チャンサン,2/4,*,ち[ヤん]さん
ちゃりちゃり,1345,1345,8000,名詞,一般,*,*,*,*,ちゃりちゃり,チャリチャリ,チャリチャリ,3/4,*,ち[ヤりち]ヤり
ちゃらっぽこ,1345,1345,8000,名詞,一般,*,*,*,*,ちゃらっぽこ,チャラッポコ,チャラッポコ,0/5,*,ち[ヤらっぽこ
ちびりちゃん,1345,1345,8000,名詞,一般,*,*,*,*,ちびりちゃん,チビリチャン,チビリチャン,3/5,*,ち[びりち]ヤん
ちびでんちゃん,1348,1348,8000,名詞,固有名詞,一般,*,*,*,ちびでんちゃん,チビデンチャン,チビデンチャン,0/6,*,ち[びでんちヤん
ちびちょん,1345,1345,8000,名詞,一般,*,*,*,*,ちびちょん,チビチョン,チビチョン,2/4,*,ち[びち]ヨん
ちのぱん,1349,1349,8000,名詞,固有名詞,人名,一般,*,*,ちのぱん,チノパン,チノパン,0/4,*,ち[のぱん
ちくま,1353,1353,8000,名詞,固有名詞,地域,一般,*,*,ちくま,チクマ,チクマ,1/3,*,ち]くま
ちくぜん,1353,1353,8000,名詞,固有名詞,地域,一般,*,*,ちくぜん,チクゼン,チクゼン,0/4,*,ち[くぜん
ちきしょ,1345,1345,8000,名詞,一般,*,*,*,*,ちきしょ,チキショ,チキショ,0/3,*,ち[きしヨ
ちかこさん,1351,1351,8000,名詞,固有名詞,人名,名,*,*,ちかこさん,チカコサン,チカコサン,3/5,*,ち[かこ]さん
ちかこ,1351,1351,8500,名詞,固有名詞,人名,名,*,*,ちかこ,チカコ,チカコ,1/3,*,ち]かこ
ちえ,1351,1351,10000,名詞,固有名詞,人名,名,*,*,ちえ,チエ,チエ,1/2,*,ち]え
ちいたん,1349,1349,8000,名詞,固有名詞,人名,一般,*,*,ちいたん,チイタン,チイタン,2/4,*,ち[い]たん
ちいさん,1349,1349,8000,名詞,固有名詞,人名,一般,*,*,ちいさん,チイサン,チイサン,2/4,*,ち[い]さん
だんつく,1345,1345,8000,名詞,一般,*,*,*,*,だんつく,ダンツク,ダンツク,0/4,*,だ[んつく
だだだだだだ,1345,1345,8000,名詞,一般,*,*,*,*,だだだだだだ,ダダダダダダ,ダダダダダダ,0/6,*,だ[だだだだだ
だだだだ,1348,1348,8500,名詞,固有名詞,一般,*,*,*,だだだだ,ダダダダ,ダダダダ,0/4,*,だ[だだだ
だし,1345,1345,10000,名詞,一般,*,*,*,*,だし,ダシ,ダシ,1/2,*,だ]し
たろさん,1345,1345,8000,名詞,一般,*,*,*,*,たろさん,タロサン,タロサン,0/4,*,た[ろさん
たるい,1350,1350,8000,名詞,固有名詞,人名,姓,*,*,たるい,タルイ,タルイ,0/3,*,た[るい
たむらしげるさん,1349,1349,8000,名詞,固有名詞,人名,一般,*,*,たむらしげるさん,タムラシゲルサン,タムラシゲルサン,6/8,*,た[むらしげる]さん
たなぎ,1345,1345,8000,名詞,一般,*,*,*,*,たなぎ,タナギ,タナギ,1/3,*,た]なぎ
たどたどしさ,1345,1345,8000,名詞,一般,*,*,*,*,たどたどしさ,タドタドシサ,タドタドシサ,0/6,*,た[どたどしさ
たてまつ,1350,1350,8000,名詞,固有名詞,人名,姓,*,*,たてまつ,タテマツ,タテマツ,0/4,*,た[てまつ
たつよ,1351,1351,8000,名詞,固有名詞,人名,名,*,*,たつよ,タツヨ,タツヨ,0/3,*,た[つよ
ただひこ,1351,1351,8000,名詞,固有名詞,人名,名,*,*,ただひこ,タダヒコ,タダヒコ,2/4,*,た[だ]ひこ
たたけ,1345,1345,8000,名詞,一般,*,*,*,*,たたけ,タタケ,タタケ,0/3,*,た[たけ
たけふ,1353,1353,8000,名詞,固有名詞,地域,一般,*,*,たけふ,タケフ,タケフ,0/3,*,た[けふ
たけなか,1350,1350,8000,名詞,固有名詞,人名,姓,*,*,たけなか,タケナカ,タケナカ,0/4,*,た[けなか
たけちゃん,1349,1349,8000,名詞,固有名詞,人名,一般,*,*,たけちゃん,タケチャン,タケチャン,2/4,*,た[けち]ヤん
たくやん,1351,1351,8000,名詞,固有名詞,人名,名,*,*,たくやん,タクヤン,タクヤン,2/4,*,た[く]やん
たくたん,1351,1351,8000,名詞,固有名詞,人名,名,*,*,たくたん,タクタン,タクタン,0/4,*,た[くたん
たがわ,1353,1353,8000,名詞,固有名詞,地域,一般,*,*,たがわ,タガワ,タガワ,1/3,*,た]がわ
たかたかし,1349,1349,8000,名詞,固有名詞,人名,一般,*,*,たかたかし,タカタカシ,タカタカシ,3/5,*,た[かた]かし
たかせ,1350,1350,8000,名詞,固有名詞,人名,姓,*,*,たかせ,タカセ,タカセ,1/3,*,た]かせ
たえこちゃん,1351,1351,8000,名詞,固有名詞,人名,名,*,*,たえこちゃん,タエコチャン,タエコチャン,3/5,*,た[えこち]ヤん
たえこ,1351,1351,8500,名詞,固有名詞,人名,名,*,*,たえこ,タエコ,タエコ,1/3,*,た]えこ
ぞっき,1345,1345,8000,名詞,一般,*,*,*,*,ぞっき,ゾッキ,ゾッキ,0/3,*,ぞ[っき
そよさん,1345,1345,8000,名詞,一般,*,*,*,*,そよさん,ソヨサン,ソヨサン,0/4,*,そ[よさん
そそそそ,1345,1345,8000,名詞,一般,*,*,*,*,そそそそ,ソソソソ,ソソソソ,2/4,*,そ[そ]そそ
そうちゃん,1345,1345,8000,名詞,一般,*,*,*,*,そうちゃん,ソウチャン,ソウチャン,2/4,*,そ[うち]ヤん
そうさ,1345,1345,8000,名詞,一般,*,*,*,*,そうさ,ソウサ,ソウサ,0/3,*,そ[うさ
ぜーったい,1345,1345,8000,名詞,一般,*,*,*,*,ぜーったい,ゼーッタイ,ゼーッタイ,4/5,*,ぜ[ーった]い
ぜさい,1349,1349,8000,名詞,固有名詞,人名,一般,*,*,ぜさい,ゼサイ,ゼサイ,1/3,*,ぜ]さい
せんぱあい,1345,1345,8000,名詞,一般,*,*,*,*,せんぱあい,センパアイ,センパアイ,3/5,*,せ[んぱ]あい
せんだみつお,1349,1349,8000,名詞,固有名詞,人名,一般,*,*,せんだみつお,センダミツオ,センダミツオ,4/6,*,せ[んだみ]つお
せんざんき,1345,1345,8000,名詞,一般,*,*,*,*,せんざんき,センザンキ,センザンキ,3/5,*,せ[んざ]んき
せや,1349,1349,10000,名詞,固有名詞,人名,一般,*,*,せや,セヤ,セヤ,1/2,*,せ]や
せつな,1351,1351,8000,名詞,固有名詞,人名,名,*,*,せつな,セツナ,セツナ,0/3,*,せ[つな
せっつ,1353,1353,8000,名詞,固有名詞,地域,一般,*,*,せっつ,セッツ,セッツ,1/3,*,せ]っつ
せしから,1345,1345,8000,名詞,一般,*,*,*,*,せしから,セシカラ,セシカラ,0/4,*,せ[しから
せきもと,1353,1353,8000,名詞,固有名詞,地域,一般,*,*,せきもと,セキモト,セキモト,2/4,*,せ[き]もと
せいなんがれん,1345,1345,8000,名詞,一般,*,*,*,*,せいなんがれん,セイナンガレン,セイナンガレン,5/7,*,せ[いなんが]れん
せいざん,1351,1351,8000,名詞,固有名詞,人名,名,*,*,せいざん,セイザン,セイザン,1/4,*,せ]いざん
ずぼらさ,1345,1345,8000,名詞,一般,*,*,*,*,ずぼらさ,ズボラサ,ズボラサ,2/4,*,ず[ぼ]らさ
ずし,1353,1353,10000,名詞,固有名詞,地域,一般,*,*,ずし,ズシ,ズシ,1/2,*,ず]し
すみさん,1351,1351,8000,名詞,固有名詞,人名,名,*,*,すみさん,スミサン,スミサン,2/4,*,す[み]さん
すばる,1351,1351,8000,名詞,固有名詞,人名,名,*,*,すばる,スバル,スバル,1/3,*,す]ばる
すばしっこさ,1345,1345,8000,名詞,一般,*,*,*,*,すばしっこさ,スバシッコサ,スバシッコサ,0/6,*,す[ばしっこさ
すずさん,1351,1351,8000,名詞,固有名詞,人名,名,*,*,すずさん,スズサン,スズサン,2/4,*,す[ず]さん
すすむさん,1351,1351,8000,名詞,固有名詞,人名,名,*,*,すすむさん,ススムサン,ススムサン,3/5,*,す[すむ]さん
すさみ,1353,1353,8000,名詞,固有名詞,地域,一般,*,*,すさみ,スサミ,スサミ,0/3,*,す[さみ
すぎやま,1350,1350,8000,名詞,固有名詞,人名,姓,*,*,すぎやま,スギヤマ,スギヤマ,0/4,*,す[ぎやま
すぎた,1350,1350,8000,名詞,固有名詞,人名,姓,*,*,すぎた,スギタ,スギタ,0/3,*,す[ぎた
じんぎ,1345,1345,8000,名詞,一般,*,*,*,*,じんぎ,ジンギ,ジンギ,1/3,*,じ]んぎ
じょうざん,1353,1353,8000,名詞,固有名詞,地域,一般,*,*,じょうざん,ジョウザン,ジョウザン,1/4,*,じ]ヨうざん
じゅりちゃん,1351,1351,8000,名詞,固有名詞,人名,名,*,*,じゅりちゃん,ジュリチャン,ジュリチャン,3/4,*,じ[ユりち]ヤん
じゃんけんぽん,1345,1345,8000,名詞,一般,*,*,*,*,じゃんけんぽん,ジャンケンポン,ジャンケンポン,4/6,*,じ[ヤんけん]ぽん
じゃりめ,1345,1345,8000,名詞,一般,*,*,*,*,じゃりめ,ジャリメ,ジャリメ,0/3,*,じ[ヤりめ
しーちゃん,1345,1345,8000,名詞,一般,*,*,*,*,しーちゃん,シチャン,シチャン,0/3,*,し[ちヤん
しんや,1351,1351,8000,名詞,固有名詞,人名,名,*,*,しんや,シンヤ,シンヤ,1/3,*,し]んや
しんじ,1350,1350,8000,名詞,固有名詞,人名,姓,*,*,しんじ,シンジ,シンジ,1/3,*,し]んじ
しんごろう,1349,1349,8000,名詞,固有名詞,人名,一般,*,*,しんごろう,シンゴロウ,シンゴロウ,3/5,*,し[んご]ろう
しんごさん,1351,1351,8000,名詞,固有名詞,人名,名,*,*,しんごさん,シンゴサン,シンゴサン,3/5,*,し[んご]さん
しんいちろう,1351,1351,8000,名詞,固有名詞,人名,名,*,*,しんいちろう,シンイチロウ,シンイチロウ,0/6,*,し[んいちろう
しろりん,1345,1345,8000,名詞,一般,*,*,*,*,しろりん,シロリン,シロリン,2/4,*,し[ろ]りん
しょん,1345,1345,8000,名詞,一般,*,*,*,*,しょん,ション,ション,0/2,*,し[ヨん
しょうじ,1351,1351,8000,名詞,固有名詞,人名,名,*,*,しょうじ,ショウジ,ショウジ,0/3,*,し[ヨうじ
しょうこ,1351,1351,8000,名詞,固有名詞,人名,名,*,*,しょうこ,ショウコ,ショウコ,1/3,*,し]ヨうこ
しょうき,1351,1351,8000,名詞,固有名詞,人名,名,*,*,しょうき,ショウキ,ショウキ,1/3,*,し]ヨうき
しゆんぜい,1351,1351,8000,名詞,固有名詞,人名,名,*,*,しゆんぜい,シュンゼイ,シュンゼイ,1/4,*,し]ユんぜい
しゅーまん,1349,1349,8000,名詞,固有名詞,人名,一般,*,*,しゅーまん,シュウマン,シュウマン,1/4,*,し]ユうまん
しゅうじ,1351,1351,8000,名詞,固有名詞,人名,名,*,*,しゅうじ,シュウジ,シュウジ,1/3,*,し]ユうじ
しゅういち,1351,1351,8000,名詞,固有名詞,人名,名,*,*,しゅういち,シュウイチ,シュウイチ,0/4,*,し[ユういち
しゃぎり,1345,1345,8000,名詞,一般,*,*,*,*,しゃぎり,シャギリ,シャギリ,0/3,*,し[ヤぎり
しもり,1345,1345,8000,名詞,一般,*,*,*,*,しもり,シモリ,シモリ,0/3,*,し[もり
しものせき,1353,1353,8000,名詞,固有名詞,地域,一般,*,*,しものせき,シモノセキ,シモノセキ,3/5,*,し[もの]せき
しぶや,1353,1353,8000,名詞,固有名詞,地域,一般,*,*,しぶや,シブヤ,シブヤ,0/3,*,し[ぶや
しばた,1350,1350,8000,名詞,固有名詞,人名,姓,*,*,しばた,シバタ,シバタ,1/3,*,し]ばた
しのぶさん,1351,1351,8000,名詞,固有名詞,人名,名,*,*,しのぶさん,シノブサン,シノブサン,3/5,*,し[のぶ]さん
しどけなさ,1345,1345,8000,名詞,一般,*,*,*,*,しどけなさ,シドケナサ,シドケナサ,0/5,*,し[どけなさ
しつもーん,1345,1345,8000,名詞,一般,*,*,*,*,しつもーん,シツモーン,シツモーン,0/5,*,し[つもーん
しつっこさ,1345,1345,8000,名詞,一般,*,*,*,*,しつっこさ,シツッコサ,シツッコサ,0/5,*,し[つっこさ
しちゃん,1345,1345,8000,名詞,一般,*,*,*,*,しちゃん,シイチャン,シイチャン,2/4,*,し[いち]ヤん
しずおか,1353,1353,8000,名詞,固有名詞,地域,一般,*,*,しずおか,シズオカ,シズオカ,2/4,*,し[ず]おか
しこ,1345,1345,10000,名詞,一般,*,*,*,*,しこ,シコ,シコ,1/2,*,し]こ
しげお,1351,1351,8000,名詞,固有名詞,人名,名,*,*,しげお,シゲオ,シゲオ,0/3,*,し[げお
しがっじょか,1345,1345,8000,名詞,一般,*,*,*,*,しがっじょか,シガッジョカ,シガッジョカ,1/5,*,し[が]っじヨか
しかり,1345,1345,8000,名詞,一般,*,*,*,*,しかり,シカリ,シカリ,0/3,*,し[かり
しいちゃん,1345,1345,8000,名詞,一般,*,*,*,*,しいちゃん,シイチャン,シイチャン,2/4,*,し[いち]ヤん
ざりがにさん,1345,1345,8000,名詞,一般,*,*,*,*,ざりがにさん,ザリガニサン,ザリガニサン,0/6,*,ざ[りがにさん
さんすけ,1351,1351,8000,名詞,固有名詞,人名,名,*,*,さんすけ,サンスケ,サンスケ,1/4,*,さ]んすけ
さららちゃん,1345,1345,8000,名詞,一般,*,*,*,*,さららちゃん,サララチャン,サララチャン,3/5,*,さ[ららち]ヤん
さらえ,1345,1345,8000,名詞,一般,*,*,*,*,さらえ,サラエ,サラエ,0/3,*,さ[らえ
さゆちゃん,1351,1351,8000,名詞,固有名詞,人名,名,*,*,さゆちゃん,サユチャン,サユチャン,2/4,*,さ[ゆち]ヤん
さぶろう,1351,1351,8000,名詞,固有名詞,人名,名,*,*,さぶろう,サブロウ,サブロウ,0/4,*,さ[ぶろう
さねさし,1345,1345,8000,名詞,一般,*,*,*,*,さねさし,サネサシ,サネサシ,0/4,*,さ[ねさし
さなぼり,1345,1345,8000,名詞,一般,*,*,*,*,さなぼり,サナボリ,サナボリ,2/4,*,さ[な]ぼり
さなえ,1351,1351,8000,名詞,固有名詞,人名,名,*,*,さなえ,サナエ,サナエ,0/3,*,さ[なえ
さとみちゃん,1351,1351,8000,名詞,固有名詞,人名,名,*,*,さとみちゃん,サトミチャン,サトミチャン,3/5,*,さ[とみち]ヤん
さとみ,1351,1351,8500,名詞,固有名詞,人名,名,*,*,さとみ,サトミ,サトミ,0/3,*,さ[とみ
さっちゃん,1345,1345,8000,名詞,一般,*,*,*,*,さっちゃん,サッチャン,サッチャン,2/4,*,さ[っち]ヤん
させっぽ,1345,1345,8000,名詞,一般,*,*,*,*,させっぽ,サセッポ,サセッポ,1/4,*,さ[せ]っぽ
さくらぴあ,1345,1345,8000,名詞,一般,*,*,*,*,さくらぴあ,サクラピア,サクラピア,3/5,*,さ[くら]ぴあ
さくらさん,1350,1350,8000,名詞,固有名詞,人名,姓,*,*,さくらさん,サクラサン,サクラサン,3/5,*,さ[くら]さん
さくま,1350,1350,8000,名詞,固有名詞,人名,姓,*,*,さくま,サクマ,サクマ,1/3,*,さ]くま
さかぐち,1350,1350,8000,名詞,固有名詞,人名,姓,*,*,さかぐち,サカグチ,サカグチ,0/4,*,さ[かぐち
さかがみ,1350,1350,8000,名詞,固有名詞,人名,姓,*,*,さかがみ,サカガミ,サカガミ,0/4,*,さ[かがみ
さかいこまこ,1349,1349,8000,名詞,固有名詞,人名,一般,*,*,さかいこまこ,サカイコマコ,サカイコマコ,1/6,*,さ]かいこ]まこ
さおり,1345,1345,8000,名詞,一般,*,*,*,*,さおり,サオリ,サオリ,0/3,*,さ[おり
さえみ,1351,1351,8000,名詞,固有名詞,人名,名,*,*,さえみ,サエミ,サエミ,0/3,*,さ[えみ
さえ,1351,1351,10000,名詞,固有名詞,人名,名,*,*,さえ,サエ,サエ,1/2,*,さ]え
さいかち,1350,1350,8000,名詞,固有名詞,人名,姓,*,*,さいかち,サイカチ,サイカチ,0/4,*,さ[いかち
ごーと,1353,1353,8000,名詞,固有名詞,地域,一般,*,*,ごーと,ゴート,ゴート,1/3,*,ご]ーと
ごんさん,1345,1345,8000,名詞,一般,*,*,*,*,ごんさん,ゴンサン,ゴンサン,2/4,*,ご[ん]さん
ごんご,1345,1345,8000,名詞,一般,*,*,*,*,ごんご,ゴンゴ,ゴンゴ,1/3,*,ご]んご
ごろんぼ,1345,1345,8000,名詞,一般,*,*,*,*,ごろんぼ,ゴロンボ,ゴロンボ,0/4,*,ご[ろんぼ
ごろう,1351,1351,8000,名詞,固有名詞,人名,名,*,*,ごろう,ゴロウ,ゴロウ,1/3,*,ご]ろう
ごりゅう,1353,1353,8000,名詞,固有名詞,地域,一般,*,*,ごりゅう,ゴリュウ,ゴリュウ,1/3,*,ご[り]ユう
ごとう,1350,1350,8000,名詞,固有名詞,人名,姓,*,*,ごとう,ゴトウ,ゴトウ,1/3,*,ご]とう
ごと,1345,1345,10000,名詞,一般,*,*,*,*,ごと,ゴト,ゴト,1/2,*,ご]と
ごっそう,1345,1345,8000,名詞,一般,*,*,*,*,ごっそう,ゴッソウ,ゴッソウ,0/4,*,ご[っそう
ごだ,1345,1345,10000,名詞,一般,*,*,*,*,ごだ,ゴダ,ゴダ,1/2,*,ご]だ
ごこ,1345,1345,10000,名詞,一般,*,*,*,*,ごこ,ゴコ,ゴコ,1/2,*,ご]こ
こやまゆかりさん,1349,1349,8000,名詞,固有名詞,人名,一般,*,*,こやまゆかりさん,コヤマユカリサン,コヤマユカリサン,6/8,*,こ[やまゆかり]さん
こやまゆかり,1349,1349,8500,名詞,固有名詞,人名,一般,*,*,こやまゆかり,コヤマユカリ,コヤマユカリ,4/6,*,こ[やまゆ]かり
こやまさん,1350,1350,8000,名詞,固有名詞,人名,姓,*,*,こやまさん,コヤマサン,コヤマサン,3/5,*,こ[やま]さん
こやまきみこ,1349,1349,8000,名詞,固有名詞,人名,一般,*,*,こやまきみこ,コヤマキミコ,コヤマキミコ,4/6,*,こ[やまき]みこ
こやま,1350,1350,8500,名詞,固有名詞,人名,姓,*,*,こやま,コヤマ,コヤマ,1/3,*,こ]やま
こまっちゃん,1349,1349,8000,名詞,固有名詞,人名,一般,*,*,こまっちゃん,コマッチャン,コマッチャン,3/5,*,こ[まっち]ヤん
こましゅう,1349,1349,8000,名詞,固有名詞,人名,一般,*,*,こましゅう,コマシュウ,コマシュウ,2/4,*,こ[まし]ユう
こどちゃ,1345,1345,8000,名詞,一般,*,*,*,*,こどちゃ,コドチャ,コドチャ,0/3,*,こ[どちヤ
こっぺい,1345,1345,8000,名詞,一般,*,*,*,*,こっぺい,コッペイ,コッペイ,1/4,*,こ]っぺい
こっちさ,1345,1345,8000,名詞,一般,*,*,*,*,こっちさ,コッチサ,コッチサ,0/4,*,こ[っちさ
こたうめ,1348,1348,8000,名詞,固有名詞,一般,*,*,*,こたうめ,コタウメ,コタウメ,2/4,*,こ[た]うめ
こそばゆさ,1345,1345,8000,名詞,一般,*,*,*,*,こそばゆさ,コソバユサ,コソバユサ,0/5,*,こ[そばゆさ
こずえ,1351,1351,8000,名詞,固有名詞,人名,名,*,*,こずえ,コズエ,コズエ,0/3,*,こ[ずえ
こじはん,1345,1345,8000,名詞,一般,*,*,*,*,こじはん,コジハン,コジハン,0/4,*,こ[じはん
こさん,1345,1345,8000,名詞,一般,*,*,*,*,こさん,コサン,コサン,0/3,*,こ[さん
こごもり,1353,1353,8000,名詞,固有名詞,地域,一般,*,*,こごもり,コゴモリ,コゴモリ,0/4,*,こ[ごもり
ここあ,1351,1351,8000,名詞,固有名詞,人名,名,*,*,ここあ,ココア,ココア,0/3,*,こ[こあ
こうめい,1351,1351,8000,名詞,固有名詞,人名,名,*,*,こうめい,コウメイ,コウメイ,0/4,*,こ[うめい
こうへい,1351,1351,8000,名詞,固有名詞,人名,名,*,*,こうへい,コウヘイ,コウヘイ,0/4,*,こ[うへい
こうぶり,1345,1345,8000,名詞,一般,*,*,*,*,こうぶり,コウブリ,コウブリ,0/4,*,こ[うぶり
こうひんな,1349,1349,8000,名詞,固有名詞,人名,一般,*,*,こうひんな,コウヒンナ,コウヒンナ,0/5,*,こ[うひんな
こうちゃ,1345,1345,8000,名詞,一般,*,*,*,*,こうちゃ,コウチャ,コウチャ,0/3,*,こ[うちヤ
こうた,1351,1351,8000,名詞,固有名詞,人名,名,*,*,こうた,コウタ,コウタ,1/3,*,こ]うた
こうじさん,1351,1351,8000,名詞,固有名詞,人名,名,*,*,こうじさん,コウジサン,コウジサン,3/5,*,こ[うじ]さん
こういちさん,1351,1351,8000,名詞,固有名詞,人名,名,*,*,こういちさん,コウイチサン,コウイチサン,4/6,*,こ[ういち]さん
こいずみまり,1349,1349,8000,名詞,固有名詞,人名,一般,*,*,こいずみまり,コイズミマリ,コイズミマリ,0/6,*,こ[いずみ[まり
げんまん,1345,1345,8000,名詞,一般,*,*,*,*,げんまん,ゲンマン,ゲンマン,0/4,*,げ[んまん
けー,1351,1351,10000,名詞,固有名詞,人名,名,*,*,けー,ケイ,ケイ,1/2,*,け]い
けんむん,1345,1345,8000,名詞,一般,*,*,*,*,けんむん,ケンムン,ケンムン,0/4,*,け[んむん
けんとさん,1351,1351,8000,名詞,固有名詞,人名,名,*,*,けんとさん,ケントサン,ケントサン,3/5,*,け[んと]さん
けんきち,1351,1351,8000,名詞,固有名詞,人名,名,*,*,けんきち,ケンキチ,ケンキチ,0/4,*,け[んきち
けつめど,1345,1345,8000,名詞,一般,*,*,*,*,けつめど,ケツメド,ケツメド,0/4,*,け[つめど
けった,1345,1345,8000,名詞,一般,*,*,*,*,けった,ケッタ,ケッタ,0/3,*,け[った
けかち,1345,1345,8000,名詞,一般,*,*,*,*,けかち,ケカチ,ケカチ,0/3,*,け[かち
けいた,1351,1351,8000,名詞,固有名詞,人名,名,*,*,けいた,ケイタ,ケイタ,1/3,*,け]いた
けいじろうさん,1351,1351,8000,名詞,固有名詞,人名,名,*,*,けいじろうさん,ケイジロウサン,ケイジロウサン,1/7,*,け]いじろう]さん
ぐるさん,1345,1345,8000,名詞,一般,*,*,*,*,ぐるさん,グルサン,グルサン,2/4,*,ぐ[る]さん
ぐっ,1349,1349,10000,名詞,固有名詞,人名,一般,*,*,ぐっ,グッ,グッ,1/2,*,ぐ]っ
ぐちゃん,1349,1349,8000,名詞,固有名詞,人名,一般,*,*,ぐちゃん,グチャン,グチャン,0/3,*,ぐ[ちヤん
ぐうちょきぱあ,1345,1345,8000,名詞,一般,*,*,*,*,ぐうちょきぱあ,グウチョキパア,グウチョキパア,0/6,*,ぐ[うちヨきぱあ
ぐうたらぐうたら,1345,1345,8000,名詞,一般,*,*,*,*,ぐうたらぐうたら,グウタラグウタラ,グウタラグウタラ,6/8,*,ぐ[うたらぐう]たら
くるよ,1351,1351,8000,名詞,固有名詞,人名,名,*,*,くるよ,クルヨ,クルヨ,0/3,*,く[るよ
くらたまさん,1349,1349,8000,名詞,固有名詞,人名,一般,*,*,くらたまさん,クラタマサン,クラタマサン,4/6,*,く[らたま]さん
くめよばあさん,1351,1351,8000,名詞,固有名詞,人名,名,*,*,くめよばあさん,クメヨバアサン,クメヨバアサン,5/7,*,く[めよばあ]さん
くめよ,1351,1351,8500,名詞,固有名詞,人名,名,*,*,くめよ,クメヨ,クメヨ,0/3,*,く[めよ
くみ,1351,1351,10000,名詞,固有名詞,人名,名,*,*,くみ,クミ,クミ,1/2,*,く]み
くまもと,1353,1353,8000,名詞,固有名詞,地域,一般,*,*,くまもと,クマモト,クマモト,0/4,*,く[まもと
くまがわ,1353,1353,8000,名詞,固有名詞,地域,一般,*,*,くまがわ,クマガワ,クマガワ,0/4,*,く[まがわ
くまがい,1350,1350,8000,名詞,固有名詞,人名,姓,*,*,くまがい,クマガイ,クマガイ,0/4,*,く[まがい
くにさき,1353,1353,8000,名詞,固有名詞,地域,一般,*,*,くにさき,クニサキ,クニサキ,0/4,*,く[にさき
くどちゃん,1345,1345,8000,名詞,一般,*,*,*,*,くどちゃん,クドチャン,クドチャン,2/4,*,く[どち]ヤん
くだくだ,1345,1345,8000,名詞,一般,*,*,*,*,くだくだ,クダクダ,クダクダ,0/4,*,く[だくだ
くぜ,1350,1350,10000,名詞,固有名詞,人名,姓,*,*,くぜ,クゼ,クゼ,1/2,*,く]ぜ
くしろ,1353,1353,8000,名詞,固有名詞,地域,一般,*,*,くしろ,クシロ,クシロ,1/3,*,く]しろ
くしかわ,1353,1353,8000,名詞,固有名詞,地域,一般,*,*,くしかわ,グシカワ,グシカワ,0/4,*,ぐ[しかわ
ぎりぎりちゃん,1345,1345,8000,名詞,一般,*,*,*,*,ぎりぎりちゃん,ギリギリチャン,ギリギリチャン,4/6,*,ぎ[りぎりち]ヤん
ぎゃさん,1345,1345,8000,名詞,一般,*,*,*,*,ぎゃさん,ギャサン,ギャサン,0/3,*,ぎ[ヤさん
ぎぼ,1350,1350,10000,名詞,固有名詞,人名,姓,*,*,ぎぼ,ギボ,ギボ,1/2,*,ぎ]ぼ
きんぷ,1353,1353,8000,名詞,固有名詞,地域,一般,*,*,きんぷ,キンプ,キンプ,0/3,*,き[んぷ
きらきらさん,1345,1345,8000,名詞,一般,*,*,*,*,きらきらさん,キラキラサン,キラキラサン,0/6,*,き[らきらさん
きよしさん,1351,1351,8000,名詞,固有名詞,人名,名,*,*,きよしさん,キヨシサン,キヨシサン,3/5,*,き[よし]さん
きよこ,1351,1351,8000,名詞,固有名詞,人名,名,*,*,きよこ,キヨコ,キヨコ,1/3,*,き]よこ
きよえちゃん,1351,1351,8000,名詞,固有名詞,人名,名,*,*,きよえちゃん,キヨエチャン,キヨエチャン,3/5,*,き[よえち]ヤん
きゃみさん,1349,1349,8000,名詞,固有名詞,人名,一般,*,*,きゃみさん,キャミサン,キャミサン,2/4,*,き[ヤみ]さん
きむらゆういち,1349,1349,8000,名詞,固有名詞,人名,一般,*,*,きむらゆういち,キムラユウイチ,キムラユウイチ,5/7,*,き[むらゆう]いち
きみまろ,1351,1351,8000,名詞,固有名詞,人名,名,*,*,きみまろ,キミマロ,キミマロ,0/4,*,き[みまろ
きぬちゃん,1348,1348,8000,名詞,固有名詞,一般,*,*,*,きぬちゃん,キヌチャン,キヌチャン,2/4,*,き[ぬち]ヤん
きつ,1345,1345,10000,名詞,一般,*,*,*,*,きつ,キツ,キツ,1/2,*,き]つ
きしすみこ,1349,1349,8000,名詞,固有名詞,人名,一般,*,*,きしすみこ,キシスミコ,キシスミコ,3/5,*,き[しす]みこ
きし,1350,1350,10000,名詞,固有名詞,人名,姓,*,*,きし,キシ,キシ,1/2,*,き]し
きこきこさん,1345,1345,8000,名詞,一般,*,*,*,*,きこきこさん,キコキコサン,キコキコサン,0/6,*,き[こきこさん
がんさい,1345,1345,8000,名詞,一般,*,*,*,*,がんさい,ガンサイ,ガンサイ,0/4,*,が[んさい
がれん,1345,1345,8000,名詞,一般,*,*,*,*,がれん,ガレン,ガレン,2/3,*,が[れ]ん
がっこ,1345,1345,8000,名詞,一般,*,*,*,*,がっこ,ガッコ,ガッコ,0/3,*,が[っこ
がさつさ,1345,1345,8000,名詞,一般,*,*,*,*,がさつさ,ガサツサ,ガサツサ,0/4,*,が[さつさ
かん,1345,1345,10000,名詞,一般,*,*,*,*,かん,カン,カン,1/2,*,か]ん
かわむら,1350,1350,8000,名詞,固有名詞,人名,姓,*,*,かわむら,カワムラ,カワムラ,0/4,*,か[わむら
かわしま,1350,1350,8000,名詞,固有名詞,人名,姓,*,*,かわしま,カワシマ,カワシマ,0/4,*,か[わしま
かるはま,1345,1345,8000,名詞,一般,*,*,*,*,かるはま,カルハマ,カルハマ,0/4,*,か[るはま
かりゆし,1345,1345,8000,名詞,一般,*,*,*,*,かりゆし,カリユシ,カリユシ,0/4,*,か[りゆし
からっけつ,1345,1345,8000,名詞,一般,*,*,*,*,からっけつ,カラッケツ,カラッケツ,0/5,*,か[らっけつ
かよう,1353,1353,8000,名詞,固有名詞,地域,一般,*,*,かよう,カヨウ,カヨウ,0/3,*,か[よう
かやま,1348,1348,8000,名詞,固有名詞,一般,*,*,*,かやま,カヤマ,カヤマ,0/3,*,か[やま
かめなしかずや,1349,1349,8000,名詞,固有名詞,人名,一般,*,*,かめなしかずや,カメナシカズヤ,カメナシカズヤ,5/7,*,か[めなしか]ずや
かめ,1349,1349,10000,名詞,固有名詞,人名,一般,*,*,かめ,カメ,カメ,1/2,*,か]め
かみうら,1350,1350,8000,名詞,固有名詞,人名,姓,*,*,かみうら,カミウラ,カミウラ,0/4,*,か[みうら
かま,1345,1345,10000,名詞,一般,*,*,*,*,かま,カマ,カマ,1/2,*,か]ま
かなえさん,1351,1351,8000,名詞,固有名詞,人名,名,*,*,かなえさん,カナエサン,カナエサン,3/5,*,か[なえ]さん
かなえ,1351,1351,8500,名詞,固有名詞,人名,名,*,*,かなえ,カナエ,カナエ,0/3,*,か[なえ
かどくらたかし,1349,1349,8000,名詞,固有名詞,人名,一般,*,*,かどくらたかし,カドクラタカシ,カドクラタカシ,5/7,*,か[どくらた]かし
かとうかずこ,1349,1349,8000,名詞,固有名詞,人名,一般,*,*,かとうかずこ,カトウカズコ,カトウカズコ,4/6,*,か[とうか]ずこ
かでる,1348,1348,8000,名詞,固有名詞,一般,*,*,*,かでる,カデル,カデル,1/3,*,か]でる
かつき,1345,1345,8000,名詞,一般,*,*,*,*,かつき,カツキ,カツキ,0/3,*,か[つき
かちんこ,1345,1345,8000,名詞,一般,*,*,*,*,かちんこ,カチンコ,カチンコ,0/4,*,か[ちんこ
かずき,1351,1351,8000,名詞,固有名詞,人名,名,*,*,かずき,カズキ,カズキ,1/3,*,か]ずき
かすや,1350,1350,8000,名詞,固有名詞,人名,姓,*,*,かすや,カスヤ,カスヤ,1/3,*,か]すや
かさいとし,1349,1349,8000,名詞,固有名詞,人名,一般,*,*,かさいとし,カサイトシ,カサイトシ,3/5,*,か[さい]とし
かさ,1353,1353,10000,名詞,固有名詞,地域,一般,*,*,かさ,カサ,カサ,1/2,*,か]さ
かける,1351,1351,8000,名詞,固有名詞,人名,名,*,*,かける,カケル,カケル,0/3,*,か[ける
かかさん,1345,1345,8000,名詞,一般,*,*,*,*,かかさん,カカサン,カカサン,2/4,*,か[か]さん
おりせ,1351,1351,8000,名詞,固有名詞,人名,名,*,*,おりせ,オリセ,オリセ,0/3,*,お[りせ
およき,1345,1345,8000,名詞,一般,*,*,*,*,およき,オヨキ,オヨキ,1/3,*,お]よき
おもろまち,1353,1353,8000,名詞,固有名詞,地域,一般,*,*,おもろまち,オモロマチ,オモロマチ,3/5,*,お[もろ]まち
おませさん,1345,1345,8000,名詞,一般,*,*,*,*,おませさん,オマセサン,オマセサン,3/5,*,お[ませ]さん
おませ,1345,1345,8500,名詞,一般,*,*,*,*,おませ,オマセ,オマセ,0/3,*,お[ませ
おまきさん,1351,1351,8000,名詞,固有名詞,人名,名,*,*,おまきさん,オマキサン,オマキサン,3/5,*,お[まき]さん
おふみちゃん,1351,1351,8000,名詞,固有名詞,人名,名,*,*,おふみちゃん,オフミチャン,オフミチャン,3/5,*,お[ふみち]ヤん
おねーちゃん,1351,1351,8000,名詞,固有名詞,人名,名,*,*,おねーちゃん,オネチャン,オネチャン,2/4,*,お[ねち]ヤん
おにゅう,1353,1353,8000,名詞,固有名詞,地域,一般,*,*,おにゅう,オニュウ,オニュウ,0/3,*,お[にユう
おにゃのこ,1345,1345,8000,名詞,一般,*,*,*,*,おにゃのこ,オニャノコ,オニャノコ,1/4,*,お[にヤ]のこ
おにいし,1353,1353,8000,名詞,固有名詞,地域,一般,*,*,おにいし,オニイシ,オニイシ,0/4,*,お[にいし
おつまさん,1351,1351,8000,名詞,固有名詞,人名,名,*,*,おつまさん,オツマサン,オツマサン,3/5,*,お[つま]さん
おっぱいちゃん,1345,1345,8000,名詞,一般,*,*,*,*,おっぱいちゃん,オッパイチャン,オッパイチャン,1/6,*,お]っぱいち]ヤん
おっぱいおっぱい,1345,1345,8000,名詞,一般,*,*,*,*,おっぱいおっぱい,オッパイオッパイ,オッパイオッパイ,4/8,*,お[っぱいお]っぱい
おっこ,1351,1351,8000,名詞,固有名詞,人名,名,*,*,おっこ,オッコ,オッコ,1/3,*,お]っこ
おっかなさ,1345,1345,8000,名詞,一般,*,*,*,*,おっかなさ,オッカナサ,オッカナサ,0/5,*,お[っかなさ
おちづさん,1351,1351,8000,名詞,固有名詞,人名,名,*,*,おちづさん,オチズサン,オチズサン,3/5,*,お[ちず]さん
おさんどん,1351,1351,8000,名詞,固有名詞,人名,名,*,*,おさんどん,オサンドン,オサンドン,3/5,*,お[さん]どん
おぎんさん,1351,1351,8000,名詞,固有名詞,人名,名,*,*,おぎんさん,オギンサン,オギンサン,3/5,*,お[ぎん]さん
おきなわ,1353,1353,8000,名詞,固有名詞,地域,一般,*,*,おきなわ,オキナワ,オキナワ,0/4,*,お[きなわ
おかじ,1349,1349,8000,名詞,固有名詞,人名,一般,*,*,おかじ,オカジ,オカジ,1/3,*,お]かじ
おおくぼ,1350,1350,8000,名詞,固有名詞,人名,姓,*,*,おおくぼ,オオクボ,オオクボ,0/4,*,お[おくぼ
おいち,1349,1349,8000,名詞,固有名詞,人名,一般,*,*,おいち,オイチ,オイチ,2/3,*,お[い]ち
えんが,1345,1345,8000,名詞,一般,*,*,*,*,えんが,エンガ,エンガ,1/3,*,え]んが
えりりんこちゃん,1345,1345,8000,名詞,一般,*,*,*,*,えりりんこちゃん,エリリンコチャン,エリリンコチャン,7/7,*,え[りりんこ[ち]ヤん
えみさん,1351,1351,8000,名詞,固有名詞,人名,名,*,*,えみさん,エミサン,エミサン,2/4,*,え[み]さん
えへへ,1345,1345,8000,名詞,一般,*,*,*,*,えへへ,エヘヘ,エヘヘ,0/3,*,え[へへ
えびの,1353,1353,8000,名詞,固有名詞,地域,一般,*,*,えびの,エビノ,エビノ,0/3,*,え[びの
えのしま,1353,1353,8000,名詞,固有名詞,地域,一般,*,*,えのしま,エノシマ,エノシマ,0/4,*,え[のしま
えのきどいちろうさん,1349,1349,8000,名詞,固有名詞,人名,一般,*,*,えのきどいちろうさん,エノキドイチロウサン,エノキドイチロウサン,8/10,*,え[のきどいちろう]さん
えなさん,1351,1351,8000,名詞,固有名詞,人名,名,*,*,えなさん,エナサン,エナサン,2/4,*,え[な]さん
えな,1351,1351,10000,名詞,固有名詞,人名,名,*,*,えな,エナ,エナ,1/2,*,え]な
えとろふ,1353,1353,8000,名詞,固有名詞,地域,一般,*,*,えとろふ,エトロフ,エトロフ,0/4,*,え[とろふ
えつり,1345,1345,8000,名詞,一般,*,*,*,*,えつり,エツリ,エツリ,0/3,*,え[つり
えつ,1345,1345,10000,名詞,一般,*,*,*,*,えつ,エツ,エツ,1/2,*,え]つ
えっこ,1345,1345,8000,名詞,一般,*,*,*,*,えっこ,エッコ,エッコ,1/3,*,え]っこ
えちごふじ,1345,1345,8000,名詞,一般,*,*,*,*,えちごふじ,エチゴフジ,エチゴフジ,3/5,*,え[ちご]ふじ
えちご,1350,1350,8500,名詞,固有名詞,人名,姓,*,*,えちご,エチゴ,エチゴ,1/3,*,え]ちご
えすみまきこ,1349,1349,8000,名詞,固有名詞,人名,一般,*,*,えすみまきこ,エスミマキコ,エスミマキコ,4/6,*,え[すみま]きこ
えじまみかちゃん,1349,1349,8000,名詞,固有名詞,人名,一般,*,*,えじまみかちゃん,エジマミカチャン,エジマミカチャン,5/7,*,え[じまみかち]ヤん
えじこはん,1345,1345,8000,名詞,一般,*,*,*,*,えじこはん,エジコハン,エジコハン,0/5,*,え[じこはん
えげつなさ,1345,1345,8000,名詞,一般,*,*,*,*,えげつなさ,エゲツナサ,エゲツナサ,0/5,*,え[げつなさ
えぐっちゃん,1345,1345,8000,名詞,一般,*,*,*,*,えぐっちゃん,エグッチャン,エグッチャン,3/5,*,え[ぐっち]ヤん
えぎ,1350,1350,10000,名詞,固有名詞,人名,姓,*,*,えぎ,エギ,エギ,1/2,*,え]ぎ
えきえ,1345,1345,8000,名詞,一般,*,*,*,*,えきえ,エキエ,エキエ,0/3,*,え[きえ
えがみ,1350,1350,8000,名詞,固有名詞,人名,姓,*,*,えがみ,エガミ,エガミ,1/3,*,え]がみ
えいよ,1349,1349,8000,名詞,固有名詞,人名,一般,*,*,えいよ,エイヨ,エイヨ,1/3,*,え]いよ
えいみ,1351,1351,8000,名詞,固有名詞,人名,名,*,*,えいみ,エイミ,エイミ,0/3,*,え[いみ
えいてつ,1351,1351,8000,名詞,固有名詞,人名,名,*,*,えいてつ,エイテツ,エイテツ,1/4,*,え]いてつ
えいちゅう,1351,1351,8000,名詞,固有名詞,人名,名,*,*,えいちゅう,エイチュウ,エイチュウ,1/4,*,え]いちユう
えいちゃん,1345,1345,8000,名詞,一般,*,*,*,*,えいちゃん,エイチャン,エイチャン,2/4,*,え[いち]ヤん
えいすけ,1351,1351,8000,名詞,固有名詞,人名,名,*,*,えいすけ,エイスケ,エイスケ,1/4,*,え]いすけ
えいさく,1351,1351,8000,名詞,固有名詞,人名,名,*,*,えいさく,エイサク,エイサク,0/4,*,え[いさく
えいいち,1351,1351,8000,名詞,固有名詞,人名,名,*,*,えいいち,エイイチ,エイイチ,0/4,*,え[いいち
うーちゃん,1349,1349,8000,名詞,固有名詞,人名,一般,*,*,うーちゃん,ウーチャン,ウーチャン,2/4,*,う[ーち]ヤん
うーさん,1345,1345,8000,名詞,一般,*,*,*,*,うーさん,ウーサン,ウーサン,0/4,*,う[ーさん
うんちゃん,1345,1345,8000,名詞,一般,*,*,*,*,うんちゃん,ウンチャン,ウンチャン,2/4,*,う[んち]ヤん
うんため,1345,1345,8000,名詞,一般,*,*,*,*,うんため,ウンタメ,ウンタメ,0/4,*,う[んため
うんこちゃん,1345,1345,8000,名詞,一般,*,*,*,*,うんこちゃん,ウンコチャン,ウンコチャン,3/5,*,う[んこち]ヤん
うんこさん,1345,1345,8000,名詞,一般,*,*,*,*,うんこさん,ウンコサン,ウンコサン,3/5,*,う[んこ]さん
うるるちゃん,1345,1345,8000,名詞,一般,*,*,*,*,うるるちゃん,ウルルチャン,ウルルチャン,3/5,*,う[るるち]ヤん
うるま,1353,1353,8000,名詞,固有名詞,地域,一般,*,*,うるま,ウルマ,ウルマ,1/3,*,う]るま
うるさか,1351,1351,8000,名詞,固有名詞,人名,名,*,*,うるさか,ウルサカ,ウルサカ,0/4,*,う[るさか
うるい,1345,1345,8000,名詞,一般,*,*,*,*,うるい,ウルイ,ウルイ,1/3,*,う]るい
うりっぱ,1345,1345,8000,名詞,一般,*,*,*,*,うりっぱ,ウリッパ,ウリッパ,1/4,*,う[り]っぱ
うらんちゃん,1349,1349,8000,名詞,固有名詞,人名,一般,*,*,うらんちゃん,ウランチャン,ウランチャン,3/5,*,う[らんち]ヤん
うらん,1349,1349,8500,名詞,固有名詞,人名,一般,*,*,うらん,ウラン,ウラン,1/3,*,う]らん
うらら,1345,1345,8000,名詞,一般,*,*,*,*,うらら,ウララ,ウララ,0/3,*,う[らら
うめちゃん,1351,1351,8000,名詞,固有名詞,人名,名,*,*,うめちゃん,ウメチャン,ウメチャン,2/4,*,う[めち]ヤん
うへの,1353,1353,8000,名詞,固有名詞,地域,一般,*,*,うへの,ウエノ,ウエノ,0/3,*,う[えの
うばら,1350,1350,8000,名詞,固有名詞,人名,姓,*,*,うばら,ウバラ,ウバラ,1/3,*,う]ばら
うばたま,1345,1345,8000,名詞,一般,*,*,*,*,うばたま,ウバタマ,ウバタマ,0/4,*,う[ばたま
うのさん,1351,1351,8000,名詞,固有名詞,人名,名,*,*,うのさん,ウノサン,ウノサン,2/4,*,う[の]さん
うなひ,1353,1353,8000,名詞,固有名詞,地域,一般,*,*,うなひ,ウナイ,ウナイ,1/3,*,う]ない
うなぎまつり,1345,1345,8000,名詞,一般,*,*,*,*,うなぎまつり,ウナギマツリ,ウナギマツリ,4/6,*,う[なぎま]つり
うながっぱ,1348,1348,8000,名詞,固有名詞,一般,*,*,*,うながっぱ,ウナガッパ,ウナガッパ,2/5,*,う[なが]っぱ
うつみようこ,1349,1349,8000,名詞,固有名詞,人名,一般,*,*,うつみようこ,ウツミヨウコ,ウツミヨウコ,4/6,*,う[つみよ]うこ
うっちん,1345,1345,8000,名詞,一般,*,*,*,*,うっちん,ウッチン,ウッチン,0/4,*,う[っちん
うっかりでんちゃん,1345,1345,8000,名詞,一般,*,*,*,*,うっかりでんちゃん,ウッカリデンチャン,ウッカリデンチャン,0/8,*,う[っかりでんちヤん
うっかりさん,1345,1345,8000,名詞,一般,*,*,*,*,うっかりさん,ウッカリサン,ウッカリサン,4/6,*,う[っかり]さん
うちむらさん,1350,1350,8000,名詞,固有名詞,人名,姓,*,*,うちむらさん,ウチムラサン,ウチムラサン,0/6,*,う[ちむらさん
うちぼき,1353,1353,8000,名詞,固有名詞,地域,一般,*,*,うちぼき,ウチボキ,ウチボキ,0/4,*,う[ちぼき
うちなんちゅ,1345,1345,8000,名詞,一般,*,*,*,*,うちなんちゅ,ウチナンチュ,ウチナンチュ,0/5,*,う[ちなんち]ユ
うだち,1345,1345,8000,名詞,一般,*,*,*,*,うだち,ウダチ,ウダチ,0/3,*,う[だち
うたまろ,1351,1351,8000,名詞,固有名詞,人名,名,*,*,うたまろ,ウタマロ,ウタマロ,0/4,*,う[たまろ
うたたねひろゆき,1349,1349,8000,名詞,固有名詞,人名,一般,*,*,うたたねひろゆき,ウタタネヒロユキ,ウタタネヒロユキ,6/8,*,う[たたねひろ]ゆき
うたじま,1353,1353,8000,名詞,固有名詞,地域,一般,*,*,うたじま,ウタジマ,ウタジマ,2/4,*,う[た]じま
うたがわひろしげ,1349,1349,8000,名詞,固有名詞,人名,一般,*,*,うたがわひろしげ,ウタガワヒロシゲ,ウタガワヒロシゲ,6/8,*,う[たがわひろ]しげ
うずらーさん,1345,1345,8000,名詞,一般,*,*,*,*,うずらーさん,ウズラーサン,ウズラーサン,4/6,*,う[ずらー]さん
うすははさん,1349,1349,8000,名詞,固有名詞,人名,一般,*,*,うすははさん,ウスハハサン,ウスハハサン,4/6,*,う[すはは]さん
うじうじさ,1345,1345,8000,名詞,一般,*,*,*,*,うじうじさ,ウジウジサ,ウジウジサ,1/5,*,う]じうじさ
うさみみ,1345,1345,8000,名詞,一般,*,*,*,*,うさみみ,ウサミミ,ウサミミ,2/4,*,う[さ]みみ
うさださん,1350,1350,8000,名詞,固有名詞,人名,姓,*,*,うさださん,ウサダサン,ウサダサン,0/5,*,う[さださん
うささん,1345,1345,8000,名詞,一般,*,*,*,*,うささん,ウササン,ウササン,2/4,*,う[さ]さん
うさこちゃん,1351,1351,8000,名詞,固有名詞,人名,名,*,*,うさこちゃん,ウサコチャン,ウサコチャン,3/5,*,う[さこち]ヤん
うさかまくら,1345,1345,8000,名詞,一般,*,*,*,*,うさかまくら,ウサカマクラ,ウサカマクラ,4/6,*,う[さかま]くら
うがらい,1345,1345,8000,名詞,一般,*,*,*,*,うがらい,ウガライ,ウガライ,0/4,*,う[がらい
うかい,1350,1350,8000,名詞,固有名詞,人名,姓,*,*,うかい,ウカイ,ウカイ,1/3,*,う]かい
うえろく,1353,1353,8000,名詞,固有名詞,地域,一般,*,*,うえろく,ウエロク,ウエロク,0/4,*,う[えろく
うえのみく,1349,1349,8000,名詞,固有名詞,人名,一般,*,*,うえのみく,ウエノミク,ウエノミク,3/5,*,う[えの]みく
うえの,1350,1350,8500,名詞,固有名詞,人名,姓,*,*,うえの,ウエノ,ウエノ,0/3,*,う[えの
うえとあや,1349,1349,8000,名詞,固有名詞,人名,一般,*,*,うえとあや,ウエトアヤ,ウエトアヤ,3/5,*,う[えと]あや
うえださん,1350,1350,8000,名詞,固有名詞,人名,姓,*,*,うえださん,ウエダサン,ウエダサン,0/5,*,う[えださん
うえだ,1350,1350,8500,名詞,固有名詞,人名,姓,*,*,うえだ,ウエダ,ウエダ,0/3,*,う[えだ
いんぱく,1345,1345,8000,名詞,一般,*,*,*,*,いんぱく,インパク,インパク,0/4,*,い[んぱく
いんちきさん,1345,1345,8000,名詞,一般,*,*,*,*,いんちきさん,インチキサン,インチキサン,4/6,*,い[んちき]さん
いんちきさ,1345,1345,8500,名詞,一般,*,*,*,*,いんちきさ,インチキサ,インチキサ,3/5,*,い[んち]きさ
いんけつ,1345,1345,8000,名詞,一般,*,*,*,*,いんけつ,インケツ,インケツ,0/4,*,い[んけつ
いわぶ,1353,1353,8000,名詞,固有名詞,地域,一般,*,*,いわぶ,イワブ,イワブ,1/3,*,い]わぶ
いわね,1348,1348,8000,名詞,固有名詞,一般,*,*,*,いわね,イワネ,イワネ,1/3,*,い]わね
いわて,1353,1353,8000,名詞,固有名詞,地域,一般,*,*,いわて,イワテ,イワテ,0/3,*,い[わて
いわさきちひろさん,1349,1349,8000,名詞,固有名詞,人名,一般,*,*,いわさきちひろさん,イワサキチヒロサン,イワサキチヒロサン,7/9,*,い[わさきちひろ]さん
いわきさん,1345,1345,8000,名詞,一般,*,*,*,*,いわきさん,イワキサン,イワキサン,3/5,*,い[わき]さん
いわおちゃん,1351,1351,8000,名詞,固有名詞,人名,名,*,*,いわおちゃん,イワオチャン,イワオチャン,3/5,*,い[わおち]ヤん
いわお,1351,1351,8500,名詞,固有名詞,人名,名,*,*,いわお,イワオ,イワオ,0/3,*,い[わお
いわいたけし,1349,1349,8000,名詞,固有名詞,人名,一般,*,*,いわいたけし,イワイタケシ,イワイタケシ,4/6,*,い[わいた]けし
いろと,1345,1345,8000,名詞,一般,*,*,*,*,いろと,イロト,イロト,0/3,*,い[ろと
いらぶちゃー,1345,1345,8000,名詞,一般,*,*,*,*,いらぶちゃー,イラブチャー,イラブチャー,0/5,*,い[らぶちヤー
いら,1358,1358,10000,名詞,接尾,一般,*,*,*,いら,イラ,イラ,1/2,*,い]ら
いよさん,1351,1351,8000,名詞,固有名詞,人名,名,*,*,いよさん,イヨサン,イヨサン,2/4,*,い[よ]さん
いもあらい,1353,1353,8000,名詞,固有名詞,地域,一般,*,*,いもあらい,イモアライ,イモアライ,3/5,*,い[もあ]らい
いまるちゃん,1351,1351,8000,名詞,固有名詞,人名,名,*,*,いまるちゃん,イマルチャン,イマルチャン,3/5,*,い[まるち]ヤん
いまもり,1350,1350,8000,名詞,固有名詞,人名,姓,*,*,いまもり,イマモリ,イマモリ,2/4,*,い[ま]もり
いまむら,1350,1350,8000,名詞,固有名詞,人名,姓,*,*,いまむら,イマムラ,イマムラ,0/4,*,い[まむら
いはら,1350,1350,8000,名詞,固有名詞,人名,姓,*,*,いはら,イハラ,イハラ,1/3,*,い]はら
いのまたむつみさん,1349,1349,8000,名詞,固有名詞,人名,一般,*,*,いのまたむつみさん,イノマタムツミサン,イノマタムツミサン,7/9,*,い[のまたむつみ]さん
いのまたむつみ,1349,1349,8500,名詞,固有名詞,人名,一般,*,*,いのまたむつみ,イノマタムツミ,イノマタムツミ,5/7,*,い[のまたむ]つみ
いのたに,1348,1348,8000,名詞,固有名詞,一般,*,*,*,いのたに,イノタニ,イノタニ,0/4,*,い[のたに
いのせなおき,1349,1349,8000,名詞,固有名詞,人名,一般,*,*,いのせなおき,イノセナオキ,イノセナオキ,4/6,*,い[のせな]おき
いのい,1350,1350,8000,名詞,固有名詞,人名,姓,*,*,いのい,イノイ,イノイ,0/3,*,い[のい
いなにわ,1353,1353,8000,名詞,固有名詞,地域,一般,*,*,いなにわ,イナニワ,イナニワ,2/4,*,い[な]にわ
いなし,1345,1345,8000,名詞,一般,*,*,*,*,いなし,イナシ,イナシ,0/3,*,い[なし
いなぐ,1345,1345,8000,名詞,一般,*,*,*,*,いなぐ,イナグ,イナグ,1/3,*,い]なぐ
いとばやし,1350,1350,8000,名詞,固有名詞,人名,姓,*,*,いとばやし,イトバヤシ,イトバヤシ,0/5,*,い[とばやし
いとど,1345,1345,8000,名詞,一般,*,*,*,*,いとど,イトド,イトド,1/3,*,い]とど
いとうまいこさん,1349,1349,8000,名詞,固有名詞,人名,一般,*,*,いとうまいこさん,イトウマイコサン,イトウマイコサン,6/8,*,い[とうまいこ]さん
いとうまいこ,1349,1349,8500,名詞,固有名詞,人名,一般,*,*,いとうまいこ,イトウマイコ,イトウマイコ,4/6,*,い[とうま]いこ
いとうせいこうさん,1349,1349,8000,名詞,固有名詞,人名,一般,*,*,いとうせいこうさん,イトウセイコウサン,イトウセイコウサン,7/9,*,い[とうせいこう]さん
いとうせい,1349,1349,8500,名詞,固有名詞,人名,一般,*,*,いとうせい,イトウセイ,イトウセイ,3/5,*,い[とう]せい
いとうかなこさん,1349,1349,8000,名詞,固有名詞,人名,一般,*,*,いとうかなこさん,イトウカナコサン,イトウカナコサン,6/8,*,い[とうかなこ]さん
いとうかなこ,1349,1349,8500,名詞,固有名詞,人名,一般,*,*,いとうかなこ,イトウカナコ,イトウカナコ,4/6,*,い[とうか]なこ
いと,1353,1353,10000,名詞,固有名詞,地域,一般,*,*,いと,イト,イト,1/2,*,い]と
いでは,1353,1353,8000,名詞,固有名詞,地域,一般,*,*,いでは,イデハ,イデハ,0/3,*,い[では
いづろ,1345,1345,8000,名詞,一般,*,*,*,*,いづろ,イヅロ,イヅロ,1/3,*,い]づろ
いづみさん,1351,1351,8000,名詞,固有名詞,人名,名,*,*,いづみさん,イズミサン,イズミサン,3/5,*,い[ずみ]さん
いっそく,1345,1345,8000,名詞,一般,*,*,*,*,いっそく,イッソク,イッソク,0/4,*,い[っそく
いっさん,1349,1349,8000,名詞,固有名詞,人名,一般,*,*,いっさん,イッサン,イッサン,1/4,*,い]っさん
いっけ,1345,1345,8000,名詞,一般,*,*,*,*,いっけ,イッケ,イッケ,1/3,*,い]っけ
いちろうさん,1351,1351,8000,名詞,固有名詞,人名,名,*,*,いちろうさん,イチロウサン,イチロウサン,4/6,*,い[ちろう]さん
いちゃがりがり,1345,1345,8000,名詞,一般,*,*,*,*,いちゃがりがり,イチャガリガリ,イチャガリガリ,4/6,*,い[ちヤがり]がり
いちむら,1350,1350,8000,名詞,固有名詞,人名,姓,*,*,いちむら,イチムラ,イチムラ,0/4,*,い[ちむら
いちじょう,1350,1350,8000,名詞,固有名詞,人名,姓,*,*,いちじょう,イチジョウ,イチジョウ,2/4,*,い[ちじ]ヨう
いちこちゃん,1351,1351,8000,名詞,固有名詞,人名,名,*,*,いちこちゃん,イチコチャン,イチコチャン,3/5,*,い[ちこち]ヤん
いちかわのり,1349,1349,8000,名詞,固有名詞,人名,一般,*,*,いちかわのり,イチカワノリ,イチカワノリ,0/6,*,い[ちかわ[のり
いちかわしんのすけ,1349,1349,8000,名詞,固有名詞,人名,一般,*,*,いちかわしんのすけ,イチカワシンノスケ,イチカワシンノスケ,7/9,*,い[ちかわしんの]すけ
いちかわかめじろう,1349,1349,8000,名詞,固有名詞,人名,一般,*,*,いちかわかめじろう,イチカワカメジロウ,イチカワカメジロウ,7/9,*,い[ちかわかめじ]ろう
いちお,1345,1345,8000,名詞,一般,*,*,*,*,いちお,イチオ,イチオ,0/3,*,い[ちお
いたや,1350,1350,8000,名詞,固有名詞,人名,姓,*,*,いたや,イタヤ,イタヤ,1/3,*,い]たや
いたむ,1345,1345,8000,名詞,一般,*,*,*,*,いたむ,イタム,イタム,0/3,*,い[たむ
いたぶ,1345,1345,8000,名詞,一般,*,*,*,*,いたぶ,イタブ,イタブ,0/3,*,い[たぶ
いたせんぱら,1345,1345,8000,名詞,一般,*,*,*,*,いたせんぱら,イタセンパラ,イタセンパラ,0/6,*,い[たせんぱら
いたずらもん,1345,1345,8000,名詞,一般,*,*,*,*,いたずらもん,イタズラモン,イタズラモン,0/6,*,い[たずらもん
いたこさん,1345,1345,8000,名詞,一般,*,*,*,*,いたこさん,イタコサン,イタコサン,3/5,*,い[たこ]さん
いそのかみ,1350,1350,8000,名詞,固有名詞,人名,姓,*,*,いそのかみ,イソノカミ,イソノカミ,0/5,*,い[そのかみ
いそお,1351,1351,8000,名詞,固有名詞,人名,名,*,*,いそお,イソオ,イソオ,1/3,*,い]そお
いずみ,1350,1350,8000,名詞,固有名詞,人名,姓,*,*,いずみ,イズミ,イズミ,0/3,*,い[ずみ
いず,1353,1353,10000,名詞,固有名詞,地域,一般,*,*,いず,イズ,イズ,1/2,*,い]ず
いすず,1348,1348,8000,名詞,固有名詞,一般,*,*,*,いすず,イスズ,イスズ,1/3,*,い]すず
いしん,1348,1348,8000,名詞,固有名詞,一般,*,*,*,いしん,イシン,イシン,0/3,*,い[しん
いしわたりこうぞう,1349,1349,8000,名詞,固有名詞,人名,一般,*,*,いしわたりこうぞう,イシワタリコウゾウ,イシワタリコウゾウ,7/9,*,い[しわたりこう]ぞう
いしはらみのる,1349,1349,8000,名詞,固有名詞,人名,一般,*,*,いしはらみのる,イシハラミノル,イシハラミノル,5/7,*,い[しはらみ]のる
いしづち,1353,1353,8000,名詞,固有名詞,地域,一般,*,*,いしづち,イシヅチ,イシヅチ,2/4,*,い[し]づち
いしち,1351,1351,8000,名詞,固有名詞,人名,名,*,*,いしち,イシチ,イシチ,0/3,*,い[しち
いしだみつ,1349,1349,8000,名詞,固有名詞,人名,一般,*,*,いしだみつ,イシダミツ,イシダミツ,3/5,*,い[しだ]みつ
いしだかずひこ,1349,1349,8000,名詞,固有名詞,人名,一般,*,*,いしだかずひこ,イシダカズヒコ,イシダカズヒコ,5/7,*,い[しだかず]ひこ
いしだあゆみさん,1349,1349,8000,名詞,固有名詞,人名,一般,*,*,いしだあゆみさん,イシダアユミサン,イシダアユミサン,6/8,*,い[しだあゆみ]さん
いしかわりょう,1349,1349,8000,名詞,固有名詞,人名,一般,*,*,いしかわりょう,イシカワリョウ,イシカワリョウ,4/6,*,い[しかわり]ヨう
いしかわじゅん,1349,1349,8000,名詞,固有名詞,人名,一般,*,*,いしかわじゅん,イシカワジュン,イシカワジュン,0/6,*,い[しかわじ[ユん
いしかわさん,1350,1350,8000,名詞,固有名詞,人名,姓,*,*,いしかわさん,イシカワサン,イシカワサン,4/6,*,い[しかわ]さん
いしかわさとみ,1349,1349,8000,名詞,固有名詞,人名,一般,*,*,いしかわさとみ,イシカワサトミ,イシカワサトミ,5/7,*,い[しかわさ]とみ
いしかわごえもん,1349,1349,8000,名詞,固有名詞,人名,一般,*,*,いしかわごえもん,イシカワゴエモン,イシカワゴエモン,6/8,*,い[しかわごえ]もん
いしかり,1353,1353,8000,名詞,固有名詞,地域,一般,*,*,いしかり,イシカリ,イシカリ,0/4,*,い[しかり
いしいももこ,1349,1349,8000,名詞,固有名詞,人名,一般,*,*,いしいももこ,イシイモモコ,イシイモモコ,4/6,*,い[しいも]もこ
いさむ,1351,1351,8000,名詞,固有名詞,人名,名,*,*,いさむ,イサム,イサム,0/3,*,い[さむ
いさみや,1349,1349,8000,名詞,固有名詞,人名,一般,*,*,いさみや,イサミヤ,イサミヤ,2/4,*,い[さ]みや
いさみ,1351,1351,8500,名詞,固有名詞,人名,名,*,*,いさみ,イサミ,イサミ,0/3,*,い[さみ
いさぶろう,1351,1351,8000,名詞,固有名詞,人名,名,*,*,いさぶろう,イサブロウ,イサブロウ,3/5,*,い[さぶ]ろう
いさひろし,1349,1349,8000,名詞,固有名詞,人名,一般,*,*,いさひろし,イサヒロシ,イサヒロシ,3/5,*,い[さひ]ろし
いさくさ,1351,1351,8000,名詞,固有名詞,人名,名,*,*,いさくさ,イサクサ,イサクサ,0/4,*,い[さくさ
いさか,1350,1350,8000,名詞,固有名詞,人名,姓,*,*,いさか,イサカ,イサカ,1/3,*,い]さか
いさお,1351,1351,8000,名詞,固有名詞,人名,名,*,*,いさお,イサオ,イサオ,0/3,*,い[さお
いごねり,1345,1345,8000,名詞,一般,*,*,*,*,いごねり,イゴネリ,イゴネリ,0/4,*,い[ごねり
いごっそ,1345,1345,8000,名詞,一般,*,*,*,*,いごっそ,イゴッソ,イゴッソ,1/4,*,い[ご]っそ
いけふくろう,1348,1348,8000,名詞,固有名詞,一般,*,*,*,いけふくろう,イケフクロウ,イケフクロウ,0/6,*,い[けふくろう
いけうちさん,1348,1348,8000,名詞,固有名詞,一般,*,*,*,いけうちさん,イケウチサン,イケウチサン,4/6,*,い[けうち]さん
いけうち,1348,1348,8500,名詞,固有名詞,一般,*,*,*,いけうち,イケウチ,イケウチ,0/4,*,い[けうち
いぐら,1345,1345,8000,名詞,一般,*,*,*,*,いぐら,イグラ,イグラ,1/3,*,い]ぐら
いぐさ,1351,1351,8000,名詞,固有名詞,人名,名,*,*,いぐさ,イグサ,イグサ,1/3,*,い]ぐさ
いくり,1345,1345,8000,名詞,一般,*,*,*,*,いくり,イクリ,イクリ,1/3,*,い]くり
いくよ,1351,1351,8000,名詞,固有名詞,人名,名,*,*,いくよ,イクヨ,イクヨ,0/3,*,い[くよ
いくのちゃん,1351,1351,8000,名詞,固有名詞,人名,名,*,*,いくのちゃん,イクノチャン,イクノチャン,0/5,*,い[くのちヤん
いくお,1351,1351,8000,名詞,固有名詞,人名,名,*,*,いくお,イクオ,イクオ,0/3,*,い[くお
いぎりす,1349,1349,8000,名詞,固有名詞,地域,国,*,*,いぎりす,イギリス,イギリス,0/4,*,い[ぎりす
いきれ,1345,1345,8000,名詞,一般,*,*,*,*,いきれ,イキレ,イキレ,0/3,*,い[きれ
いきり,1345,1345,8000,名詞,一般,*,*,*,*,いきり,イキリ,イキリ,0/3,*,い[きり
いがわ,1350,1350,8000,名詞,固有名詞,人名,姓,*,*,いがわ,イガワ,イガワ,0/3,*,い[がわ
いがらしゆみこさん,1349,1349,8000,名詞,固有名詞,人名,一般,*,*,いがらしゆみこさん,イガラシユミコサン,イガラシユミコサン,7/9,*,い[がらしゆみこ]さん
いがらしみきお,1349,1349,8000,名詞,固有名詞,人名,一般,*,*,いがらしみきお,イガラシミキオ,イガラシミキオ,5/7,*,い[がらしみ]きお
いかるが,1353,1353,8000,名詞,固有名詞,地域,一般,*,*,いかるが,イカルガ,イカルガ,2/4,*,い[か]るが
いかりや,1350,1350,8000,名詞,固有名詞,人名,姓,*,*,いかりや,イカリヤ,イカリヤ,2/4,*,い[か]りや
いかど,1345,1345,8000,名詞,一般,*,*,*,*,いかど,イカド,イカド,0/3,*,い[かど
いいじま,1350,1350,8000,名詞,固有名詞,人名,姓,*,*,いいじま,イイジマ,イイジマ,0/4,*,い[いじま
あーどうだ,1345,1345,8000,名詞,一般,*,*,*,*,あーどうだ,アードウダ,アードウダ,0/5,*,あ[ーどうだ
あーさん,1345,1345,8000,名詞,一般,*,*,*,*,あーさん,アーサン,アーサン,0/4,*,あ[ーさん
あんびるやすこ,1349,1349,8000,名詞,固有名詞,人名,一般,*,*,あんびるやすこ,アンビルヤスコ,アンビルヤスコ,5/7,*,あ[んびるや]すこ
あんね,1349,1349,8000,名詞,固有名詞,人名,一般,*,*,あんね,アンネ,アンネ,0/3,*,あ[んね
あんなん,1353,1353,8000,名詞,固有名詞,地域,一般,*,*,あんなん,アンナン,アンナン,2/4,*,あ[ん]なん
あんな,1351,1351,8500,名詞,固有名詞,人名,名,*,*,あんな,アンナ,アンナ,0/3,*,あ[んな
あんどうのり,1349,1349,8000,名詞,固有名詞,人名,一般,*,*,あんどうのり,アンドウノリ,アンドウノリ,0/6,*,あ[んどう[のり
あんたこないだ,1345,1345,8000,名詞,一般,*,*,*,*,あんたこないだ,アンタコナイダ,アンタコナイダ,5/7,*,あ[んたこな]いだ
あをやま,1353,1353,8000,名詞,固有名詞,地域,一般,*,*,あをやま,アオヤマ,アオヤマ,0/4,*,あ[おやま
あわら,1353,1353,8000,名詞,固有名詞,地域,一般,*,*,あわら,アワラ,アワラ,1/3,*,あ]わら
あわかずさ,1345,1345,8000,名詞,一般,*,*,*,*,あわかずさ,アワカズサ,アワカズサ,3/5,*,あ[わか]ずさ
あるゆ,1349,1349,8000,名詞,固有名詞,人名,一般,*,*,あるゆ,アルユ,アルユ,1/3,*,あ]るゆ
あるぷす,1353,1353,8000,名詞,固有名詞,地域,一般,*,*,あるぷす,アルプス,アルプス,0/4,*,あ[るぷす
ありもとさん,1350,1350,8000,名詞,固有名詞,人名,姓,*,*,ありもとさん,アリモトサン,アリモトサン,0/6,*,あ[りもとさん
ありす,1349,1349,8000,名詞,固有名詞,人名,一般,*,*,ありす,アリス,アリス,0/3,*,あ[りす
ありさ,1351,1351,8000,名詞,固有名詞,人名,名,*,*,ありさ,アリサ,アリサ,1/3,*,あ]りさ
あららさん,1345,1345,8000,名詞,一般,*,*,*,*,あららさん,アララサン,アララサン,0/5,*,あ[ららさん
あらびあ,1353,1353,8000,名詞,固有名詞,地域,一般,*,*,あらびあ,アラビア,アラビア,0/4,*,あ[らびあ
あらぐすく,1353,1353,8000,名詞,固有名詞,地域,一般,*,*,あらぐすく,アラグスク,アラグスク,3/5,*,あ[らぐ]すく
あらきゆうこ,1349,1349,8000,名詞,固有名詞,人名,一般,*,*,あらきゆうこ,アラキユウコ,アラキユウコ,1/6,*,あ]らきゆ]うこ
あらきあいこ,1349,1349,8000,名詞,固有名詞,人名,一般,*,*,あらきあいこ,アラキアイコ,アラキアイコ,1/6,*,あ]らきあ]いこ
あらかき,1350,1350,8000,名詞,固有名詞,人名,姓,*,*,あらかき,アラカキ,アラカキ,2/4,*,あ[ら]かき
あらい,1350,1350,8000,名詞,固有名詞,人名,姓,*,*,あらい,アライ,アライ,0/3,*,あ[らい
あゆり,1351,1351,8000,名詞,固有名詞,人名,名,*,*,あゆり,アユリ,アユリ,1/3,*,あ]ゆり
あゆみちゃーん,1351,1351,8000,名詞,固有名詞,人名,名,*,*,あゆみちゃーん,アユミチャーン,アユミチャーン,3/6,*,あ[ゆみちヤ]ーん
あゆちゃんごっこ,1345,1345,8000,名詞,一般,*,*,*,*,あゆちゃんごっこ,アユチャンゴッコ,アユチャンゴッコ,5/7,*,あ[ゆちヤんご]っこ
あゆちゃん,1351,1351,8500,名詞,固有名詞,人名,名,*,*,あゆちゃん,アユチャン,アユチャン,2/4,*,あ[ゆち]ヤん
あゆかい,1353,1353,8000,名詞,固有名詞,地域,一般,*,*,あゆかい,アユカイ,アユカイ,0/4,*,あ[ゆかい
あややおた,1345,1345,8000,名詞,一般,*,*,*,*,あややおた,アヤヤオタ,アヤヤオタ,0/5,*,あ[ややおた
あやべ,1353,1353,8000,名詞,固有名詞,地域,一般,*,*,あやべ,アヤベ,アヤベ,1/3,*,あ]やべ
あやのちゃん,1351,1351,8000,名詞,固有名詞,人名,名,*,*,あやのちゃん,アヤノチャン,アヤノチャン,3/5,*,あ[やのち]ヤん
あやのさん,1351,1351,8000,名詞,固有名詞,人名,名,*,*,あやのさん,アヤノサン,アヤノサン,3/5,*,あ[やの]さん
あやのこ,1351,1351,8000,名詞,固有名詞,人名,名,*,*,あやのこ,アヤノコ,アヤノコ,2/4,*,あ[や]のこ
あやね,1348,1348,8000,名詞,固有名詞,一般,*,*,*,あやね,アヤネ,アヤネ,0/3,*,あ[やね
あやたん,1351,1351,8000,名詞,固有名詞,人名,名,*,*,あやたん,アヤタン,アヤタン,2/4,*,あ[や]たん
あやごろも,1345,1345,8000,名詞,一般,*,*,*,*,あやごろも,アヤゴロモ,アヤゴロモ,0/5,*,あ[やごろも
あやかちゃん,1351,1351,8000,名詞,固有名詞,人名,名,*,*,あやかちゃん,アヤカチャン,アヤカチャン,3/5,*,あ[やかち]ヤん
あやあやさん,1351,1351,8000,名詞,固有名詞,人名,名,*,*,あやあやさん,アヤアヤサン,アヤアヤサン,4/6,*,あ[やあや]さん
あもり,1353,1353,8000,名詞,固有名詞,地域,一般,*,*,あもり,アモリ,アモリ,1/3,*,あ]もり
あめりか,1349,1349,8000,名詞,固有名詞,地域,国,*,*,あめりか,アメリカ,アメリカ,0/4,*,あ[めりか
あみちゃん,1351,1351,8000,名詞,固有名詞,人名,名,*,*,あみちゃん,アミチャン,アミチャン,2/4,*,あ[みち]ヤん
あみさん,1351,1351,8000,名詞,固有名詞,人名,名,*,*,あみさん,アミサン,アミサン,2/4,*,あ[み]さん
あみこ,1345,1345,8000,名詞,一般,*,*,*,*,あみこ,アミコ,アミコ,0/3,*,あ[みこ
あみぐるみ,1351,1351,8000,名詞,固有名詞,人名,名,*,*,あみぐるみ,アミグルミ,アミグルミ,3/5,*,あ[みぐ]るみ
あみあみさん,1351,1351,8000,名詞,固有名詞,人名,名,*,*,あみあみさん,アミアミサン,アミアミサン,4/6,*,あ[みあみ]さん
あみあみ,1349,1349,8500,名詞,固有名詞,人名,一般,*,*,あみあみ,アミアミ,アミアミ,0/4,*,あ[みあみ
あまんきみこさん,1349,1349,8000,名詞,固有名詞,人名,一般,*,*,あまんきみこさん,アマンキミコサン,アマンキミコサン,6/8,*,あ[まんきみこ]さん
あまん,1350,1350,8500,名詞,固有名詞,人名,姓,*,*,あまん,アマン,アマン,1/3,*,あ]まん
あまもと,1350,1350,8000,名詞,固有名詞,人名,姓,*,*,あまもと,アマモト,アマモト,0/4,*,あ[まもと
あまひこ,1345,1345,8000,名詞,一般,*,*,*,*,あまひこ,アマヒコ,アマヒコ,2/4,*,あ[ま]ひこ
あまのてんがい,1349,1349,8000,名詞,固有名詞,人名,一般,*,*,あまのてんがい,アマノテンガイ,アマノテンガイ,5/7,*,あ[まのてん]がい
あまのうずめ,1349,1349,8000,名詞,固有名詞,人名,一般,*,*,あまのうずめ,アマノウズメ,アマノウズメ,1/6,*,あ]まのうずめ
あまの,1350,1350,8500,名詞,固有名詞,人名,姓,*,*,あまの,アマノ,アマノ,1/3,*,あ]まの
あまね,1350,1350,8000,名詞,固有名詞,人名,姓,*,*,あまね,アマネ,アマネ,0/3,*,あ[まね
あまつぼ,1348,1348,8000,名詞,固有名詞,一般,*,*,*,あまつぼ,アマツボ,アマツボ,0/4,*,あ[まつぼ
あまぎ,1353,1353,8000,名詞,固有名詞,地域,一般,*,*,あまぎ,アマギ,アマギ,1/3,*,あ]まぎ
あまがみ,1350,1350,8000,名詞,固有名詞,人名,姓,*,*,あまがみ,アマガミ,アマガミ,0/4,*,あ[まがみ
あまがいけ,1353,1353,8000,名詞,固有名詞,地域,一般,*,*,あまがいけ,アマガイケ,アマガイケ,0/5,*,あ[まがいけ
あま,1349,1349,10000,名詞,固有名詞,人名,一般,*,*,あま,アマ,アマ,1/2,*,あ]ま
あべのりふみ,1349,1349,8000,名詞,固有名詞,人名,一般,*,*,あべのりふみ,アベノリフミ,アベノリフミ,4/6,*,あ[べのり]ふみ
あべの,1353,1353,8500,名詞,固有名詞,地域,一般,*,*,あべの,アベノ,アベノ,0/3,*,あ[べの
あべじゅん,1349,1349,8000,名詞,固有名詞,人名,一般,*,*,あべじゅん,アベジュン,アベジュン,2/4,*,あ[べじユ]ん
あべ,1353,1353,10000,名詞,固有名詞,地域,一般,*,*,あべ,アベ,アベ,1/2,*,あ]べ
あぶぶ,1349,1349,8000,名詞,固有名詞,人名,一般,*,*,あぶぶ,アブブ,アブブ,1/3,*,あ]ぶぶ
あぶあぶあ,1348,1348,8000,名詞,固有名詞,一般,*,*,*,あぶあぶあ,アブアブア,アブアブア,0/5,*,あ[ぶあぶあ
あぶ,1349,1349,10000,名詞,固有名詞,人名,一般,*,*,あぶ,アブ,アブ,1/2,*,あ]ぶ
あばちゃん,1345,1345,8000,名詞,一般,*,*,*,*,あばちゃん,アバチャン,アバチャン,2/4,*,あ[ばち]ヤん
あなんだ,1349,1349,8000,名詞,固有名詞,人名,一般,*,*,あなんだ,アナンダ,アナンダ,0/4,*,あ[なんだ
あなぜ,1345,1345,8000,名詞,一般,*,*,*,*,あなぜ,アナゼ,アナゼ,0/3,*,あ[なぜ
あない,1350,1350,8000,名詞,固有名詞,人名,姓,*,*,あない,アナイ,アナイ,0/3,*,あ[ない
あどさん,1345,1345,8000,名詞,一般,*,*,*,*,あどさん,アドサン,アドサン,2/4,*,あ[ど]さん
あづみふじ,1353,1353,8000,名詞,固有名詞,地域,一般,*,*,あづみふじ,アヅミフジ,アヅミフジ,3/5,*,あ[づみ]ふじ
あづさ,1351,1351,8000,名詞,固有名詞,人名,名,*,*,あづさ,アズサ,アズサ,1/3,*,あ]ずさ
あつみちゃん,1348,1348,8000,名詞,固有名詞,一般,*,*,*,あつみちゃん,アツミチャン,アツミチャン,3/5,*,あ[つみち]ヤん
あつしさん,1351,1351,8000,名詞,固有名詞,人名,名,*,*,あつしさん,アツシサン,アツシサン,3/5,*,あ[つし]さん
あつこさん,1351,1351,8000,名詞,固有名詞,人名,名,*,*,あつこさん,アツコサン,アツコサン,3/5,*,あ[つこ]さん
あっぱい,1345,1345,8000,名詞,一般,*,*,*,*,あっぱい,アッパイ,アッパイ,1/4,*,あ]っぱい
あっちさ,1345,1345,8000,名詞,一般,*,*,*,*,あっちさ,アッチサ,アッチサ,0/4,*,あ[っちさ
あっさん,1349,1349,8000,名詞,固有名詞,人名,一般,*,*,あっさん,アッサン,アッサン,1/4,*,あ]っさん
あちゃ,1349,1349,8000,名詞,固有名詞,人名,一般,*,*,あちゃ,アチャ,アチャ,1/2,*,あ]ちヤ
あちこちさ,1345,1345,8000,名詞,一般,*,*,*,*,あちこちさ,アチコチサ,アチコチサ,0/5,*,あ[ちこちさ
あだちなみさん,1349,1349,8000,名詞,固有名詞,人名,一般,*,*,あだちなみさん,アダチナミサン,アダチナミサン,5/7,*,あ[だちなみ]さん
あだちなみ,1349,1349,8500,名詞,固有名詞,人名,一般,*,*,あだちなみ,アダチナミ,アダチナミ,3/5,*,あ[だち]なみ
あだち,1350,1350,9000,名詞,固有名詞,人名,姓,*,*,あだち,アダチ,アダチ,0/3,*,あ[だち
あだたら,1353,1353,8000,名詞,固有名詞,地域,一般,*,*,あだたら,アダタラ,アダタラ,0/4,*,あ[だたら
あたぼう,1345,1345,8000,名詞,一般,*,*,*,*,あたぼう,アタボウ,アタボウ,0/4,*,あ[たぼう
あぜみ,1345,1345,8000,名詞,一般,*,*,*,*,あぜみ,アゼミ,アゼミ,0/3,*,あ[ぜみ
あぜくらやま,1345,1345,8000,名詞,一般,*,*,*,*,あぜくらやま,アゼクラヤマ,アゼクラヤマ,0/6,*,あ[ぜくらやま
あぜくら,1350,1350,8500,名詞,固有名詞,人名,姓,*,*,あぜくら,アゼクラ,アゼクラ,0/4,*,あ[ぜくら
あせみ,1345,1345,8000,名詞,一般,*,*,*,*,あせみ,アセミ,アセミ,0/3,*,あ[せみ
あせぼ,1345,1345,8000,名詞,一般,*,*,*,*,あせぼ,アセボ,アセボ,2/3,*,あ[せ]ぼ
あずみのいそら,1348,1348,8000,名詞,固有名詞,一般,*,*,*,あずみのいそら,アズミノイソラ,アズミノイソラ,5/7,*,あ[ずみのい]そら
あずみの,1350,1350,8500,名詞,固有名詞,人名,姓,*,*,あずみの,アズミノ,アズミノ,0/4,*,あ[ずみの
あずみちゃん,1351,1351,8000,名詞,固有名詞,人名,名,*,*,あずみちゃん,アズミチャン,アズミチャン,3/5,*,あ[ずみち]ヤん
あずまきよひこ,1349,1349,8000,名詞,固有名詞,人名,一般,*,*,あずまきよひこ,アズマキヨヒコ,アズマキヨヒコ,5/7,*,あ[ずまきよ]ひこ
あずさみちよ,1349,1349,8000,名詞,固有名詞,人名,一般,*,*,あずさみちよ,アズサミチヨ,アズサミチヨ,1/6,*,あ]ずさみ]ちよ
あずさちゃん,1351,1351,8000,名詞,固有名詞,人名,名,*,*,あずさちゃん,アズサチャン,アズサチャン,3/5,*,あ[ずさち]ヤん
あすみん,1348,1348,8000,名詞,固有名詞,一般,*,*,*,あすみん,アスミン,アスミン,0/4,*,あ[すみん
あすなひろし,1349,1349,8000,名詞,固有名詞,人名,一般,*,*,あすなひろし,アスナヒロシ,アスナヒロシ,4/6,*,あ[すなひ]ろし
あすかちゃん,1348,1348,8000,名詞,固有名詞,一般,*,*,*,あすかちゃん,アスカチャン,アスカチャン,3/5,*,あ[すかち]ヤん
あすかさん,1351,1351,8000,名詞,固有名詞,人名,名,*,*,あすかさん,アスカサン,アスカサン,3/5,*,あ[すか]さん
あじがうら,1353,1353,8000,名詞,固有名詞,地域,一般,*,*,あじがうら,アジガウラ,アジガウラ,0/5,*,あ[じがうら
あしばあ,1345,1345,8000,名詞,一般,*,*,*,*,あしばあ,アシバア,アシバア,0/4,*,あ[しばあ
あしがら,1353,1353,8000,名詞,固有名詞,地域,一般,*,*,あしがら,アシガラ,アシガラ,0/4,*,あ[しがら
あしかがよしみつ,1349,1349,8000,名詞,固有名詞,人名,一般,*,*,あしかがよしみつ,アシカガヨシミツ,アシカガヨシミツ,6/8,*,あ[しかがよし]みつ
あしかがたかうじ,1349,1349,8000,名詞,固有名詞,人名,一般,*,*,あしかがたかうじ,アシカガタカウジ,アシカガタカウジ,6/8,*,あ[しかがたか]うじ
あさまさん,1353,1353,8000,名詞,固有名詞,地域,一般,*,*,あさまさん,アサマサン,アサマサン,0/5,*,あ[さまさん
あさひなりのあ,1349,1349,8000,名詞,固有名詞,人名,一般,*,*,あさひなりのあ,アサヒナリノア,アサヒナリノア,6/7,*,あ[さひな[り]のあ
あさのりじ,1349,1349,8000,名詞,固有名詞,人名,一般,*,*,あさのりじ,アサノリジ,アサノリジ,3/5,*,あ[さの]りじ
あさのしげる,1349,1349,8000,名詞,固有名詞,人名,一般,*,*,あさのしげる,アサノシゲル,アサノシゲル,4/6,*,あ[さのし]げる
あさのさん,1350,1350,8000,名詞,固有名詞,人名,姓,*,*,あさのさん,アサノサン,アサノサン,3/5,*,あ[さの]さん
あさのあい,1349,1349,8000,名詞,固有名詞,人名,一般,*,*,あさのあい,アサノアイ,アサノアイ,3/5,*,あ[さの]あい
あさちゃん,1351,1351,8000,名詞,固有名詞,人名,名,*,*,あさちゃん,アサチャン,アサチャン,2/4,*,あ[さち]ヤん
あさしょうりゅう,1349,1349,8000,名詞,固有名詞,人名,一般,*,*,あさしょうりゅう,アサショウリュウ,アサショウリュウ,0/6,*,あ[さしヨうりユう
あささん,1351,1351,8000,名詞,固有名詞,人名,名,*,*,あささん,アササン,アササン,2/4,*,あ[さ]さん
あさこさん,1351,1351,8000,名詞,固有名詞,人名,名,*,*,あさこさん,アサコサン,アサコサン,3/5,*,あ[さこ]さん
あさこ,1351,1351,8500,名詞,固有名詞,人名,名,*,*,あさこ,アサコ,アサコ,1/3,*,あ]さこ
あさくらみつこ,1349,1349,8000,名詞,固有名詞,人名,一般,*,*,あさくらみつこ,アサクラミツコ,アサクラミツコ,5/7,*,あ[さくらみ]つこ
あさくら,1350,1350,8500,名詞,固有名詞,人名,姓,*,*,あさくら,アサクラ,アサクラ,0/4,*,あ[さくら
あさうちけんこう,1349,1349,8000,名詞,固有名詞,人名,一般,*,*,あさうちけんこう,アサウチケンコウ,アサウチケンコウ,6/8,*,あ[さうちけん]こう
あげまつ,1353,1353,8000,名詞,固有名詞,地域,一般,*,*,あげまつ,アゲマツ,アゲマツ,0/4,*,あ[げまつ
あけみさん,1351,1351,8000,名詞,固有名詞,人名,名,*,*,あけみさん,アケミサン,アケミサン,3/5,*,あ[けみ]さん
あぐー,1345,1345,8000,名詞,一般,*,*,*,*,あぐー,アグー,アグー,2/3,*,あ[ぐ]ー
あぐりちゃん,1351,1351,8000,名詞,固有名詞,人名,名,*,*,あぐりちゃん,アグリチャン,アグリチャン,3/5,*,あ[ぐりち]ヤん
あくまちゃん,1351,1351,8000,名詞,固有名詞,人名,名,*,*,あくまちゃん,アクマチャン,アクマチャン,3/5,*,あ[くまち]ヤん
あくま,1351,1351,8500,名詞,固有名詞,人名,名,*,*,あくま,アクマ,アクマ,1/3,*,あ]くま
あくどさ,1345,1345,8000,名詞,一般,*,*,*,*,あくどさ,アクドサ,アクドサ,0/4,*,あ[くどさ
あぎなるど,1349,1349,8000,名詞,固有名詞,人名,一般,*,*,あぎなるど,アギナルド,アギナルド,0/5,*,あ[ぎなるど
あきよし,1351,1351,8000,名詞,固有名詞,人名,名,*,*,あきよし,アキヨシ,アキヨシ,0/4,*,あ[きよし
あきやま,1350,1350,8000,名詞,固有名詞,人名,姓,*,*,あきやま,アキヤマ,アキヤマ,0/4,*,あ[きやま
あきもとせつこ,1349,1349,8000,名詞,固有名詞,人名,一般,*,*,あきもとせつこ,アキモトセツコ,アキモトセツコ,5/7,*,あ[きもとせ]つこ
あきもとじゅんこ,1349,1349,8000,名詞,固有名詞,人名,一般,*,*,あきもとじゅんこ,アキモトジュンコ,アキモトジュンコ,4/7,*,あ[きもとじユ]んこ
あきむらさん,1350,1350,8000,名詞,固有名詞,人名,姓,*,*,あきむらさん,アキムラサン,アキムラサン,0/6,*,あ[きむらさん
あきふみ,1351,1351,8000,名詞,固有名詞,人名,名,*,*,あきふみ,アキフミ,アキフミ,0/4,*,あ[きふみ
あきひろ,1351,1351,8000,名詞,固有名詞,人名,名,*,*,あきひろ,アキヒロ,アキヒロ,2/4,*,あ[き]ひろ
あきひと,1351,1351,8000,名詞,固有名詞,人名,名,*,*,あきひと,アキヒト,アキヒト,2/4,*,あ[き]ひと
あきのぶ,1351,1351,8000,名詞,固有名詞,人名,名,*,*,あきのぶ,アキノブ,アキノブ,0/4,*,あ[きのぶ
あきなり,1351,1351,8000,名詞,固有名詞,人名,名,*,*,あきなり,アキナリ,アキナリ,0/4,*,あ[きなり
あきたか,1351,1351,8000,名詞,固有名詞,人名,名,*,*,あきたか,アキタカ,アキタカ,0/4,*,あ[きたか
あきすけ,1351,1351,8000,名詞,固有名詞,人名,名,*,*,あきすけ,アキスケ,アキスケ,0/4,*,あ[きすけ
あきしん,1349,1349,8000,名詞,固有名詞,人名,一般,*,*,あきしん,アキシン,アキシン,2/4,*,あ[き]しん
あきこさん,1351,1351,8000,名詞,固有名詞,人名,名,*,*,あきこさん,アキコサン,アキコサン,3/5,*,あ[きこ]さん
あきう,1353,1353,8000,名詞,固有名詞,地域,一般,*,*,あきう,アキウ,アキウ,0/3,*,あ[きう
あかほりさとるさん,1349,1349,8000,名詞,固有名詞,人名,一般,*,*,あかほりさとるさん,アカホリサトルサン,アカホリサトルサン,7/9,*,あ[かほりさとる]さん
あかほりさとる,1349,1349,8500,名詞,固有名詞,人名,一般,*,*,あかほりさとる,アカホリサトル,アカホリサトル,5/7,*,あ[かほりさ]とる
あかほし,1350,1350,8000,名詞,固有名詞,人名,姓,*,*,あかほし,アカホシ,アカホシ,2/4,*,あ[か]ほし
あかね,1351,1351,8000,名詞,固有名詞,人名,名,*,*,あかね,アカネ,アカネ,0/3,*,あ[かね
あかにし,1350,1350,8000,名詞,固有名詞,人名,姓,*,*,あかにし,アカニシ,アカニシ,2/4,*,あ[か]にし
あかどこ,1345,1345,8000,名詞,一般,*,*,*,*,あかどこ,アカドコ,アカドコ,0/4,*,あ[かどこ
あかつぶ,1345,1345,8000,名詞,一般,*,*,*,*,あかつぶ,アカツブ,アカツブ,0/4,*,あ[かつぶ
あかた,1350,1350,8000,名詞,固有名詞,人名,姓,*,*,あかた,アカタ,アカタ,0/3,*,あ[かた
あかすけ,1349,1349,8000,名詞,固有名詞,人名,一般,*,*,あかすけ,アカスケ,アカスケ,0/4,*,あ[かすけ
あかしやさんま,1349,1349,8000,名詞,固有名詞,人名,一般,*,*,あかしやさんま,アカシヤサンマ,アカシヤサンマ,5/7,*,あ[かしやさ]んま
あかぎゅう,1345,1345,8000,名詞,一般,*,*,*,*,あかぎゅう,アカギュウ,アカギュウ,2/4,*,あ[かぎ]ユう
あおとう,1345,1345,8000,名詞,一般,*,*,*,*,あおとう,アオトウ,アオトウ,0/4,*,あ[おとう
あおつぶ,1345,1345,8000,名詞,一般,*,*,*,*,あおつぶ,アオツブ,アオツブ,0/4,*,あ[おつぶ
あおたん,1349,1349,8000,名詞,固有名詞,人名,一般,*,*,あおたん,アオタン,アオタン,2/4,*,あ[お]たん
あおきり,1345,1345,8000,名詞,一般,*,*,*,*,あおきり,アオキリ,アオキリ,0/4,*,あ[おきり
あおいれびんさん,1349,1349,8000,名詞,固有名詞,人名,一般,*,*,あおいれびんさん,アオイレビンサン,アオイレビンサン,6/8,*,あ[おいれびん]さん
あおいよしこ,1349,1349,8000,名詞,固有名詞,人名,一般,*,*,あおいよしこ,アオイヨシコ,アオイヨシコ,4/6,*,あ[おいよ]しこ
あおいちゃん,1351,1351,8000,名詞,固有名詞,人名,名,*,*,あおいちゃん,アオイチャン,アオイチャン,3/5,*,あ[おいち]ヤん
あおいあさん,1349,1349,8000,名詞,固有名詞,人名,一般,*,*,あおいあさん,アオイアサン,アオイアサン,0/6,*,あ[おいあさん
あお,1351,1351,10000,名詞,固有名詞,人名,名,*,*,あお,アオ,アオ,1/2,*,あ]お
あいれふ,1348,1348,8000,名詞,固有名詞,一般,*,*,*,あいれふ,アイレフ,アイレフ,0/4,*,あ[いれふ
あいりさあん,1351,1351,8000,名詞,固有名詞,人名,名,*,*,あいりさあん,アイリサアン,アイリサアン,4/6,*,あ[いりさ]あん
あいぶさきさん,1349,1349,8000,名詞,固有名詞,人名,一般,*,*,あいぶさきさん,アイブサキサン,アイブサキサン,5/7,*,あ[いぶさき]さん
あいぶ,1350,1350,8500,名詞,固有名詞,人名,姓,*,*,あいぶ,アイブ,アイブ,0/3,*,あ[いぶ
あいはらひろゆきさん,1349,1349,8000,名詞,固有名詞,人名,一般,*,*,あいはらひろゆきさん,アイハラヒロユキサン,アイハラヒロユキサン,8/10,*,あ[いはらひろゆき]さん
あいはら,1353,1353,8500,名詞,固有名詞,地域,一般,*,*,あいはら,アイハラ,アイハラ,0/4,*,あ[いはら
あいづっこ,1345,1345,8000,名詞,一般,*,*,*,*,あいづっこ,アイヅッコ,アイヅッコ,2/5,*,あ[いづ]っこ
あいちゃん,1348,1348,8000,名詞,固有名詞,一般,*,*,*,あいちゃん,アイチャン,アイチャン,2/4,*,あ[いち]ヤん
あいざっく,1349,1349,8000,名詞,固有名詞,人名,一般,*,*,あいざっく,アイザック,アイザック,2/5,*,あ[いざ]っく
あいこさん,1351,1351,8000,名詞,固有名詞,人名,名,*,*,あいこさん,アイコサン,アイコサン,3/5,*,あ[いこ]さん
あいか,1351,1351,8000,名詞,固有名詞,人名,名,*,*,あいか,アイカ,アイカ,1/3,*,あ]いか